,
          0,
          0,
          0,
          0,
          4,
          4,
          14,
          14,
          6,
          14,
          16,
          14,
          18,
          2,
          16,
          14,
          10,
          6,
          16,
          12,
          29,
          7,
          20,
          10,
          17,
          10,
          0,
          0,
          0,
          0,
          0,
          0,
          0,
          0,
          0,
          0,
          0,
          0,
          6,
          8,
          0,
          0,
          6,
          6,
          0,
          0,
          6,
          6,
          0,
          0,
          4,
          2,
          0,
          0,
          0,
          0,
          0,
          0,
          0,
          0,
          0,
          0,
          0,
          0,
          0,
          0,
          0,
          0,
          0,
          0,
          4,
          0,
          308,
          464,
          24,
          0,
          18,
          18,
          27,
          0,
          41,
          8,
          28,
          0,
          308,
          464,
          0,
          0,
          8,
          0,
          0,
          0,
          0,
          0,
          0,
          0,
          0,
          0,
          0,
          0,
          0,
          0,
          8,
          0,
          0,
          0,
          8,
          0,
          25,
          8,
          12,
          0,
          23,
          6,
          9,
          0,
          0,
          0,
          0,
          0,
          0,
          0,
          0,
          0,
          0,
          0,
          0,
          0,
          0,
          0,
          0,
          0,
          15,
          21,
          20,
          10,
          0,
          0,
          0,
          0,
          18,
          9,
          0,
          0,
          0,
          0,
          0,
          0,
          20,
          10,
          18,
          8,
          0,
          0,
          0,
          0,
          0,
          0,
          0,
          0,
          0,
          0,
          0,
          0,
          0,
          0,
          0,
          0,
          0,
          0,
          0,
          0,
          0,
          0,
          0,
          0,
          0,
          0,
          0,
          0,
          0,
          0,
          0,
          0,
          0,
          0,
          0,
          0,
          0,
          0,
          0,
          0,
          0,
          0,
          0,
          0,
          0,
          0,
          4,
          4,
          8,
          0,
          18,
          18,
          0,
          0,
          8,
          12,
          4,
          0,
          34,
          24,
          8,
          0,
          18,
          2,
          14,
          14,
          18,
          9,
          0,
          0,
          2,
          6,
          12,
          21,
          3,
          9,
          4,
          4,
          14,
          14,
          18,
          2,
          27,
          14,
          6,
          14,
          20,
          21,
          10,
          6,
          16,
          12,
          15,
          21,
          22,
          16,
          18,
          9,
          16,
          9,
          15,
          30,
          7,
          14,
          3,
          9,
          3,
          6,
          0,
          0,
          4,
          12,
          0,
          0,
          18,
          24,
          0,
          0,
          12,
          16,
          0,
          0,
          18,
          18,
          0,
          0,
          2,
          6,
          12,
          21,
          3,
          9,
          0,
          0,
          2,
          6,
          12,
          17,
          3,
          6,
          4,
          14,
          12,
          21,
          2,
          6,
          8,
          12,
          10,
          20,
          12,
          17,
          2,
          6,
          6,
          6,
          15,
          30,
          7,
          14,
          3,
          9,
          3,
          6,
          15,
          24,
          5,
          7,
          3,
          6,
          0,
          0,
          12,
          0,
          22,
          0,
          63,
          0,
          39,
          0,
          6,
          0,
          24,
          0,
          28,
          0,
          28,
          0,
          54,
          0,
          30,
          0,
          23,
          0,
          13,
          0,
          0,
          0,
          0,
          0,
          0,
          0,
          0,
          0,
          29,
          7,
          28,
          10,
          45,
          0,
          21,
          0,
          17,
          10,
          17,
          8,
          12,
          0,
          9,
          0,
          20,
          10,
          18,
          8,
          13,
          0,
          6,
          0,
          5,
          8,
          3,
          3,
          0,
          0,
          0,
          0,
          0,
          0,
          0,
          0,
          0,
          0,
          0,
          0,
          0,
          0,
          0,
          0,
          0,
          0,
          0,
          0,
          0,
          0,
          0,
          0,
          0,
          0,
          0,
          0,
          0,
          0,
          0,
          0,
          0,
          0,
          0,
          0,
          5,
          10,
          5,
          8,
          0,
          0,
          0,
          0,
          5,
          8,
          3,
          3,
          0,
          0,
          0,
          0,
          5,
          8,
          3,
          3,
          0,
          0,
          0,
          0,
          3,
          3,
          0,
          0,
          0,
          0,
          0,
          0,
          12,
          0,
          32,
          6,
          54,
          0,
          41,
          8,
          6,
          0,
          30,
          8,
          24,
          0,
          30,
          6,
          63,
          0,
          45,
          0,
          23,
          0,
          13,
          0,
          0,
          0,
          0,
          0,
          0,
          0,
          0,
          0,
          18,
          0,
          25,
          8,
          30,
          0,
          23,
          6,
          8,
          0,
          14,
          6,
          8,
          0,
          10,
          2,
          15,
          0,
          13,
          0,
          13,
          0,
          6,
          0,
          0,
          0,
          0,
          0,
          0,
          0,
          0,
          0,
          0,
          0,
          6,
          8,
          0,
          0,
          6,
          6,
          0,
          0,
          6,
          6,
          0,
          0,
          4,
          2,
          0,
          0,
          0,
          0,
          0,
          0,
          0,
          0,
          0,
          0,
          0,
          0,
          0,
          0,
          0,
          0,
          0,
          0,
          6,
          6,
          0,
          0,
          4,
          2,
          0,
          0,
          4,
          2,
          0,
          0,
          0,
          0,
          0,
          0,
          0,
          0,
          0,
          0,
          0,
          0,
          0,
          0,
          0,
          0,
          0,
          0,
          0,
          0,
          63,
          0,
          61,
          0,
          105,
          0,
          37,
          0,
          28,
          0,
          28,
          0,
          28,
          0,
          21,
          0,
          105,
          0,
          39,
          0,
          21,
          0,
          6,
          0,
          0,
          0,
          0,
          0,
          0,
          0,
          0,
          0,
          45,
          0,
          21,
          0,
          39,
          0,
          12,
          0,
          12,
          0,
          9,
          0,
          9,
          0,
          0,
          0,
          13,
          0,
          6,
          0,
          6,
          0,
          0,
          0,
          0,
          0,
          0,
          0,
          0,
          0,
          0,
          0,
          0,
          0,
          0,
          0,
          0,
          0,
          0,
          0,
          0,
          0,
          0,
          0,
          0,
          0,
          0,
          0,
          0,
          0,
          0,
          0,
          0,
          0,
          0,
          0,
          0,
          0,
          0,
          0,
          0,
          0,
          0,
          0,
          0,
          0,
          0,
          0,
          0,
          0,
          0,
          0,
          0,
          0,
          0,
          0,
          0,
          0,
          0,
          0,
          0,
          0,
          0,
          0,
          0,
          0,
          0,
          0,
          0,
          0,
          0,
          0,
          0,
          0,
          0,
          0
        ],
        "prefix": [
          0,
          0,
          0,
          0,
          0,
          0,
          0,
          0,
          12,
          12,
          12,
          12,
          24,
          24,
          24,
          38,
          80,
          80,
          80,
          80,
          80,
          80,
          88,
          88,
          94,
          234,
          550,
          550,
          556,
          564,
          594,
          601,
          622,
          622,
          622,
          622,
          630,
          630,
          630,
          634,
          650,
          650,
          658,
          666,
          694,
          694,
          698,
          720,
          756,
          756,
          768,
          772,
          790,
          790,
          796,
          802,
          820,
          834,
          883,
          894,
          922,
          929,
          950,
          957,
          978,
          978,
          978,
          978,
          986,
          1134,
          1494,
          1508,
          1550,
          1550,
          1550,
          1562,
          1598,
          1958,
          2518,
          2560,
          2616,
          2616,
          2616,
          2616,
          2620,
          2628,
          2656,
          2663,
          2683,
          2999,
          3455,
          3461,
          3479,
          3495,
          3528,
          3535,
          3556,
          3556,
          3568,
          3576,
          3606,
          3606,
          3612,
          3624,
          3650,
          3662,
          3704,
          3720,
          3753,
          3759,
          3777,
          3789,
          3813,
          3827,
          3876,
          3895,
          3937,
          3944,
          3965,
          3972,
          3993,
          4028,
          4098,
          4109,
          4135,
          4142,
          4163,
          4170,
          4184,
          4184,
          4184,
          4184,
          4184,
          4324,
          4640,
          4646,
          4646,
          4650,
          4654,
          4660,
          4660,
          4692,
          4698,
          4726,
          4726,
          4726,
          4726,
          4726,
          4726,
          4730,
          4742,
          4742,
          4742,
          4746,
          4758,
          4758,
          4758,
          4764,
          4772,
          4772,
          4772,
          4772,
          4780,
          4786,
          4800,
          4800,
          4800,
          4808,
          4808,
          4822,
          4836,
          4853,
          4863,
          4888,
          4896,
          4908,
          4908,
          4920,
          4962,
          4972,
          4992,
          4992,
          4992,
          4992,
          4992,
          4999,
          5015,
          5020,
          5028,
          5028,
          5028,
          5028,
          5028,
          5168,
          5484,
          5484,
          5484,
          5498,
          5512,
          5512,
          5512,
          5530,
          5532,
          5532,
          5532,
          5532,
          5532,
          5532,
          5532,
          5848,
          6304,
          6304,
          6304,
          6304,
          6304,
          6304,
          6304,
          6306,
          6312,
          6312,
          6312,
          6312,
          6312,
          6312,
          6312,
          6326,
          6375,
          6390,
          6420,
          6420,
          6420,
          6420,
          6420,
          6427,
          6443,
          6448,
          6456,
          6456,
          6456,
          6456,
          6456,
          6491,
          6561,
          6576,
          6600,
          6600,
          6600,
          6600,
          6600,
          6607,
          6621,
          6624,
          6627,
          6627,
          6627,
          6627,
          6627,
          6627,
          6627,
          6627,
          6635,
          6635,
          6635,
          6647,
          6683,
          6831,
          7191,
          7205,
          7247,
          7607,
          8167,
          8209,
          8265,
          8405,
          8721,
          8721,
          8721,
          8727,
          8741,
          8741,
          8741,
          8755,
          8769,
          8769,
          8769,
          8769,
          8769,
          8769,
          8769,
          8769,
          8769,
          8773,
          8785,
          8785,
          8785,
          8797,
          8813,
          8813,
          8813,
          8831,
          8855,
          8855,
          8855,
          8873,
          8891,
          8891,
          8891,
          8891,
          8891,
          8891,
          8891,
          8891,
          8891,
          8891,
          8891,
          8891,
          8891,
          8891,
          8891,
          8891,
          8891,
          8895,
          8899,
          8913,
          8927,
          8933,
          8947,
          8963,
          8977,
          8995,
          8997,
          9013,
          9027,
          9037,
          9043,
          9059,
          9071,
          9100,
          9107,
          9127,
          9137,
          9154,
          9164,
          9164,
          9164,
          9164,
          9164,
          9164,
          9164,
          9164,
          9164,
          9164,
          9164,
          9164,
          9164,
          9170,
          9178,
          9178,
          9178,
          9184,
          9190,
          9190,
          9190,
          9196,
          9202,
          9202,
          9202,
          9206,
          9208,
          9208,
          9208,
          9208,
          9208,
          9208,
          9208,
          9208,
          9208,
          9208,
          9208,
          9208,
          9208,
          9208,
          9208,
          9208,
          9208,
          9208,
          9208,
          9212,
          9212,
          9520,
          9984,
          10008,
          10008,
          10026,
          10044,
          10071,
          10071,
          10112,
          10120,
          10148,
          10148,
          10456,
          10920,
          10920,
          10920,
          10928,
          10928,
          10928,
          10928,
          10928,
          10928,
          10928,
          10928,
          10928,
          10928,
          10928,
          10928,
          10928,
          10928,
          10936,
          10936,
          10936,
          10936,
          10944,
          10944,
          10969,
          10977,
          10989,
          10989,
          11012,
          11018,
          11027,
          11027,
          11027,
          11027,
          11027,
          11027,
          11027,
          11027,
          11027,
          11027,
          11027,
          11027,
          11027,
          11027,
          11027,
          11027,
          11027,
          11027,
          11042,
          11063,
          11083,
          11093,
          11093,
          11093,
          11093,
          11093,
          11111,
          11120,
          11120,
          11120,
          11120,
          11120,
          11120,
          11120,
          11140,
          11150,
          11168,
          11176,
          11176,
          11176,
          11176,
          11176,
          11176,
          11176,
          11176,
          11176,
          11176,
          11176,
          11176,
          11176,
          11176,
          11176,
          11176,
          11176,
          11176,
          11176,
          11176,
          11176,
          11176,
          11176,
          11176,
          11176,
          11176,
          11176,
          11176,
          11176,
          11176,
          11176,
          11176,
          11176,
          11176,
          11176,
          11176,
          11176,
          11176,
          11176,
          11176,
          11176,
          11176,
          11176,
          11176,
          11176,
          11176,
          11176,
          11180,
          11184,
          11192,
          11192,
          11210,
          11228,
          11228,
          11228,
          11236,
          11248,
          11252,
          11252,
          11286,
          11310,
          11318,
          11318,
          11336,
          11338,
          11352,
          11366,
          11384,
          11393,
          11393,
          11393,
          11395,
          11401,
          11413,
          11434,
          11437,
          11446,
          11450,
          11454,
          11468,
          11482,
          11500,
          11502,
          11529,
          11543,
          11549,
          11563,
          11583,
          11604,
          11614,
          11620,
          11636,
          11648,
          11663,
          11684,
          11706,
          11722,
          11740,
          11749,
          11765,
          11774,
          11789,
          11819,
          11826,
          11840,
          11843,
          11852,
          11855,
          11861,
          11861,
          11861,
          11865,
          11877,
          11877,
          11877,
          11895,
          11919,
          11919,
          11919,
          11931,
          11947,
          11947,
          11947,
          11965,
          11983,
          11983,
          11983,
          11985,
          11991,
          12003,
          12024,
          12027,
          12036,
          12036,
          12036,
          12038,
          12044,
          12056,
          12073,
          12076,
          12082,
          12086,
          12100,
          12112,
          12133,
          12135,
          12141,
          12149,
          12161,
          12171,
          12191,
          12203,
          12220,
          12222,
          12228,
          12234,
          12240,
          12255,
          12285,
          12292,
          12306,
          12309,
          12318,
          12321,
          12327,
          12342,
          12366,
          12371,
          12378,
          12381,
          12387,
          12387,
          12387,
          12399,
          12399,
          12421,
          12421,
          12484,
          12484,
          12523,
          12523,
          12529,
          12529,
          12553,
          12553,
          12581,
          12581,
          12609,
          12609,
          12663,
          12663,
          12693,
          12693,
          12716,
          12716,
          12729,
          12729,
          12729,
          12729,
          12729,
          12729,
          12729,
          12729,
          12729,
          12729,
          12758,
          12765,
          12793,
          12803,
          12848,
          12848,
          12869,
          12869,
          12886,
          12896,
          12913,
          12921,
          12933,
          12933,
          12942,
          12942,
          12962,
          12972,
          12990,
          12998,
          13011,
          13011,
          13017,
          13017,
          13022,
          13030,
          13033,
          13036,
          13036,
          13036,
          13036,
          13036,
          13036,
          13036,
          13036,
          13036,
          13036,
          13036,
          13036,
          13036,
          13036,
          13036,
          13036,
          13036,
          13036,
          13036,
          13036,
          13036,
          13036,
          13036,
          13036,
          13036,
          13036,
          13036,
          13036,
          13036,
          13036,
          13036,
          13036,
          13036,
          13036,
          13036,
          13036,
          13036,
          13041,
          13051,
          13056,
          13064,
          13064,
          13064,
          13064,
          13064,
          13069,
          13077,
          13080,
          13083,
          13083,
          13083,
          13083,
          13083,
          13088,
          13096,
          13099,
          13102,
          13102,
          13102,
          13102,
          13102,
          13105,
          13108,
          13108,
          13108,
          13108,
          13108,
          13108,
          13108,
          13120,
          13120,
          13152,
          13158,
          13212,
          13212,
          13253,
          13261,
          13267,
          13267,
          13297,
          13305,
          13329,
          13329,
          13359,
          13365,
          13428,
          13428,
          13473,
          13473,
          13496,
          13496,
          13509,
          13509,
          13509,
          13509,
          13509,
          13509,
          13509,
          13509,
          13509,
          13509,
          13527,
          13527,
          13552,
          13560,
          13590,
          13590,
          13613,
          13619,
          13627,
          13627,
          13641,
          13647,
          13655,
          13655,
          13665,
          13667,
          13682,
          13682,
          13695,
          13695,
          13708,
          13708,
          13714,
          13714,
          13714,
          13714,
          13714,
          13714,
          13714,
          13714,
          13714,
          13714,
          13714,
          13714,
          13720,
          13728,
          13728,
          13728,
          13734,
          13740,
          13740,
          13740,
          13746,
          13752,
          13752,
          13752,
          13756,
          13758,
          13758,
          13758,
          13758,
          13758,
          13758,
          13758,
          13758,
          13758,
          13758,
          13758,
          13758,
          13758,
          13758,
          13758,
          13758,
          13758,
          13758,
          13758,
          13764,
          13770,
          13770,
          13770,
          13774,
          13776,
          13776,
          13776,
          13780,
          13782,
          13782,
          13782,
          13782,
          13782,
          13782,
          13782,
          13782,
          13782,
          13782,
          13782,
          13782,
          13782,
          13782,
          13782,
          13782,
          13782,
          13782,
          13782,
          13782,
          13782,
          13845,
          13845,
          13906,
          13906,
          14011,
          14011,
          14048,
          14048,
          14076,
          14076,
          14104,
          14104,
          14132,
          14132,
          14153,
          14153,
          14258,
          14258,
          14297,
          14297,
          14318,
          14318,
          14324,
          14324,
          14324,
          14324,
          14324,
          14324,
          14324,
          14324,
          14324,
          14324,
          14369,
          14369,
          14390,
          14390,
          14429,
          14429,
          14441,
          14441,
          14453,
          14453,
          14462,
          14462,
          14471,
          14471,
          14471,
          14471,
          14484,
          14484,
          14490,
          14490,
          14496,
          14496,
          14496,
          14496,
          14496,
          14496,
          14496,
          14496,
          14496,
          14496,
          14496,
          14496,
          14496,
          14496,
          14496,
          14496,
          14496,
          14496,
          14496,
          14496,
          14496,
          14496,
          14496,
          14496,
          14496,
          14496,
          14496,
          14496,
          14496,
          14496,
          14496,
          14496,
          14496,
          14496,
          14496,
          14496,
          14496,
          14496,
          14496,
          14496,
          14496,
          14496,
          14496,
          14496,
          14496,
          14496,
          14496,
          14496,
          14496,
          14496,
          14496,
          14496,
          14496,
          14496,
          14496,
          14496,
          14496,
          14496,
          14496,
          14496,
          14496,
          14496,
          14496,
          14496,
          14496,
          14496,
          14496,
          14496,
          14496,
          14496,
          14496,
          14496,
          14496,
          14496,
          14496,
          14496
        ]
      }
    },
    {
      "request": {
        "id": 82,
        "method": "select",
        "args": [
          {
            "min_edges": 8,
            "max_edges": 10
          },
          0
        ]
      },
      "response": {
        "rank": 0,
        "table_code": 1980,
        "zero_code": 444,
        "one_code": 3,
        "initial_state": 0,
        "final_mask": 1,
        "zero_rows": [
          4,
          7,
          6
        ],
        "one_rows": [
          3,
          0,
          0
        ],
        "first_terminal_mask": 3,
        "second_terminal_mask": 0,
        "edges": 8,
        "separates": true
      }
    },
    {
      "request": {
        "id": 83,
        "method": "rank",
        "args": [
          {
            "min_edges": 8,
            "max_edges": 10
          },
          1980,
          1
        ]
      },
      "response": {
        "table_code": 1980,
        "final_mask": 1,
        "rank": 0
      }
    },
    {
      "request": {
        "id": 84,
        "method": "select",
        "args": [
          {
            "min_edges": 8,
            "max_edges": 10
          },
          7248
        ]
      },
      "response": {
        "rank": 7248,
        "table_code": 68639,
        "zero_code": 31,
        "one_code": 134,
        "initial_state": 0,
        "final_mask": 3,
        "zero_rows": [
          7,
          3,
          0
        ],
        "one_rows": [
          6,
          0,
          2
        ],
        "first_terminal_mask": 2,
        "second_terminal_mask": 0,
        "edges": 8,
        "separates": true
      }
    },
    {
      "request": {
        "id": 85,
        "method": "rank",
        "args": [
          {
            "min_edges": 8,
            "max_edges": 10
          },
          68639,
          3
        ]
      },
      "response": {
        "table_code": 68639,
        "final_mask": 3,
        "rank": 7248
      }
    },
    {
      "request": {
        "id": 86,
        "method": "select",
        "args": [
          {
            "min_edges": 8,
            "max_edges": 10
          },
          14495
        ]
      },
      "response": {
        "rank": 14495,
        "table_code": 242892,
        "zero_code": 204,
        "one_code": 474,
        "initial_state": 0,
        "final_mask": 4,
        "zero_rows": [
          4,
          1,
          3
        ],
        "one_rows": [
          2,
          3,
          7
        ],
        "first_terminal_mask": 7,
        "second_terminal_mask": 3,
        "edges": 10,
        "separates": true
      }
    },
    {
      "request": {
        "id": 87,
        "method": "rank",
        "args": [
          {
            "min_edges": 8,
            "max_edges": 10
          },
          242892,
          4
        ]
      },
      "response": {
        "table_code": 242892,
        "final_mask": 4,
        "rank": 14495
      }
    },
    {
      "request": {
        "id": 88,
        "method": "condition",
        "args": [
          {
            "zero_code": 0
          }
        ]
      },
      "response": {
        "key": "{\"zero_code\":0,\"one_code\":null,\"final_mask\":null,\"require_final\":0,\"forbid_final\":0,\"min_edges\":0,\"max_edges\":18}",
        "condition": {
          "zero_code": 0,
          "one_code": null,
          "final_mask": null,
          "require_final": 0,
          "forbid_final": 0,
          "min_edges": 0,
          "max_edges": 18
        },
        "count": 0,
        "blocks": [
          0,
          0,
          0,
          0,
          0,
          0,
          0,
          0,
          0,
          0,
          0,
          0,
          0,
          0,
          0,
          0,
          0,
          0,
          0,
          0,
          0,
          0,
          0,
          0,
          0,
          0,
          0,
          0,
          0,
          0,
          0,
          0,
          0,
          0,
          0,
          0,
          0,
          0,
          0,
          0,
          0,
          0,
          0,
          0,
          0,
          0,
          0,
          0,
          0,
          0,
          0,
          0,
          0,
          0,
          0,
          0,
          0,
          0,
          0,
          0,
          0,
          0,
          0,
          0,
          0,
          0,
          0,
          0,
          0,
          0,
          0,
          0,
          0,
          0,
          0,
          0,
          0,
          0,
          0,
          0,
          0,
          0,
          0,
          0,
          0,
          0,
          0,
          0,
          0,
          0,
          0,
          0,
          0,
          0,
          0,
          0,
          0,
          0,
          0,
          0,
          0,
          0,
          0,
          0,
          0,
          0,
          0,
          0,
          0,
          0,
          0,
          0,
          0,
          0,
          0,
          0,
          0,
          0,
          0,
          0,
          0,
          0,
          0,
          0,
          0,
          0,
          0,
          0,
          0,
          0,
          0,
          0,
          0,
          0,
          0,
          0,
          0,
          0,
          0,
          0,
          0,
          0,
          0,
          0,
          0,
          0,
          0,
          0,
          0,
          0,
          0,
          0,
          0,
          0,
          0,
          0,
          0,
          0,
          0,
          0,
          0,
          0,
          0,
          0,
          0,
          0,
          0,
          0,
          0,
          0,
          0,
          0,
          0,
          0,
          0,
          0,
          0,
          0,
          0,
          0,
          0,
          0,
          0,
          0,
          0,
          0,
          0,
          0,
          0,
          0,
          0,
          0,
          0,
          0,
          0,
          0,
          0,
          0,
          0,
          0,
          0,
          0,
          0,
          0,
          0,
          0,
          0,
          0,
          0,
          0,
          0,
          0,
          0,
          0,
          0,
          0,
          0,
          0,
          0,
          0,
          0,
          0,
          0,
          0,
          0,
          0,
          0,
          0,
          0,
          0,
          0,
          0,
          0,
          0,
          0,
          0,
          0,
          0,
          0,
          0,
          0,
          0,
          0,
          0,
          0,
          0,
          0,
          0,
          0,
          0,
          0,
          0,
          0,
          0,
          0,
          0,
          0,
          0,
          0,
          0,
          0,
          0,
          0,
          0,
          0,
          0,
          0,
          0,
          0,
          0,
          0,
          0,
          0,
          0,
          0,
          0,
          0,
          0,
          0,
          0,
          0,
          0,
          0,
          0,
          0,
          0,
          0,
          0,
          0,
          0,
          0,
          0,
          0,
          0,
          0,
          0,
          0,
          0,
          0,
          0,
          0,
          0,
          0,
          0,
          0,
          0,
          0,
          0,
          0,
          0,
          0,
          0,
          0,
          0,
          0,
          0,
          0,
          0,
          0,
          0,
          0,
          0,
          0,
          0,
          0,
          0,
          0,
          0,
          0,
          0,
          0,
          0,
          0,
          0,
          0,
          0,
          0,
          0,
          0,
          0,
          0,
          0,
          0,
          0,
          0,
          0,
          0,
          0,
          0,
          0,
          0,
          0,
          0,
          0,
          0,
          0,
          0,
          0,
          0,
          0,
          0,
          0,
          0,
          0,
          0,
          0,
          0,
          0,
          0,
          0,
          0,
          0,
          0,
          0,
          0,
          0,
          0,
          0,
          0,
          0,
          0,
          0,
          0,
          0,
          0,
          0,
          0,
          0,
          0,
          0,
          0,
          0,
          0,
          0,
          0,
          0,
          0,
          0,
          0,
          0,
          0,
          0,
          0,
          0,
          0,
          0,
          0,
          0,
          0,
          0,
          0,
          0,
          0,
          0,
          0,
          0,
          0,
          0,
          0,
          0,
          0,
          0,
          0,
          0,
          0,
          0,
          0,
          0,
          0,
          0,
          0,
          0,
          0,
          0,
          0,
          0,
          0,
          0,
          0,
          0,
          0,
          0,
          0,
          0,
          0,
          0,
          0,
          0,
          0,
          0,
          0,
          0,
          0,
          0,
          0,
          0,
          0,
          0,
          0,
          0,
          0,
          0,
          0,
          0,
          0,
          0,
          0,
          0,
          0,
          0,
          0,
          0,
          0,
          0,
          0,
          0,
          0,
          0,
          0,
          0,
          0,
          0,
          0,
          0,
          0,
          0,
          0,
          0,
          0,
          0,
          0,
          0,
          0,
          0,
          0,
          0,
          0,
          0,
          0,
          0,
          0,
          0,
          0,
          0,
          0,
          0,
          0,
          0,
          0,
          0,
          0,
          0,
          0,
          0,
          0,
          0,
          0,
          0,
          0,
          0,
          0,
          0,
          0,
          0,
          0,
          0,
          0,
          0,
          0,
          0,
          0,
          0,
          0,
          0,
          0,
          0,
          0,
          0,
          0,
          0,
          0,
          0,
          0,
          0,
          0,
          0,
          0,
          0,
          0,
          0,
          0,
          0,
          0,
          0,
          0,
          0,
          0,
          0,
          0,
          0,
          0,
          0,
          0,
          0,
          0,
          0,
          0,
          0,
          0,
          0,
          0,
          0,
          0,
          0,
          0,
          0,
          0,
          0,
          0,
          0,
          0,
          0,
          0,
          0,
          0,
          0,
          0,
          0,
          0,
          0,
          0,
          0,
          0,
          0,
          0,
          0,
          0,
          0,
          0,
          0,
          0,
          0,
          0,
          0,
          0,
          0,
          0,
          0,
          0,
          0,
          0,
          0,
          0,
          0,
          0,
          0,
          0,
          0,
          0,
          0,
          0,
          0,
          0,
          0,
          0,
          0,
          0,
          0,
          0,
          0,
          0,
          0,
          0,
          0,
          0,
          0,
          0,
          0,
          0,
          0,
          0,
          0,
          0,
          0,
          0,
          0,
          0,
          0,
          0,
          0,
          0,
          0,
          0,
          0,
          0,
          0,
          0,
          0,
          0,
          0,
          0,
          0,
          0,
          0,
          0,
          0,
          0,
          0,
          0,
          0,
          0,
          0,
          0,
          0,
          0,
          0,
          0,
          0,
          0,
          0,
          0,
          0,
          0,
          0,
          0,
          0,
          0,
          0,
          0,
          0,
          0,
          0,
          0,
          0,
          0,
          0,
          0,
          0,
          0,
          0,
          0,
          0,
          0,
          0,
          0,
          0,
          0,
          0,
          0,
          0,
          0,
          0,
          0,
          0,
          0,
          0,
          0,
          0,
          0,
          0,
          0,
          0,
          0,
          0,
          0,
          0,
          0,
          0,
          0,
          0,
          0,
          0,
          0,
          0,
          0,
          0,
          0,
          0,
          0,
          0,
          0,
          0,
          0,
          0,
          0,
          0,
          0,
          0,
          0,
          0,
          0,
          0,
          0,
          0,
          0,
          0,
          0,
          0,
          0,
          0,
          0,
          0,
          0,
          0,
          0,
          0,
          0,
          0,
          0,
          0,
          0,
          0,
          0,
          0,
          0,
          0,
          0,
          0,
          0,
          0,
          0,
          0,
          0,
          0,
          0,
          0,
          0,
          0,
          0,
          0,
          0,
          0,
          0,
          0,
          0,
          0,
          0,
          0,
          0,
          0,
          0,
          0,
          0,
          0,
          0,
          0,
          0,
          0,
          0,
          0,
          0,
          0,
          0,
          0,
          0,
          0,
          0,
          0,
          0,
          0,
          0,
          0,
          0,
          0,
          0,
          0,
          0,
          0,
          0,
          0,
          0,
          0,
          0,
          0,
          0,
          0,
          0,
          0,
          0,
          0,
          0,
          0,
          0,
          0,
          0,
          0,
          0,
          0,
          0,
          0,
          0,
          0,
          0,
          0,
          0,
          0,
          0,
          0,
          0,
          0,
          0,
          0,
          0,
          0,
          0,
          0,
          0,
          0,
          0,
          0,
          0,
          0,
          0,
          0,
          0,
          0,
          0,
          0,
          0,
          0,
          0,
          0,
          0,
          0,
          0,
          0,
          0,
          0,
          0,
          0,
          0,
          0,
          0,
          0,
          0,
          0,
          0,
          0,
          0,
          0,
          0,
          0,
          0,
          0,
          0,
          0,
          0,
          0,
          0,
          0,
          0,
          0,
          0,
          0,
          0,
          0,
          0,
          0,
          0,
          0,
          0,
          0,
          0,
          0,
          0,
          0,
          0,
          0,
          0,
          0,
          0,
          0,
          0,
          0,
          0,
          0,
          0,
          0,
          0,
          0,
          0,
          0,
          0,
          0,
          0,
          0,
          0,
          0,
          0,
          0,
          0,
          0,
          0,
          0,
          0,
          0,
          0,
          0,
          0,
          0,
          0,
          0,
          0,
          0,
          0,
          0,
          0,
          0,
          0,
          0,
          0,
          0,
          0,
          0,
          0,
          0,
          0,
          0,
          0,
          0,
          0,
          0,
          0,
          0,
          0,
          0,
          0,
          0,
          0,
          0,
          0,
          0,
          0,
          0,
          0,
          0,
          0,
          0,
          0,
          0,
          0,
          0,
          0,
          0,
          0,
          0,
          0,
          0,
          0,
          0,
          0,
          0,
          0,
          0,
          0,
          0,
          0,
          0,
          0,
          0,
          0,
          0,
          0,
          0
        ],
        "prefix": [
          0,
          0,
          0,
          0,
          0,
          0,
          0,
          0,
          0,
          0,
          0,
          0,
          0,
          0,
          0,
          0,
          0,
          0,
          0,
          0,
          0,
          0,
          0,
          0,
          0,
          0,
          0,
          0,
          0,
          0,
          0,
          0,
          0,
          0,
          0,
          0,
          0,
          0,
          0,
          0,
          0,
          0,
          0,
          0,
          0,
          0,
          0,
          0,
          0,
          0,
          0,
          0,
          0,
          0,
          0,
          0,
          0,
          0,
          0,
          0,
          0,
          0,
          0,
          0,
          0,
          0,
          0,
          0,
          0,
          0,
          0,
          0,
          0,
          0,
          0,
          0,
          0,
          0,
          0,
          0,
          0,
          0,
          0,
          0,
          0,
          0,
          0,
          0,
          0,
          0,
          0,
          0,
          0,
          0,
          0,
          0,
          0,
          0,
          0,
          0,
          0,
          0,
          0,
          0,
          0,
          0,
          0,
          0,
          0,
          0,
          0,
          0,
          0,
          0,
          0,
          0,
          0,
          0,
          0,
          0,
          0,
          0,
          0,
          0,
          0,
          0,
          0,
          0,
          0,
          0,
          0,
          0,
          0,
          0,
          0,
          0,
          0,
          0,
          0,
          0,
          0,
          0,
          0,
          0,
          0,
          0,
          0,
          0,
          0,
          0,
          0,
          0,
          0,
          0,
          0,
          0,
          0,
          0,
          0,
          0,
          0,
          0,
          0,
          0,
          0,
          0,
          0,
          0,
          0,
          0,
          0,
          0,
          0,
          0,
          0,
          0,
          0,
          0,
          0,
          0,
          0,
          0,
          0,
          0,
          0,
          0,
          0,
          0,
          0,
          0,
          0,
          0,
          0,
          0,
          0,
          0,
          0,
          0,
          0,
          0,
          0,
          0,
          0,
          0,
          0,
          0,
          0,
          0,
          0,
          0,
          0,
          0,
          0,
          0,
          0,
          0,
          0,
          0,
          0,
          0,
          0,
          0,
          0,
          0,
          0,
          0,
          0,
          0,
          0,
          0,
          0,
          0,
          0,
          0,
          0,
          0,
          0,
          0,
          0,
          0,
          0,
          0,
          0,
          0,
          0,
          0,
          0,
          0,
          0,
          0,
          0,
          0,
          0,
          0,
          0,
          0,
          0,
          0,
          0,
          0,
          0,
          0,
          0,
          0,
          0,
          0,
          0,
          0,
          0,
          0,
          0,
          0,
          0,
          0,
          0,
          0,
          0,
          0,
          0,
          0,
          0,
          0,
          0,
          0,
          0,
          0,
          0,
          0,
          0,
          0,
          0,
          0,
          0,
          0,
          0,
          0,
          0,
          0,
          0,
          0,
          0,
          0,
          0,
          0,
          0,
          0,
          0,
          0,
          0,
          0,
          0,
          0,
          0,
          0,
          0,
          0,
          0,
          0,
          0,
          0,
          0,
          0,
          0,
          0,
          0,
          0,
          0,
          0,
          0,
          0,
          0,
          0,
          0,
          0,
          0,
          0,
          0,
          0,
          0,
          0,
          0,
          0,
          0,
          0,
          0,
          0,
          0,
          0,
          0,
          0,
          0,
          0,
          0,
          0,
          0,
          0,
          0,
          0,
          0,
          0,
          0,
          0,
          0,
          0,
          0,
          0,
          0,
          0,
          0,
          0,
          0,
          0,
          0,
          0,
          0,
          0,
          0,
          0,
          0,
          0,
          0,
          0,
          0,
          0,
          0,
          0,
          0,
          0,
          0,
          0,
          0,
          0,
          0,
          0,
          0,
          0,
          0,
          0,
          0,
          0,
          0,
          0,
          0,
          0,
          0,
          0,
          0,
          0,
          0,
          0,
          0,
          0,
          0,
          0,
          0,
          0,
          0,
          0,
          0,
          0,
          0,
          0,
          0,
          0,
          0,
          0,
          0,
          0,
          0,
          0,
          0,
          0,
          0,
          0,
          0,
          0,
          0,
          0,
          0,
          0,
          0,
          0,
          0,
          0,
          0,
          0,
          0,
          0,
          0,
          0,
          0,
          0,
          0,
          0,
          0,
          0,
          0,
          0,
          0,
          0,
          0,
          0,
          0,
          0,
          0,
          0,
          0,
          0,
          0,
          0,
          0,
          0,
          0,
          0,
          0,
          0,
          0,
          0,
          0,
          0,
          0,
          0,
          0,
          0,
          0,
          0,
          0,
          0,
          0,
          0,
          0,
          0,
          0,
          0,
          0,
          0,
          0,
          0,
          0,
          0,
          0,
          0,
          0,
          0,
          0,
          0,
          0,
          0,
          0,
          0,
          0,
          0,
          0,
          0,
          0,
          0,
          0,
          0,
          0,
          0,
          0,
          0,
          0,
          0,
          0,
          0,
          0,
          0,
          0,
          0,
          0,
          0,
          0,
          0,
          0,
          0,
          0,
          0,
          0,
          0,
          0,
          0,
          0,
          0,
          0,
          0,
          0,
          0,
          0,
          0,
          0,
          0,
          0,
          0,
          0,
          0,
          0,
          0,
          0,
          0,
          0,
          0,
          0,
          0,
          0,
          0,
          0,
          0,
          0,
          0,
          0,
          0,
          0,
          0,
          0,
          0,
          0,
          0,
          0,
          0,
          0,
          0,
          0,
          0,
          0,
          0,
          0,
          0,
          0,
          0,
          0,
          0,
          0,
          0,
          0,
          0,
          0,
          0,
          0,
          0,
          0,
          0,
          0,
          0,
          0,
          0,
          0,
          0,
          0,
          0,
          0,
          0,
          0,
          0,
          0,
          0,
          0,
          0,
          0,
          0,
          0,
          0,
          0,
          0,
          0,
          0,
          0,
          0,
          0,
          0,
          0,
          0,
          0,
          0,
          0,
          0,
          0,
          0,
          0,
          0,
          0,
          0,
          0,
          0,
          0,
          0,
          0,
          0,
          0,
          0,
          0,
          0,
          0,
          0,
          0,
          0,
          0,
          0,
          0,
          0,
          0,
          0,
          0,
          0,
          0,
          0,
          0,
          0,
          0,
          0,
          0,
          0,
          0,
          0,
          0,
          0,
          0,
          0,
          0,
          0,
          0,
          0,
          0,
          0,
          0,
          0,
          0,
          0,
          0,
          0,
          0,
          0,
          0,
          0,
          0,
          0,
          0,
          0,
          0,
          0,
          0,
          0,
          0,
          0,
          0,
          0,
          0,
          0,
          0,
          0,
          0,
          0,
          0,
          0,
          0,
          0,
          0,
          0,
          0,
          0,
          0,
          0,
          0,
          0,
          0,
          0,
          0,
          0,
          0,
          0,
          0,
          0,
          0,
          0,
          0,
          0,
          0,
          0,
          0,
          0,
          0,
          0,
          0,
          0,
          0,
          0,
          0,
          0,
          0,
          0,
          0,
          0,
          0,
          0,
          0,
          0,
          0,
          0,
          0,
          0,
          0,
          0,
          0,
          0,
          0,
          0,
          0,
          0,
          0,
          0,
          0,
          0,
          0,
          0,
          0,
          0,
          0,
          0,
          0,
          0,
          0,
          0,
          0,
          0,
          0,
          0,
          0,
          0,
          0,
          0,
          0,
          0,
          0,
          0,
          0,
          0,
          0,
          0,
          0,
          0,
          0,
          0,
          0,
          0,
          0,
          0,
          0,
          0,
          0,
          0,
          0,
          0,
          0,
          0,
          0,
          0,
          0,
          0,
          0,
          0,
          0,
          0,
          0,
          0,
          0,
          0,
          0,
          0,
          0,
          0,
          0,
          0,
          0,
          0,
          0,
          0,
          0,
          0,
          0,
          0,
          0,
          0,
          0,
          0,
          0,
          0,
          0,
          0,
          0,
          0,
          0,
          0,
          0,
          0,
          0,
          0,
          0,
          0,
          0,
          0,
          0,
          0,
          0,
          0,
          0,
          0,
          0,
          0,
          0,
          0,
          0,
          0,
          0,
          0,
          0,
          0,
          0,
          0,
          0,
          0,
          0,
          0,
          0,
          0,
          0,
          0,
          0,
          0,
          0,
          0,
          0,
          0,
          0,
          0,
          0,
          0,
          0,
          0,
          0,
          0,
          0,
          0,
          0,
          0,
          0,
          0,
          0,
          0,
          0,
          0,
          0,
          0,
          0,
          0,
          0,
          0,
          0,
          0,
          0,
          0,
          0,
          0,
          0,
          0,
          0,
          0,
          0,
          0,
          0,
          0,
          0,
          0,
          0,
          0,
          0,
          0,
          0,
          0,
          0,
          0,
          0,
          0,
          0,
          0,
          0,
          0,
          0,
          0,
          0,
          0,
          0,
          0,
          0,
          0,
          0,
          0,
          0,
          0,
          0,
          0,
          0,
          0,
          0,
          0,
          0,
          0,
          0,
          0,
          0,
          0,
          0,
          0,
          0,
          0,
          0,
          0,
          0,
          0,
          0,
          0,
          0,
          0,
          0,
          0,
          0,
          0,
          0,
          0,
          0,
          0,
          0,
          0,
          0,
          0,
          0,
          0,
          0,
          0,
          0,
          0,
          0,
          0,
          0,
          0,
          0,
          0,
          0,
          0,
          0,
          0,
          0,
          0,
          0,
          0,
          0,
          0,
          0,
          0,
          0,
          0,
          0,
          0,
          0,
          0,
          0
        ]
      }
    },
    {
      "request": {
        "id": 89,
        "method": "condition",
        "args": [
          {
            "one_code": 0
          }
        ]
      },
      "response": {
        "key": "{\"zero_code\":null,\"one_code\":0,\"final_mask\":null,\"require_final\":0,\"forbid_final\":0,\"min_edges\":0,\"max_edges\":18}",
        "condition": {
          "zero_code": null,
          "one_code": 0,
          "final_mask": null,
          "require_final": 0,
          "forbid_final": 0,
          "min_edges": 0,
          "max_edges": 18
        },
        "count": 0,
        "blocks": [
          0,
          0,
          0,
          0,
          0,
          0,
          0,
          0,
          0,
          0,
          0,
          0,
          0,
          0,
          0,
          0,
          0,
          0,
          0,
          0,
          0,
          0,
          0,
          0,
          0,
          0,
          0,
          0,
          0,
          0,
          0,
          0,
          0,
          0,
          0,
          0,
          0,
          0,
          0,
          0,
          0,
          0,
          0,
          0,
          0,
          0,
          0,
          0,
          0,
          0,
          0,
          0,
          0,
          0,
          0,
          0,
          0,
          0,
          0,
          0,
          0,
          0,
          0,
          0,
          0,
          0,
          0,
          0,
          0,
          0,
          0,
          0,
          0,
          0,
          0,
          0,
          0,
          0,
          0,
          0,
          0,
          0,
          0,
          0,
          0,
          0,
          0,
          0,
          0,
          0,
          0,
          0,
          0,
          0,
          0,
          0,
          0,
          0,
          0,
          0,
          0,
          0,
          0,
          0,
          0,
          0,
          0,
          0,
          0,
          0,
          0,
          0,
          0,
          0,
          0,
          0,
          0,
          0,
          0,
          0,
          0,
          0,
          0,
          0,
          0,
          0,
          0,
          0,
          0,
          0,
          0,
          0,
          0,
          0,
          0,
          0,
          0,
          0,
          0,
          0,
          0,
          0,
          0,
          0,
          0,
          0,
          0,
          0,
          0,
          0,
          0,
          0,
          0,
          0,
          0,
          0,
          0,
          0,
          0,
          0,
          0,
          0,
          0,
          0,
          0,
          0,
          0,
          0,
          0,
          0,
          0,
          0,
          0,
          0,
          0,
          0,
          0,
          0,
          0,
          0,
          0,
          0,
          0,
          0,
          0,
          0,
          0,
          0,
          0,
          0,
          0,
          0,
          0,
          0,
          0,
          0,
          0,
          0,
          0,
          0,
          0,
          0,
          0,
          0,
          0,
          0,
          0,
          0,
          0,
          0,
          0,
          0,
          0,
          0,
          0,
          0,
          0,
          0,
          0,
          0,
          0,
          0,
          0,
          0,
          0,
          0,
          0,
          0,
          0,
          0,
          0,
          0,
          0,
          0,
          0,
          0,
          0,
          0,
          0,
          0,
          0,
          0,
          0,
          0,
          0,
          0,
          0,
          0,
          0,
          0,
          0,
          0,
          0,
          0,
          0,
          0,
          0,
          0,
          0,
          0,
          0,
          0,
          0,
          0,
          0,
          0,
          0,
          0,
          0,
          0,
          0,
          0,
          0,
          0,
          0,
          0,
          0,
          0,
          0,
          0,
          0,
          0,
          0,
          0,
          0,
          0,
          0,
          0,
          0,
          0,
          0,
          0,
          0,
          0,
          0,
          0,
          0,
          0,
          0,
          0,
          0,
          0,
          0,
          0,
          0,
          0,
          0,
          0,
          0,
          0,
          0,
          0,
          0,
          0,
          0,
          0,
          0,
          0,
          0,
          0,
          0,
          0,
          0,
          0,
          0,
          0,
          0,
          0,
          0,
          0,
          0,
          0,
          0,
          0,
          0,
          0,
          0,
          0,
          0,
          0,
          0,
          0,
          0,
          0,
          0,
          0,
          0,
          0,
          0,
          0,
          0,
          0,
          0,
          0,
          0,
          0,
          0,
          0,
          0,
          0,
          0,
          0,
          0,
          0,
          0,
          0,
          0,
          0,
          0,
          0,
          0,
          0,
          0,
          0,
          0,
          0,
          0,
          0,
          0,
          0,
          0,
          0,
          0,
          0,
          0,
          0,
          0,
          0,
          0,
          0,
          0,
          0,
          0,
          0,
          0,
          0,
          0,
          0,
          0,
          0,
          0,
          0,
          0,
          0,
          0,
          0,
          0,
          0,
          0,
          0,
          0,
          0,
          0,
          0,
          0,
          0,
          0,
          0,
          0,
          0,
          0,
          0,
          0,
          0,
          0,
          0,
          0,
          0,
          0,
          0,
          0,
          0,
          0,
          0,
          0,
          0,
          0,
          0,
          0,
          0,
          0,
          0,
          0,
          0,
          0,
          0,
          0,
          0,
          0,
          0,
          0,
          0,
          0,
          0,
          0,
          0,
          0,
          0,
          0,
          0,
          0,
          0,
          0,
          0,
          0,
          0,
          0,
          0,
          0,
          0,
          0,
          0,
          0,
          0,
          0,
          0,
          0,
          0,
          0,
          0,
          0,
          0,
          0,
          0,
          0,
          0,
          0,
          0,
          0,
          0,
          0,
          0,
          0,
          0,
          0,
          0,
          0,
          0,
          0,
          0,
          0,
          0,
          0,
          0,
          0,
          0,
          0,
          0,
          0,
          0,
          0,
          0,
          0,
          0,
          0,
          0,
          0,
          0,
          0,
          0,
          0,
          0,
          0,
          0,
          0,
          0,
          0,
          0,
          0,
          0,
          0,
          0,
          0,
          0,
          0,
          0,
          0,
          0,
          0,
          0,
          0,
          0,
          0,
          0,
          0,
          0,
          0,
          0,
          0,
          0,
          0,
          0,
          0,
          0,
          0,
          0,
          0,
          0,
          0,
          0,
          0,
          0,
          0,
          0,
          0,
          0,
          0,
          0,
          0,
          0,
          0,
          0,
          0,
          0,
          0,
          0,
          0,
          0,
          0,
          0,
          0,
          0,
          0,
          0,
          0,
          0,
          0,
          0,
          0,
          0,
          0,
          0,
          0,
          0,
          0,
          0,
          0,
          0,
          0,
          0,
          0,
          0,
          0,
          0,
          0,
          0,
          0,
          0,
          0,
          0,
          0,
          0,
          0,
          0,
          0,
          0,
          0,
          0,
          0,
          0,
          0,
          0,
          0,
          0,
          0,
          0,
          0,
          0,
          0,
          0,
          0,
          0,
          0,
          0,
          0,
          0,
          0,
          0,
          0,
          0,
          0,
          0,
          0,
          0,
          0,
          0,
          0,
          0,
          0,
          0,
          0,
          0,
          0,
          0,
          0,
          0,
          0,
          0,
          0,
          0,
          0,
          0,
          0,
          0,
          0,
          0,
          0,
          0,
          0,
          0,
          0,
          0,
          0,
          0,
          0,
          0,
          0,
          0,
          0,
          0,
          0,
          0,
          0,
          0,
          0,
          0,
          0,
          0,
          0,
          0,
          0,
          0,
          0,
          0,
          0,
          0,
          0,
          0,
          0,
          0,
          0,
          0,
          0,
          0,
          0,
          0,
          0,
          0,
          0,
          0,
          0,
          0,
          0,
          0,
          0,
          0,
          0,
          0,
          0,
          0,
          0,
          0,
          0,
          0,
          0,
          0,
          0,
          0,
          0,
          0,
          0,
          0,
          0,
          0,
          0,
          0,
          0,
          0,
          0,
          0,
          0,
          0,
          0,
          0,
          0,
          0,
          0,
          0,
          0,
          0,
          0,
          0,
          0,
          0,
          0,
          0,
          0,
          0,
          0,
          0,
          0,
          0,
          0,
          0,
          0,
          0,
          0,
          0,
          0,
          0,
          0,
          0,
          0,
          0,
          0,
          0,
          0,
          0,
          0,
          0,
          0,
          0,
          0,
          0,
          0,
          0,
          0,
          0,
          0,
          0,
          0,
          0,
          0,
          0,
          0,
          0,
          0,
          0,
          0,
          0,
          0,
          0,
          0,
          0,
          0,
          0,
          0,
          0,
          0,
          0,
          0,
          0,
          0,
          0,
          0,
          0,
          0,
          0,
          0,
          0,
          0,
          0,
          0,
          0,
          0,
          0,
          0,
          0,
          0,
          0,
          0,
          0,
          0,
          0,
          0,
          0,
          0,
          0,
          0,
          0,
          0,
          0,
          0,
          0,
          0,
          0,
          0,
          0,
          0,
          0,
          0,
          0,
          0,
          0,
          0,
          0,
          0,
          0,
          0,
          0,
          0,
          0,
          0,
          0,
          0,
          0,
          0,
          0,
          0,
          0,
          0,
          0,
          0,
          0,
          0,
          0,
          0,
          0,
          0,
          0,
          0,
          0,
          0,
          0,
          0,
          0,
          0,
          0,
          0,
          0,
          0,
          0,
          0,
          0,
          0,
          0,
          0,
          0,
          0,
          0,
          0,
          0,
          0,
          0,
          0,
          0,
          0,
          0,
          0,
          0,
          0,
          0,
          0,
          0,
          0,
          0,
          0,
          0,
          0,
          0,
          0,
          0,
          0,
          0,
          0,
          0,
          0,
          0,
          0,
          0,
          0,
          0,
          0,
          0,
          0,
          0,
          0,
          0,
          0,
          0,
          0,
          0,
          0,
          0,
          0,
          0,
          0,
          0,
          0,
          0,
          0,
          0,
          0,
          0,
          0,
          0,
          0,
          0,
          0,
          0,
          0,
          0,
          0,
          0,
          0,
          0,
          0,
          0,
          0,
          0,
          0,
          0,
          0,
          0,
          0,
          0,
          0,
          0,
          0,
          0,
          0,
          0,
          0,
          0,
          0,
          0,
          0,
          0,
          0,
          0,
          0,
          0,
          0,
          0,
          0,
          0,
          0,
          0,
          0,
          0,
          0,
          0,
          0,
          0,
          0,
          0,
          0,
          0,
          0,
          0,
          0,
          0,
          0,
          0,
          0,
          0,
          0,
          0,
          0,
          0,
          0,
          0,
          0,
          0
        ],
        "prefix": [
          0,
          0,
          0,
          0,
          0,
          0,
          0,
          0,
          0,
          0,
          0,
          0,
          0,
          0,
          0,
          0,
          0,
          0,
          0,
          0,
          0,
          0,
          0,
          0,
          0,
          0,
          0,
          0,
          0,
          0,
          0,
          0,
          0,
          0,
          0,
          0,
          0,
          0,
          0,
          0,
          0,
          0,
          0,
          0,
          0,
          0,
          0,
          0,
          0,
          0,
          0,
          0,
          0,
          0,
          0,
          0,
          0,
          0,
          0,
          0,
          0,
          0,
          0,
          0,
          0,
          0,
          0,
          0,
          0,
          0,
          0,
          0,
          0,
          0,
          0,
          0,
          0,
          0,
          0,
          0,
          0,
          0,
          0,
          0,
          0,
          0,
          0,
          0,
          0,
          0,
          0,
          0,
          0,
          0,
          0,
          0,
          0,
          0,
          0,
          0,
          0,
          0,
          0,
          0,
          0,
          0,
          0,
          0,
          0,
          0,
          0,
          0,
          0,
          0,
          0,
          0,
          0,
          0,
          0,
          0,
          0,
          0,
          0,
          0,
          0,
          0,
          0,
          0,
          0,
          0,
          0,
          0,
          0,
          0,
          0,
          0,
          0,
          0,
          0,
          0,
          0,
          0,
          0,
          0,
          0,
          0,
          0,
          0,
          0,
          0,
          0,
          0,
          0,
          0,
          0,
          0,
          0,
          0,
          0,
          0,
          0,
          0,
          0,
          0,
          0,
          0,
          0,
          0,
          0,
          0,
          0,
          0,
          0,
          0,
          0,
          0,
          0,
          0,
          0,
          0,
          0,
          0,
          0,
          0,
          0,
          0,
          0,
          0,
          0,
          0,
          0,
          0,
          0,
          0,
          0,
          0,
          0,
          0,
          0,
          0,
          0,
          0,
          0,
          0,
          0,
          0,
          0,
          0,
          0,
          0,
          0,
          0,
          0,
          0,
          0,
          0,
          0,
          0,
          0,
          0,
          0,
          0,
          0,
          0,
          0,
          0,
          0,
          0,
          0,
          0,
          0,
          0,
          0,
          0,
          0,
          0,
          0,
          0,
          0,
          0,
          0,
          0,
          0,
          0,
          0,
          0,
          0,
          0,
          0,
          0,
          0,
          0,
          0,
          0,
          0,
          0,
          0,
          0,
          0,
          0,
          0,
          0,
          0,
          0,
          0,
          0,
          0,
          0,
          0,
          0,
          0,
          0,
          0,
          0,
          0,
          0,
          0,
          0,
          0,
          0,
          0,
          0,
          0,
          0,
          0,
          0,
          0,
          0,
          0,
          0,
          0,
          0,
          0,
          0,
          0,
          0,
          0,
          0,
          0,
          0,
          0,
          0,
          0,
          0,
          0,
          0,
          0,
          0,
          0,
          0,
          0,
          0,
          0,
          0,
          0,
          0,
          0,
          0,
          0,
          0,
          0,
          0,
          0,
          0,
          0,
          0,
          0,
          0,
          0,
          0,
          0,
          0,
          0,
          0,
          0,
          0,
          0,
          0,
          0,
          0,
          0,
          0,
          0,
          0,
          0,
          0,
          0,
          0,
          0,
          0,
          0,
          0,
          0,
          0,
          0,
          0,
          0,
          0,
          0,
          0,
          0,
          0,
          0,
          0,
          0,
          0,
          0,
          0,
          0,
          0,
          0,
          0,
          0,
          0,
          0,
          0,
          0,
          0,
          0,
          0,
          0,
          0,
          0,
          0,
          0,
          0,
          0,
          0,
          0,
          0,
          0,
          0,
          0,
          0,
          0,
          0,
          0,
          0,
          0,
          0,
          0,
          0,
          0,
          0,
          0,
          0,
          0,
          0,
          0,
          0,
          0,
          0,
          0,
          0,
          0,
          0,
          0,
          0,
          0,
          0,
          0,
          0,
          0,
          0,
          0,
          0,
          0,
          0,
          0,
          0,
          0,
          0,
          0,
          0,
          0,
          0,
          0,
          0,
          0,
          0,
          0,
          0,
          0,
          0,
          0,
          0,
          0,
          0,
          0,
          0,
          0,
          0,
          0,
          0,
          0,
          0,
          0,
          0,
          0,
          0,
          0,
          0,
          0,
          0,
          0,
          0,
          0,
          0,
          0,
          0,
          0,
          0,
          0,
          0,
          0,
          0,
          0,
          0,
          0,
          0,
          0,
          0,
          0,
          0,
          0,
          0,
          0,
          0,
          0,
          0,
          0,
          0,
          0,
          0,
          0,
          0,
          0,
          0,
          0,
          0,
          0,
          0,
          0,
          0,
          0,
          0,
          0,
          0,
          0,
          0,
          0,
          0,
          0,
          0,
          0,
          0,
          0,
          0,
          0,
          0,
          0,
          0,
          0,
          0,
          0,
          0,
          0,
          0,
          0,
          0,
          0,
          0,
          0,
          0,
          0,
          0,
          0,
          0,
          0,
          0,
          0,
          0,
          0,
          0,
          0,
          0,
          0,
          0,
          0,
          0,
          0,
          0,
          0,
          0,
          0,
          0,
          0,
          0,
          0,
          0,
          0,
          0,
          0,
          0,
          0,
          0,
          0,
          0,
          0,
          0,
          0,
          0,
          0,
          0,
          0,
          0,
          0,
          0,
          0,
          0,
          0,
          0,
          0,
          0,
          0,
          0,
          0,
          0,
          0,
          0,
          0,
          0,
          0,
          0,
          0,
          0,
          0,
          0,
          0,
          0,
          0,
          0,
          0,
          0,
          0,
          0,
          0,
          0,
          0,
          0,
          0,
          0,
          0,
          0,
          0,
          0,
          0,
          0,
          0,
          0,
          0,
          0,
          0,
          0,
          0,
          0,
          0,
          0,
          0,
          0,
          0,
          0,
          0,
          0,
          0,
          0,
          0,
          0,
          0,
          0,
          0,
          0,
          0,
          0,
          0,
          0,
          0,
          0,
          0,
          0,
          0,
          0,
          0,
          0,
          0,
          0,
          0,
          0,
          0,
          0,
          0,
          0,
          0,
          0,
          0,
          0,
          0,
          0,
          0,
          0,
          0,
          0,
          0,
          0,
          0,
          0,
          0,
          0,
          0,
          0,
          0,
          0,
          0,
          0,
          0,
          0,
          0,
          0,
          0,
          0,
          0,
          0,
          0,
          0,
          0,
          0,
          0,
          0,
          0,
          0,
          0,
          0,
          0,
          0,
          0,
          0,
          0,
          0,
          0,
          0,
          0,
          0,
          0,
          0,
          0,
          0,
          0,
          0,
          0,
          0,
          0,
          0,
          0,
          0,
          0,
          0,
          0,
          0,
          0,
          0,
          0,
          0,
          0,
          0,
          0,
          0,
          0,
          0,
          0,
          0,
          0,
          0,
          0,
          0,
          0,
          0,
          0,
          0,
          0,
          0,
          0,
          0,
          0,
          0,
          0,
          0,
          0,
          0,
          0,
          0,
          0,
          0,
          0,
          0,
          0,
          0,
          0,
          0,
          0,
          0,
          0,
          0,
          0,
          0,
          0,
          0,
          0,
          0,
          0,
          0,
          0,
          0,
          0,
          0,
          0,
          0,
          0,
          0,
          0,
          0,
          0,
          0,
          0,
          0,
          0,
          0,
          0,
          0,
          0,
          0,
          0,
          0,
          0,
          0,
          0,
          0,
          0,
          0,
          0,
          0,
          0,
          0,
          0,
          0,
          0,
          0,
          0,
          0,
          0,
          0,
          0,
          0,
          0,
          0,
          0,
          0,
          0,
          0,
          0,
          0,
          0,
          0,
          0,
          0,
          0,
          0,
          0,
          0,
          0,
          0,
          0,
          0,
          0,
          0,
          0,
          0,
          0,
          0,
          0,
          0,
          0,
          0,
          0,
          0,
          0,
          0,
          0,
          0,
          0,
          0,
          0,
          0,
          0,
          0,
          0,
          0,
          0,
          0,
          0,
          0,
          0,
          0,
          0,
          0,
          0,
          0,
          0,
          0,
          0,
          0,
          0,
          0,
          0,
          0,
          0,
          0,
          0,
          0,
          0,
          0,
          0,
          0,
          0,
          0,
          0,
          0,
          0,
          0,
          0,
          0,
          0,
          0,
          0,
          0,
          0,
          0,
          0,
          0,
          0,
          0,
          0,
          0,
          0,
          0,
          0,
          0,
          0,
          0,
          0,
          0,
          0,
          0,
          0,
          0,
          0,
          0,
          0,
          0,
          0,
          0,
          0,
          0,
          0,
          0,
          0,
          0,
          0,
          0,
          0,
          0,
          0,
          0,
          0,
          0,
          0,
          0,
          0,
          0,
          0,
          0,
          0,
          0,
          0,
          0,
          0,
          0,
          0,
          0,
          0,
          0,
          0,
          0,
          0,
          0,
          0,
          0,
          0,
          0,
          0,
          0,
          0,
          0,
          0,
          0,
          0,
          0,
          0,
          0,
          0,
          0,
          0,
          0,
          0,
          0,
          0,
          0,
          0,
          0,
          0,
          0,
          0,
          0,
          0,
          0,
          0,
          0,
          0,
          0,
          0,
          0,
          0,
          0,
          0,
          0,
          0,
          0,
          0,
          0,
          0,
          0,
          0,
          0,
          0,
          0,
          0,
          0,
          0,
          0,
          0,
          0,
          0,
          0,
          0,
          0,
          0
        ]
      }
    },
    {
      "request": {
        "id": 90,
        "method": "condition",
        "args": [
          {
            "require_final": 1,
            "forbid_final": 1
          }
        ]
      },
      "response": {
        "key": "{\"zero_code\":null,\"one_code\":null,\"final_mask\":null,\"require_final\":1,\"forbid_final\":1,\"min_edges\":0,\"max_edges\":18}",
        "condition": {
          "zero_code": null,
          "one_code": null,
          "final_mask": null,
          "require_final": 1,
          "forbid_final": 1,
          "min_edges": 0,
          "max_edges": 18
        },
        "count": 0,
        "blocks": [
          0,
          0,
          0,
          0,
          0,
          0,
          0,
          0,
          0,
          0,
          0,
          0,
          0,
          0,
          0,
          0,
          0,
          0,
          0,
          0,
          0,
          0,
          0,
          0,
          0,
          0,
          0,
          0,
          0,
          0,
          0,
          0,
          0,
          0,
          0,
          0,
          0,
          0,
          0,
          0,
          0,
          0,
          0,
          0,
          0,
          0,
          0,
          0,
          0,
          0,
          0,
          0,
          0,
          0,
          0,
          0,
          0,
          0,
          0,
          0,
          0,
          0,
          0,
          0,
          0,
          0,
          0,
          0,
          0,
          0,
          0,
          0,
          0,
          0,
          0,
          0,
          0,
          0,
          0,
          0,
          0,
          0,
          0,
          0,
          0,
          0,
          0,
          0,
          0,
          0,
          0,
          0,
          0,
          0,
          0,
          0,
          0,
          0,
          0,
          0,
          0,
          0,
          0,
          0,
          0,
          0,
          0,
          0,
          0,
          0,
          0,
          0,
          0,
          0,
          0,
          0,
          0,
          0,
          0,
          0,
          0,
          0,
          0,
          0,
          0,
          0,
          0,
          0,
          0,
          0,
          0,
          0,
          0,
          0,
          0,
          0,
          0,
          0,
          0,
          0,
          0,
          0,
          0,
          0,
          0,
          0,
          0,
          0,
          0,
          0,
          0,
          0,
          0,
          0,
          0,
          0,
          0,
          0,
          0,
          0,
          0,
          0,
          0,
          0,
          0,
          0,
          0,
          0,
          0,
          0,
          0,
          0,
          0,
          0,
          0,
          0,
          0,
          0,
          0,
          0,
          0,
          0,
          0,
          0,
          0,
          0,
          0,
          0,
          0,
          0,
          0,
          0,
          0,
          0,
          0,
          0,
          0,
          0,
          0,
          0,
          0,
          0,
          0,
          0,
          0,
          0,
          0,
          0,
          0,
          0,
          0,
          0,
          0,
          0,
          0,
          0,
          0,
          0,
          0,
          0,
          0,
          0,
          0,
          0,
          0,
          0,
          0,
          0,
          0,
          0,
          0,
          0,
          0,
          0,
          0,
          0,
          0,
          0,
          0,
          0,
          0,
          0,
          0,
          0,
          0,
          0,
          0,
          0,
          0,
          0,
          0,
          0,
          0,
          0,
          0,
          0,
          0,
          0,
          0,
          0,
          0,
          0,
          0,
          0,
          0,
          0,
          0,
          0,
          0,
          0,
          0,
          0,
          0,
          0,
          0,
          0,
          0,
          0,
          0,
          0,
          0,
          0,
          0,
          0,
          0,
          0,
          0,
          0,
          0,
          0,
          0,
          0,
          0,
          0,
          0,
          0,
          0,
          0,
          0,
          0,
          0,
          0,
          0,
          0,
          0,
          0,
          0,
          0,
          0,
          0,
          0,
          0,
          0,
          0,
          0,
          0,
          0,
          0,
          0,
          0,
          0,
          0,
          0,
          0,
          0,
          0,
          0,
          0,
          0,
          0,
          0,
          0,
          0,
          0,
          0,
          0,
          0,
          0,
          0,
          0,
          0,
          0,
          0,
          0,
          0,
          0,
          0,
          0,
          0,
          0,
          0,
          0,
          0,
          0,
          0,
          0,
          0,
          0,
          0,
          0,
          0,
          0,
          0,
          0,
          0,
          0,
          0,
          0,
          0,
          0,
          0,
          0,
          0,
          0,
          0,
          0,
          0,
          0,
          0,
          0,
          0,
          0,
          0,
          0,
          0,
          0,
          0,
          0,
          0,
          0,
          0,
          0,
          0,
          0,
          0,
          0,
          0,
          0,
          0,
          0,
          0,
          0,
          0,
          0,
          0,
          0,
          0,
          0,
          0,
          0,
          0,
          0,
          0,
          0,
          0,
          0,
          0,
          0,
          0,
          0,
          0,
          0,
          0,
          0,
          0,
          0,
          0,
          0,
          0,
          0,
          0,
          0,
          0,
          0,
          0,
          0,
          0,
          0,
          0,
          0,
          0,
          0,
          0,
          0,
          0,
          0,
          0,
          0,
          0,
          0,
          0,
          0,
          0,
          0,
          0,
          0,
          0,
          0,
          0,
          0,
          0,
          0,
          0,
          0,
          0,
          0,
          0,
          0,
          0,
          0,
          0,
          0,
          0,
          0,
          0,
          0,
          0,
          0,
          0,
          0,
          0,
          0,
          0,
          0,
          0,
          0,
          0,
          0,
          0,
          0,
          0,
          0,
          0,
          0,
          0,
          0,
          0,
          0,
          0,
          0,
          0,
          0,
          0,
          0,
          0,
          0,
          0,
          0,
          0,
          0,
          0,
          0,
          0,
          0,
          0,
          0,
          0,
          0,
          0,
          0,
          0,
          0,
          0,
          0,
          0,
          0,
          0,
          0,
          0,
          0,
          0,
          0,
          0,
          0,
          0,
          0,
          0,
          0,
          0,
          0,
          0,
          0,
          0,
          0,
          0,
          0,
          0,
          0,
          0,
          0,
          0,
          0,
          0,
          0,
          0,
          0,
          0,
          0,
          0,
          0,
          0,
          0,
          0,
          0,
          0,
          0,
          0,
          0,
          0,
          0,
          0,
          0,
          0,
          0,
          0,
          0,
          0,
          0,
          0,
          0,
          0,
          0,
          0,
          0,
          0,
          0,
          0,
          0,
          0,
          0,
          0,
          0,
          0,
          0,
          0,
          0,
          0,
          0,
          0,
          0,
          0,
          0,
          0,
          0,
          0,
          0,
          0,
          0,
          0,
          0,
          0,
          0,
          0,
          0,
          0,
          0,
          0,
          0,
          0,
          0,
          0,
          0,
          0,
          0,
          0,
          0,
          0,
          0,
          0,
          0,
          0,
          0,
          0,
          0,
          0,
          0,
          0,
          0,
          0,
          0,
          0,
          0,
          0,
          0,
          0,
          0,
          0,
          0,
          0,
          0,
          0,
          0,
          0,
          0,
          0,
          0,
          0,
          0,
          0,
          0,
          0,
          0,
          0,
          0,
          0,
          0,
          0,
          0,
          0,
          0,
          0,
          0,
          0,
          0,
          0,
          0,
          0,
          0,
          0,
          0,
          0,
          0,
          0,
          0,
          0,
          0,
          0,
          0,
          0,
          0,
          0,
          0,
          0,
          0,
          0,
          0,
          0,
          0,
          0,
          0,
          0,
          0,
          0,
          0,
          0,
          0,
          0,
          0,
          0,
          0,
          0,
          0,
          0,
          0,
          0,
          0,
          0,
          0,
          0,
          0,
          0,
          0,
          0,
          0,
          0,
          0,
          0,
          0,
          0,
          0,
          0,
          0,
          0,
          0,
          0,
          0,
          0,
          0,
          0,
          0,
          0,
          0,
          0,
          0,
          0,
          0,
          0,
          0,
          0,
          0,
          0,
          0,
          0,
          0,
          0,
          0,
          0,
          0,
          0,
          0,
          0,
          0,
          0,
          0,
          0,
          0,
          0,
          0,
          0,
          0,
          0,
          0,
          0,
          0,
          0,
          0,
          0,
          0,
          0,
          0,
          0,
          0,
          0,
          0,
          0,
          0,
          0,
          0,
          0,
          0,
          0,
          0,
          0,
          0,
          0,
          0,
          0,
          0,
          0,
          0,
          0,
          0,
          0,
          0,
          0,
          0,
          0,
          0,
          0,
          0,
          0,
          0,
          0,
          0,
          0,
          0,
          0,
          0,
          0,
          0,
          0,
          0,
          0,
          0,
          0,
          0,
          0,
          0,
          0,
          0,
          0,
          0,
          0,
          0,
          0,
          0,
          0,
          0,
          0,
          0,
          0,
          0,
          0,
          0,
          0,
          0,
          0,
          0,
          0,
          0,
          0,
          0,
          0,
          0,
          0,
          0,
          0,
          0,
          0,
          0,
          0,
          0,
          0,
          0,
          0,
          0,
          0,
          0,
          0,
          0,
          0,
          0,
          0,
          0,
          0,
          0,
          0,
          0,
          0,
          0,
          0,
          0,
          0,
          0,
          0,
          0,
          0,
          0,
          0,
          0,
          0,
          0,
          0,
          0,
          0,
          0,
          0,
          0,
          0,
          0,
          0,
          0,
          0,
          0,
          0,
          0,
          0,
          0,
          0,
          0,
          0,
          0,
          0,
          0,
          0,
          0,
          0,
          0,
          0,
          0,
          0,
          0,
          0,
          0,
          0,
          0,
          0,
          0,
          0,
          0,
          0,
          0,
          0,
          0,
          0,
          0,
          0,
          0,
          0,
          0,
          0,
          0,
          0,
          0,
          0,
          0,
          0,
          0,
          0,
          0,
          0,
          0,
          0,
          0,
          0,
          0,
          0,
          0,
          0,
          0,
          0,
          0,
          0,
          0,
          0,
          0,
          0,
          0,
          0,
          0,
          0,
          0,
          0,
          0,
          0,
          0,
          0,
          0,
          0,
          0,
          0,
          0,
          0,
          0,
          0,
          0,
          0,
          0,
          0,
          0,
          0,
          0,
          0,
          0,
          0,
          0,
          0,
          0,
          0,
          0,
          0,
          0,
          0,
          0,
          0,
          0,
          0,
          0,
          0,
          0,
          0,
          0,
          0,
          0,
          0,
          0,
          0,
          0,
          0,
          0,
          0,
          0,
          0,
          0
        ],
        "prefix": [
          0,
          0,
          0,
          0,
          0,
          0,
          0,
          0,
          0,
          0,
          0,
          0,
          0,
          0,
          0,
          0,
          0,
          0,
          0,
          0,
          0,
          0,
          0,
          0,
          0,
          0,
          0,
          0,
          0,
          0,
          0,
          0,
          0,
          0,
          0,
          0,
          0,
          0,
          0,
          0,
          0,
          0,
          0,
          0,
          0,
          0,
          0,
          0,
          0,
          0,
          0,
          0,
          0,
          0,
          0,
          0,
          0,
          0,
          0,
          0,
          0,
          0,
          0,
          0,
          0,
          0,
          0,
          0,
          0,
          0,
          0,
          0,
          0,
          0,
          0,
          0,
          0,
          0,
          0,
          0,
          0,
          0,
          0,
          0,
          0,
          0,
          0,
          0,
          0,
          0,
          0,
          0,
          0,
          0,
          0,
          0,
          0,
          0,
          0,
          0,
          0,
          0,
          0,
          0,
          0,
          0,
          0,
          0,
          0,
          0,
          0,
          0,
          0,
          0,
          0,
          0,
          0,
          0,
          0,
          0,
          0,
          0,
          0,
          0,
          0,
          0,
          0,
          0,
          0,
          0,
          0,
          0,
          0,
          0,
          0,
          0,
          0,
          0,
          0,
          0,
          0,
          0,
          0,
          0,
          0,
          0,
          0,
          0,
          0,
          0,
          0,
          0,
          0,
          0,
          0,
          0,
          0,
          0,
          0,
          0,
          0,
          0,
          0,
          0,
          0,
          0,
          0,
          0,
          0,
          0,
          0,
          0,
          0,
          0,
          0,
          0,
          0,
          0,
          0,
          0,
          0,
          0,
          0,
          0,
          0,
          0,
          0,
          0,
          0,
          0,
          0,
          0,
          0,
          0,
          0,
          0,
          0,
          0,
          0,
          0,
          0,
          0,
          0,
          0,
          0,
          0,
          0,
          0,
          0,
          0,
          0,
          0,
          0,
          0,
          0,
          0,
          0,
          0,
          0,
          0,
          0,
          0,
          0,
          0,
          0,
          0,
          0,
          0,
          0,
          0,
          0,
          0,
          0,
          0,
          0,
          0,
          0,
          0,
          0,
          0,
          0,
          0,
          0,
          0,
          0,
          0,
          0,
          0,
          0,
          0,
          0,
          0,
          0,
          0,
          0,
          0,
          0,
          0,
          0,
          0,
          0,
          0,
          0,
          0,
          0,
          0,
          0,
          0,
          0,
          0,
          0,
          0,
          0,
          0,
          0,
          0,
          0,
          0,
          0,
          0,
          0,
          0,
          0,
          0,
          0,
          0,
          0,
          0,
          0,
          0,
          0,
          0,
          0,
          0,
          0,
          0,
          0,
          0,
          0,
          0,
          0,
          0,
          0,
          0,
          0,
          0,
          0,
          0,
          0,
          0,
          0,
          0,
          0,
          0,
          0,
          0,
          0,
          0,
          0,
          0,
          0,
          0,
          0,
          0,
          0,
          0,
          0,
          0,
          0,
          0,
          0,
          0,
          0,
          0,
          0,
          0,
          0,
          0,
          0,
          0,
          0,
          0,
          0,
          0,
          0,
          0,
          0,
          0,
          0,
          0,
          0,
          0,
          0,
          0,
          0,
          0,
          0,
          0,
          0,
          0,
          0,
          0,
          0,
          0,
          0,
          0,
          0,
          0,
          0,
          0,
          0,
          0,
          0,
          0,
          0,
          0,
          0,
          0,
          0,
          0,
          0,
          0,
          0,
          0,
          0,
          0,
          0,
          0,
          0,
          0,
          0,
          0,
          0,
          0,
          0,
          0,
          0,
          0,
          0,
          0,
          0,
          0,
          0,
          0,
          0,
          0,
          0,
          0,
          0,
          0,
          0,
          0,
          0,
          0,
          0,
          0,
          0,
          0,
          0,
          0,
          0,
          0,
          0,
          0,
          0,
          0,
          0,
          0,
          0,
          0,
          0,
          0,
          0,
          0,
          0,
          0,
          0,
          0,
          0,
          0,
          0,
          0,
          0,
          0,
          0,
          0,
          0,
          0,
          0,
          0,
          0,
          0,
          0,
          0,
          0,
          0,
          0,
          0,
          0,
          0,
          0,
          0,
          0,
          0,
          0,
          0,
          0,
          0,
          0,
          0,
          0,
          0,
          0,
          0,
          0,
          0,
          0,
          0,
          0,
          0,
          0,
          0,
          0,
          0,
          0,
          0,
          0,
          0,
          0,
          0,
          0,
          0,
          0,
          0,
          0,
          0,
          0,
          0,
          0,
          0,
          0,
          0,
          0,
          0,
          0,
          0,
          0,
          0,
          0,
          0,
          0,
          0,
          0,
          0,
          0,
          0,
          0,
          0,
          0,
          0,
          0,
          0,
          0,
          0,
          0,
          0,
          0,
          0,
          0,
          0,
          0,
          0,
          0,
          0,
          0,
          0,
          0,
          0,
          0,
          0,
          0,
          0,
          0,
          0,
          0,
          0,
          0,
          0,
          0,
          0,
          0,
          0,
          0,
          0,
          0,
          0,
          0,
          0,
          0,
          0,
          0,
          0,
          0,
          0,
          0,
          0,
          0,
          0,
          0,
          0,
          0,
          0,
          0,
          0,
          0,
          0,
          0,
          0,
          0,
          0,
          0,
          0,
          0,
          0,
          0,
          0,
          0,
          0,
          0,
          0,
          0,
          0,
          0,
          0,
          0,
          0,
          0,
          0,
          0,
          0,
          0,
          0,
          0,
          0,
          0,
          0,
          0,
          0,
          0,
          0,
          0,
          0,
          0,
          0,
          0,
          0,
          0,
          0,
          0,
          0,
          0,
          0,
          0,
          0,
          0,
          0,
          0,
          0,
          0,
          0,
          0,
          0,
          0,
          0,
          0,
          0,
          0,
          0,
          0,
          0,
          0,
          0,
          0,
          0,
          0,
          0,
          0,
          0,
          0,
          0,
          0,
          0,
          0,
          0,
          0,
          0,
          0,
          0,
          0,
          0,
          0,
          0,
          0,
          0,
          0,
          0,
          0,
          0,
          0,
          0,
          0,
          0,
          0,
          0,
          0,
          0,
          0,
          0,
          0,
          0,
          0,
          0,
          0,
          0,
          0,
          0,
          0,
          0,
          0,
          0,
          0,
          0,
          0,
          0,
          0,
          0,
          0,
          0,
          0,
          0,
          0,
          0,
          0,
          0,
          0,
          0,
          0,
          0,
          0,
          0,
          0,
          0,
          0,
          0,
          0,
          0,
          0,
          0,
          0,
          0,
          0,
          0,
          0,
          0,
          0,
          0,
          0,
          0,
          0,
          0,
          0,
          0,
          0,
          0,
          0,
          0,
          0,
          0,
          0,
          0,
          0,
          0,
          0,
          0,
          0,
          0,
          0,
          0,
          0,
          0,
          0,
          0,
          0,
          0,
          0,
          0,
          0,
          0,
          0,
          0,
          0,
          0,
          0,
          0,
          0,
          0,
          0,
          0,
          0,
          0,
          0,
          0,
          0,
          0,
          0,
          0,
          0,
          0,
          0,
          0,
          0,
          0,
          0,
          0,
          0,
          0,
          0,
          0,
          0,
          0,
          0,
          0,
          0,
          0,
          0,
          0,
          0,
          0,
          0,
          0,
          0,
          0,
          0,
          0,
          0,
          0,
          0,
          0,
          0,
          0,
          0,
          0,
          0,
          0,
          0,
          0,
          0,
          0,
          0,
          0,
          0,
          0,
          0,
          0,
          0,
          0,
          0,
          0,
          0,
          0,
          0,
          0,
          0,
          0,
          0,
          0,
          0,
          0,
          0,
          0,
          0,
          0,
          0,
          0,
          0,
          0,
          0,
          0,
          0,
          0,
          0,
          0,
          0,
          0,
          0,
          0,
          0,
          0,
          0,
          0,
          0,
          0,
          0,
          0,
          0,
          0,
          0,
          0,
          0,
          0,
          0,
          0,
          0,
          0,
          0,
          0,
          0,
          0,
          0,
          0,
          0,
          0,
          0,
          0,
          0,
          0,
          0,
          0,
          0,
          0,
          0,
          0,
          0,
          0,
          0,
          0,
          0,
          0,
          0,
          0,
          0,
          0,
          0,
          0,
          0,
          0,
          0,
          0,
          0,
          0,
          0,
          0,
          0,
          0,
          0,
          0,
          0,
          0,
          0,
          0,
          0,
          0,
          0,
          0,
          0,
          0,
          0,
          0,
          0,
          0,
          0,
          0,
          0,
          0,
          0,
          0,
          0,
          0,
          0,
          0,
          0,
          0,
          0,
          0,
          0,
          0,
          0,
          0,
          0,
          0,
          0,
          0,
          0,
          0,
          0,
          0,
          0,
          0,
          0,
          0,
          0,
          0,
          0,
          0,
          0,
          0,
          0,
          0,
          0,
          0,
          0,
          0,
          0,
          0,
          0,
          0,
          0,
          0,
          0,
          0,
          0,
          0,
          0,
          0,
          0,
          0,
          0,
          0,
          0,
          0,
          0,
          0,
          0,
          0,
          0,
          0,
          0,
          0,
          0,
          0,
          0,
          0,
          0,
          0,
          0,
          0,
          0,
          0,
          0,
          0,
          0,
          0,
          0,
          0,
          0,
          0,
          0,
          0,
          0,
          0,
          0,
          0,
          0,
          0,
          0
        ]
      }
    },
    {
      "request": {
        "id": 91,
        "method": "condition",
        "args": [
          {
            "require_final": 1
          }
        ]
      },
      "response": {
        "key": "{\"zero_code\":null,\"one_code\":null,\"final_mask\":null,\"require_final\":1,\"forbid_final\":0,\"min_edges\":0,\"max_edges\":18}",
        "condition": {
          "zero_code": null,
          "one_code": null,
          "final_mask": null,
          "require_final": 1,
          "forbid_final": 0,
          "min_edges": 0,
          "max_edges": 18
        },
        "count": 15148,
        "blocks": [
          0,
          0,
          24,
          32,
          0,
          0,
          24,
          32,
          0,
          0,
          24,
          32,
          0,
          0,
          24,
          32,
          0,
          0,
          4,
          12,
          14,
          22,
          4,
          12,
          278,
          292,
          4,
          12,
          9,
          17,
          4,
          12,
          10,
          20,
          14,
          22,
          2,
          6,
          14,
          22,
          10,
          20,
          14,
          22,
          2,
          6,
          14,
          22,
          20,
          40,
          4,
          12,
          4,
          12,
          4,
          12,
          20,
          40,
          4,
          12,
          4,
          12,
          4,
          12,
          0,
          0,
          24,
          32,
          380,
          384,
          24,
          32,
          0,
          0,
          24,
          32,
          380,
          384,
          24,
          32,
          0,
          0,
          4,
          12,
          14,
          22,
          4,
          12,
          278,
          292,
          4,
          12,
          9,
          17,
          4,
          12,
          15,
          30,
          9,
          17,
          3,
          9,
          9,
          17,
          15,
          30,
          9,
          17,
          3,
          9,
          9,
          17,
          20,
          40,
          4,
          12,
          4,
          12,
          4,
          12,
          20,
          40,
          4,
          12,
          4,
          12,
          4,
          12,
          0,
          0,
          16,
          0,
          250,
          320,
          16,
          0,
          20,
          16,
          16,
          0,
          18,
          8,
          16,
          0,
          0,
          0,
          0,
          0,
          12,
          16,
          0,
          0,
          12,
          16,
          0,
          0,
          6,
          8,
          0,
          0,
          10,
          20,
          8,
          0,
          0,
          0,
          8,
          0,
          11,
          11,
          8,
          0,
          10,
          8,
          8,
          0,
          20,
          40,
          0,
          0,
          0,
          0,
          0,
          0,
          2,
          6,
          0,
          0,
          0,
          0,
          0,
          0,
          556,
          584,
          0,
          0,
          6,
          13,
          0,
          0,
          2,
          6,
          0,
          0,
          0,
          0,
          0,
          0,
          556,
          584,
          0,
          0,
          0,
          0,
          0,
          0,
          2,
          6,
          0,
          0,
          0,
          0,
          0,
          0,
          20,
          40,
          0,
          0,
          0,
          0,
          0,
          0,
          2,
          6,
          0,
          0,
          0,
          0,
          0,
          0,
          20,
          40,
          0,
          0,
          0,
          0,
          0,
          0,
          2,
          6,
          0,
          0,
          0,
          0,
          0,
          0,
          0,
          0,
          24,
          32,
          0,
          0,
          24,
          32,
          380,
          384,
          24,
          32,
          380,
          384,
          24,
          32,
          500,
          640,
          0,
          0,
          8,
          0,
          0,
          0,
          19,
          0,
          0,
          0,
          0,
          0,
          0,
          0,
          0,
          0,
          12,
          16,
          0,
          0,
          12,
          16,
          0,
          0,
          12,
          16,
          0,
          0,
          12,
          16,
          0,
          0,
          0,
          0,
          0,
          0,
          0,
          0,
          0,
          0,
          0,
          0,
          0,
          0,
          0,
          0,
          20,
          10,
          11,
          11,
          9,
          10,
          11,
          11,
          16,
          3,
          11,
          11,
          5,
          3,
          11,
          11,
          30,
          0,
          0,
          0,
          8,
          0,
          0,
          0,
          0,
          0,
          0,
          0,
          0,
          0,
          0,
          0,
          0,
          0,
          6,
          8,
          0,
          0,
          6,
          8,
          0,
          0,
          6,
          8,
          0,
          0,
          6,
          8,
          0,
          0,
          0,
          0,
          0,
          0,
          0,
          0,
          0,
          0,
          0,
          0,
          0,
          0,
          0,
          0,
          0,
          0,
          16,
          0,
          250,
          320,
          16,
          0,
          20,
          16,
          16,
          0,
          18,
          8,
          16,
          0,
          500,
          640,
          0,
          0,
          8,
          0,
          0,
          0,
          0,
          0,
          0,
          0,
          0,
          0,
          0,
          0,
          0,
          0,
          8,
          0,
          0,
          0,
          8,
          0,
          10,
          8,
          8,
          0,
          10,
          8,
          8,
          0,
          0,
          0,
          0,
          0,
          0,
          0,
          0,
          0,
          0,
          0,
          0,
          0,
          0,
          0,
          0,
          0,
          10,
          20,
          0,
          0,
          0,
          0,
          0,
          0,
          2,
          6,
          0,
          0,
          0,
          0,
          0,
          0,
          0,
          0,
          0,
          0,
          0,
          0,
          0,
          0,
          0,
          0,
          0,
          0,
          0,
          0,
          0,
          0,
          0,
          0,
          0,
          0,
          0,
          0,
          0,
          0,
          0,
          0,
          0,
          0,
          0,
          0,
          0,
          0,
          0,
          0,
          0,
          0,
          0,
          0,
          0,
          0,
          0,
          0,
          0,
          0,
          0,
          0,
          0,
          0,
          30,
          0,
          20,
          16,
          30,
          0,
          20,
          16,
          8,
          0,
          20,
          16,
          8,
          0,
          20,
          16,
          30,
          0,
          2,
          6,
          11,
          11,
          2,
          6,
          0,
          0,
          2,
          6,
          7,
          11,
          2,
          6,
          20,
          10,
          11,
          11,
          16,
          3,
          11,
          11,
          9,
          10,
          11,
          11,
          5,
          3,
          11,
          11,
          10,
          20,
          2,
          6,
          2,
          6,
          2,
          6,
          10,
          20,
          2,
          6,
          2,
          6,
          2,
          6,
          0,
          0,
          12,
          16,
          0,
          0,
          12,
          16,
          0,
          0,
          12,
          16,
          0,
          0,
          12,
          16,
          0,
          0,
          2,
          6,
          7,
          11,
          2,
          6,
          0,
          0,
          2,
          6,
          7,
          11,
          2,
          6,
          5,
          10,
          7,
          11,
          1,
          3,
          7,
          11,
          5,
          10,
          7,
          11,
          1,
          3,
          7,
          11,
          10,
          20,
          2,
          6,
          2,
          6,
          2,
          6,
          10,
          20,
          2,
          6,
          2,
          6,
          2,
          6,
          60,
          0,
          16,
          0,
          60,
          0,
          16,
          0,
          16,
          0,
          16,
          0,
          16,
          0,
          16,
          0,
          60,
          0,
          0,
          0,
          8,
          0,
          0,
          0,
          0,
          0,
          0,
          0,
          0,
          0,
          0,
          0,
          30,
          0,
          8,
          0,
          30,
          0,
          8,
          0,
          8,
          0,
          8,
          0,
          8,
          0,
          8,
          0,
          0,
          0,
          0,
          0,
          0,
          0,
          0,
          0,
          0,
          0,
          0,
          0,
          0,
          0,
          0,
          0,
          0,
          0,
          0,
          0,
          0,
          0,
          0,
          0,
          0,
          0,
          0,
          0,
          0,
          0,
          0,
          0,
          0,
          0,
          0,
          0,
          0,
          0,
          0,
          0,
          0,
          0,
          0,
          0,
          0,
          0,
          0,
          0,
          0,
          0,
          0,
          0,
          0,
          0,
          0,
          0,
          0,
          0,
          0,
          0,
          0,
          0,
          0,
          0,
          0,
          0,
          0,
          0,
          0,
          0,
          0,
          0,
          0,
          0,
          0,
          0,
          0,
          0,
          0,
          0,
          45,
          0,
          18,
          8,
          45,
          0,
          18,
          8,
          12,
          0,
          18,
          8,
          12,
          0,
          18,
          8,
          60,
          0,
          0,
          0,
          8,
          0,
          0,
          0,
          0,
          0,
          0,
          0,
          0,
          0,
          0,
          0,
          15,
          0,
          10,
          8,
          15,
          0,
          10,
          8,
          4,
          0,
          10,
          8,
          4,
          0,
          10,
          8,
          0,
          0,
          0,
          0,
          0,
          0,
          0,
          0,
          0,
          0,
          0,
          0,
          0,
          0,
          0,
          0,
          0,
          0,
          6,
          8,
          0,
          0,
          6,
          8,
          0,
          0,
          6,
          8,
          0,
          0,
          6,
          8,
          0,
          0,
          0,
          0,
          0,
          0,
          0,
          0,
          0,
          0,
          0,
          0,
          0,
          0,
          0,
          0,
          0,
          0,
          6,
          8,
          0,
          0,
          6,
          8,
          0,
          0,
          6,
          8,
          0,
          0,
          6,
          8,
          0,
          0,
          0,
          0,
          0,
          0,
          0,
          0,
          0,
          0,
          0,
          0,
          0,
          0,
          0,
          0,
          60,
          0,
          16,
          0,
          60,
          0,
          16,
          0,
          16,
          0,
          16,
          0,
          16,
          0,
          16,
          0,
          60,
          0,
          0,
          0,
          8,
          0,
          0,
          0,
          0,
          0,
          0,
          0,
          0,
          0,
          0,
          0,
          30,
          0,
          8,
          0,
          30,
          0,
          8,
          0,
          8,
          0,
          8,
          0,
          8,
          0,
          8,
          0,
          0,
          0,
          0,
          0,
          0,
          0,
          0,
          0,
          0,
          0,
          0,
          0,
          0,
          0,
          0,
          0,
          0,
          0,
          0,
          0,
          0,
          0,
          0,
          0,
          0,
          0,
          0,
          0,
          0,
          0,
          0,
          0,
          0,
          0,
          0,
          0,
          0,
          0,
          0,
          0,
          0,
          0,
          0,
          0,
          0,
          0,
          0,
          0,
          0,
          0,
          0,
          0,
          0,
          0,
          0,
          0,
          0,
          0,
          0,
          0,
          0,
          0,
          0,
          0,
          0,
          0,
          0,
          0,
          0,
          0,
          0,
          0,
          0,
          0,
          0,
          0,
          0,
          0,
          0,
          0
        ],
        "prefix": [
          0,
          0,
          0,
          24,
          56,
          56,
          56,
          80,
          112,
          112,
          112,
          136,
          168,
          168,
          168,
          192,
          224,
          224,
          224,
          228,
          240,
          254,
          276,
          280,
          292,
          570,
          862,
          866,
          878,
          887,
          904,
          908,
          920,
          930,
          950,
          964,
          986,
          988,
          994,
          1008,
          1030,
          1040,
          1060,
          1074,
          1096,
          1098,
          1104,
          1118,
          1140,
          1160,
          1200,
          1204,
          1216,
          1220,
          1232,
          1236,
          1248,
          1268,
          1308,
          1312,
          1324,
          1328,
          1340,
          1344,
          1356,
          1356,
          1356,
          1380,
          1412,
          1792,
          2176,
          2200,
          2232,
          2232,
          2232,
          2256,
          2288,
          2668,
          3052,
          3076,
          3108,
          3108,
          3108,
          3112,
          3124,
          3138,
          3160,
          3164,
          3176,
          3454,
          3746,
          3750,
          3762,
          3771,
          3788,
          3792,
          3804,
          3819,
          3849,
          3858,
          3875,
          3878,
          3887,
          3896,
          3913,
          3928,
          3958,
          3967,
          3984,
          3987,
          3996,
          4005,
          4022,
          4042,
          4082,
          4086,
          4098,
          4102,
          4114,
          4118,
          4130,
          4150,
          4190,
          4194,
          4206,
          4210,
          4222,
          4226,
          4238,
          4238,
          4238,
          4254,
          4254,
          4504,
          4824,
          4840,
          4840,
          4860,
          4876,
          4892,
          4892,
          4910,
          4918,
          4934,
          4934,
          4934,
          4934,
          4934,
          4934,
          4946,
          4962,
          4962,
          4962,
          4974,
          4990,
          4990,
          4990,
          4996,
          5004,
          5004,
          5004,
          5014,
          5034,
          5042,
          5042,
          5042,
          5042,
          5050,
          5050,
          5061,
          5072,
          5080,
          5080,
          5090,
          5098,
          5106,
          5106,
          5126,
          5166,
          5166,
          5166,
          5166,
          5166,
          5166,
          5166,
          5168,
          5174,
          5174,
          5174,
          5174,
          5174,
          5174,
          5174,
          5730,
          6314,
          6314,
          6314,
          6320,
          6333,
          6333,
          6333,
          6335,
          6341,
          6341,
          6341,
          6341,
          6341,
          6341,
          6341,
          6897,
          7481,
          7481,
          7481,
          7481,
          7481,
          7481,
          7481,
          7483,
          7489,
          7489,
          7489,
          7489,
          7489,
          7489,
          7489,
          7509,
          7549,
          7549,
          7549,
          7549,
          7549,
          7549,
          7549,
          7551,
          7557,
          7557,
          7557,
          7557,
          7557,
          7557,
          7557,
          7577,
          7617,
          7617,
          7617,
          7617,
          7617,
          7617,
          7617,
          7619,
          7625,
          7625,
          7625,
          7625,
          7625,
          7625,
          7625,
          7625,
          7625,
          7649,
          7681,
          7681,
          7681,
          7705,
          7737,
          8117,
          8501,
          8525,
          8557,
          8937,
          9321,
          9345,
          9377,
          9877,
          10517,
          10517,
          10517,
          10525,
          10525,
          10525,
          10525,
          10544,
          10544,
          10544,
          10544,
          10544,
          10544,
          10544,
          10544,
          10544,
          10544,
          10556,
          10572,
          10572,
          10572,
          10584,
          10600,
          10600,
          10600,
          10612,
          10628,
          10628,
          10628,
          10640,
          10656,
          10656,
          10656,
          10656,
          10656,
          10656,
          10656,
          10656,
          10656,
          10656,
          10656,
          10656,
          10656,
          10656,
          10656,
          10656,
          10656,
          10676,
          10686,
          10697,
          10708,
          10717,
          10727,
          10738,
          10749,
          10765,
          10768,
          10779,
          10790,
          10795,
          10798,
          10809,
          10820,
          10850,
          10850,
          10850,
          10850,
          10858,
          10858,
          10858,
          10858,
          10858,
          10858,
          10858,
          10858,
          10858,
          10858,
          10858,
          10858,
          10858,
          10858,
          10864,
          10872,
          10872,
          10872,
          10878,
          10886,
          10886,
          10886,
          10892,
          10900,
          10900,
          10900,
          10906,
          10914,
          10914,
          10914,
          10914,
          10914,
          10914,
          10914,
          10914,
          10914,
          10914,
          10914,
          10914,
          10914,
          10914,
          10914,
          10914,
          10914,
          10914,
          10914,
          10930,
          10930,
          11180,
          11500,
          11516,
          11516,
          11536,
          11552,
          11568,
          11568,
          11586,
          11594,
          11610,
          11610,
          12110,
          12750,
          12750,
          12750,
          12758,
          12758,
          12758,
          12758,
          12758,
          12758,
          12758,
          12758,
          12758,
          12758,
          12758,
          12758,
          12758,
          12758,
          12766,
          12766,
          12766,
          12766,
          12774,
          12774,
          12784,
          12792,
          12800,
          12800,
          12810,
          12818,
          12826,
          12826,
          12826,
          12826,
          12826,
          12826,
          12826,
          12826,
          12826,
          12826,
          12826,
          12826,
          12826,
          12826,
          12826,
          12826,
          12826,
          12826,
          12836,
          12856,
          12856,
          12856,
          12856,
          12856,
          12856,
          12856,
          12858,
          12864,
          12864,
          12864,
          12864,
          12864,
          12864,
          12864,
          12864,
          12864,
          12864,
          12864,
          12864,
          12864,
          12864,
          12864,
          12864,
          12864,
          12864,
          12864,
          12864,
          12864,
          12864,
          12864,
          12864,
          12864,
          12864,
          12864,
          12864,
          12864,
          12864,
          12864,
          12864,
          12864,
          12864,
          12864,
          12864,
          12864,
          12864,
          12864,
          12864,
          12864,
          12864,
          12864,
          12864,
          12864,
          12864,
          12864,
          12864,
          12864,
          12864,
          12864,
          12864,
          12864,
          12864,
          12864,
          12894,
          12894,
          12914,
          12930,
          12960,
          12960,
          12980,
          12996,
          13004,
          13004,
          13024,
          13040,
          13048,
          13048,
          13068,
          13084,
          13114,
          13114,
          13116,
          13122,
          13133,
          13144,
          13146,
          13152,
          13152,
          13152,
          13154,
          13160,
          13167,
          13178,
          13180,
          13186,
          13206,
          13216,
          13227,
          13238,
          13254,
          13257,
          13268,
          13279,
          13288,
          13298,
          13309,
          13320,
          13325,
          13328,
          13339,
          13350,
          13360,
          13380,
          13382,
          13388,
          13390,
          13396,
          13398,
          13404,
          13414,
          13434,
          13436,
          13442,
          13444,
          13450,
          13452,
          13458,
          13458,
          13458,
          13470,
          13486,
          13486,
          13486,
          13498,
          13514,
          13514,
          13514,
          13526,
          13542,
          13542,
          13542,
          13554,
          13570,
          13570,
          13570,
          13572,
          13578,
          13585,
          13596,
          13598,
          13604,
          13604,
          13604,
          13606,
          13612,
          13619,
          13630,
          13632,
          13638,
          13643,
          13653,
          13660,
          13671,
          13672,
          13675,
          13682,
          13693,
          13698,
          13708,
          13715,
          13726,
          13727,
          13730,
          13737,
          13748,
          13758,
          13778,
          13780,
          13786,
          13788,
          13794,
          13796,
          13802,
          13812,
          13832,
          13834,
          13840,
          13842,
          13848,
          13850,
          13856,
          13916,
          13916,
          13932,
          13932,
          13992,
          13992,
          14008,
          14008,
          14024,
          14024,
          14040,
          14040,
          14056,
          14056,
          14072,
          14072,
          14132,
          14132,
          14132,
          14132,
          14140,
          14140,
          14140,
          14140,
          14140,
          14140,
          14140,
          14140,
          14140,
          14140,
          14140,
          14140,
          14170,
          14170,
          14178,
          14178,
          14208,
          14208,
          14216,
          14216,
          14224,
          14224,
          14232,
          14232,
          14240,
          14240,
          14248,
          14248,
          14248,
          14248,
          14248,
          14248,
          14248,
          14248,
          14248,
          14248,
          14248,
          14248,
          14248,
          14248,
          14248,
          14248,
          14248,
          14248,
          14248,
          14248,
          14248,
          14248,
          14248,
          14248,
          14248,
          14248,
          14248,
          14248,
          14248,
          14248,
          14248,
          14248,
          14248,
          14248,
          14248,
          14248,
          14248,
          14248,
          14248,
          14248,
          14248,
          14248,
          14248,
          14248,
          14248,
          14248,
          14248,
          14248,
          14248,
          14248,
          14248,
          14248,
          14248,
          14248,
          14248,
          14248,
          14248,
          14248,
          14248,
          14248,
          14248,
          14248,
          14248,
          14248,
          14248,
          14248,
          14248,
          14248,
          14248,
          14248,
          14248,
          14248,
          14248,
          14248,
          14248,
          14248,
          14248,
          14248,
          14248,
          14248,
          14248,
          14248,
          14293,
          14293,
          14311,
          14319,
          14364,
          14364,
          14382,
          14390,
          14402,
          14402,
          14420,
          14428,
          14440,
          14440,
          14458,
          14466,
          14526,
          14526,
          14526,
          14526,
          14534,
          14534,
          14534,
          14534,
          14534,
          14534,
          14534,
          14534,
          14534,
          14534,
          14534,
          14534,
          14549,
          14549,
          14559,
          14567,
          14582,
          14582,
          14592,
          14600,
          14604,
          14604,
          14614,
          14622,
          14626,
          14626,
          14636,
          14644,
          14644,
          14644,
          14644,
          14644,
          14644,
          14644,
          14644,
          14644,
          14644,
          14644,
          14644,
          14644,
          14644,
          14644,
          14644,
          14644,
          14644,
          14644,
          14650,
          14658,
          14658,
          14658,
          14664,
          14672,
          14672,
          14672,
          14678,
          14686,
          14686,
          14686,
          14692,
          14700,
          14700,
          14700,
          14700,
          14700,
          14700,
          14700,
          14700,
          14700,
          14700,
          14700,
          14700,
          14700,
          14700,
          14700,
          14700,
          14700,
          14700,
          14700,
          14706,
          14714,
          14714,
          14714,
          14720,
          14728,
          14728,
          14728,
          14734,
          14742,
          14742,
          14742,
          14748,
          14756,
          14756,
          14756,
          14756,
          14756,
          14756,
          14756,
          14756,
          14756,
          14756,
          14756,
          14756,
          14756,
          14756,
          14756,
          14756,
          14756,
          14816,
          14816,
          14832,
          14832,
          14892,
          14892,
          14908,
          14908,
          14924,
          14924,
          14940,
          14940,
          14956,
          14956,
          14972,
          14972,
          15032,
          15032,
          15032,
          15032,
          15040,
          15040,
          15040,
          15040,
          15040,
          15040,
          15040,
          15040,
          15040,
          15040,
          15040,
          15040,
          15070,
          15070,
          15078,
          15078,
          15108,
          15108,
          15116,
          15116,
          15124,
          15124,
          15132,
          15132,
          15140,
          15140,
          15148,
          15148,
          15148,
          15148,
          15148,
          15148,
          15148,
          15148,
          15148,
          15148,
          15148,
          15148,
          15148,
          15148,
          15148,
          15148,
          15148,
          15148,
          15148,
          15148,
          15148,
          15148,
          15148,
          15148,
          15148,
          15148,
          15148,
          15148,
          15148,
          15148,
          15148,
          15148,
          15148,
          15148,
          15148,
          15148,
          15148,
          15148,
          15148,
          15148,
          15148,
          15148,
          15148,
          15148,
          15148,
          15148,
          15148,
          15148,
          15148,
          15148,
          15148,
          15148,
          15148,
          15148,
          15148,
          15148,
          15148,
          15148,
          15148,
          15148,
          15148,
          15148,
          15148,
          15148,
          15148,
          15148,
          15148,
          15148,
          15148,
          15148,
          15148,
          15148,
          15148,
          15148,
          15148,
          15148,
          15148,
          15148,
          15148,
          15148,
          15148,
          15148
        ]
      }
    },
    {
      "request": {
        "id": 92,
        "method": "select",
        "args": [
          {
            "require_final": 1
          },
          0
        ]
      },
      "response": {
        "rank": 0,
        "table_code": 626,
        "zero_code": 114,
        "one_code": 1,
        "initial_state": 0,
        "final_mask": 1,
        "zero_rows": [
          2,
          6,
          1
        ],
        "one_rows": [
          1,
          0,
          0
        ],
        "first_terminal_mask": 1,
        "second_terminal_mask": 0,
        "edges": 5,
        "separates": true
      }
    },
    {
      "request": {
        "id": 93,
        "method": "rank",
        "args": [
          {
            "require_final": 1
          },
          626,
          1
        ]
      },
      "response": {
        "table_code": 626,
        "final_mask": 1,
        "rank": 0
      }
    },
    {
      "request": {
        "id": 94,
        "method": "select",
        "args": [
          {
            "require_final": 1
          },
          7574
        ]
      },
      "response": {
        "rank": 7574,
        "table_code": 61674,
        "zero_code": 234,
        "one_code": 120,
        "initial_state": 0,
        "final_mask": 3,
        "zero_rows": [
          2,
          5,
          3
        ],
        "one_rows": [
          0,
          7,
          1
        ],
        "first_terminal_mask": 7,
        "second_terminal_mask": 0,
        "edges": 9,
        "separates": true
      }
    },
    {
      "request": {
        "id": 95,
        "method": "rank",
        "args": [
          {
            "require_final": 1
          },
          61674,
          3
        ]
      },
      "response": {
        "table_code": 61674,
        "final_mask": 3,
        "rank": 7574
      }
    },
    {
      "request": {
        "id": 96,
        "method": "select",
        "args": [
          {
            "require_final": 1
          },
          15147
        ]
      },
      "response": {
        "rank": 15147,
        "table_code": 241340,
        "zero_code": 188,
        "one_code": 471,
        "initial_state": 0,
        "final_mask": 5,
        "zero_rows": [
          4,
          7,
          2
        ],
        "one_rows": [
          7,
          2,
          7
        ],
        "first_terminal_mask": 7,
        "second_terminal_mask": 2,
        "edges": 12,
        "separates": true
      }
    },
    {
      "request": {
        "id": 97,
        "method": "rank",
        "args": [
          {
            "require_final": 1
          },
          241340,
          5
        ]
      },
      "response": {
        "table_code": 241340,
        "final_mask": 5,
        "rank": 15147
      }
    },
    {
      "request": {
        "id": 98,
        "method": "condition",
        "args": [
          {
            "forbid_final": 1
          }
        ]
      },
      "response": {
        "key": "{\"zero_code\":null,\"one_code\":null,\"final_mask\":null,\"require_final\":0,\"forbid_final\":1,\"min_edges\":0,\"max_edges\":18}",
        "condition": {
          "zero_code": null,
          "one_code": null,
          "final_mask": null,
          "require_final": 0,
          "forbid_final": 1,
          "min_edges": 0,
          "max_edges": 18
        },
        "count": 10146,
        "blocks": [
          0,
          0,
          0,
          0,
          0,
          0,
          12,
          16,
          0,
          0,
          12,
          16,
          0,
          0,
          18,
          24,
          0,
          0,
          0,
          0,
          10,
          20,
          2,
          6,
          278,
          292,
          2,
          6,
          15,
          30,
          3,
          9,
          10,
          20,
          10,
          20,
          2,
          6,
          2,
          6,
          10,
          20,
          12,
          21,
          2,
          6,
          8,
          14,
          10,
          20,
          10,
          20,
          2,
          6,
          2,
          6,
          15,
          30,
          7,
          16,
          3,
          9,
          3,
          9,
          0,
          0,
          0,
          0,
          380,
          384,
          18,
          24,
          0,
          0,
          12,
          16,
          380,
          384,
          18,
          24,
          0,
          0,
          0,
          0,
          12,
          21,
          3,
          8,
          278,
          292,
          2,
          6,
          7,
          16,
          3,
          9,
          15,
          30,
          15,
          30,
          3,
          9,
          3,
          9,
          15,
          30,
          7,
          16,
          3,
          9,
          3,
          9,
          15,
          30,
          15,
          30,
          3,
          9,
          3,
          9,
          15,
          30,
          7,
          16,
          3,
          9,
          3,
          9,
          0,
          0,
          0,
          0,
          250,
          320,
          8,
          0,
          30,
          0,
          8,
          0,
          45,
          0,
          12,
          0,
          0,
          0,
          0,
          0,
          0,
          0,
          0,
          0,
          0,
          0,
          0,
          0,
          0,
          0,
          0,
          0,
          10,
          20,
          10,
          20,
          0,
          0,
          0,
          0,
          20,
          10,
          9,
          10,
          15,
          0,
          4,
          0,
          10,
          20,
          10,
          20,
          0,
          0,
          0,
          0,
          5,
          10,
          5,
          10,
          0,
          0,
          0,
          0,
          0,
          0,
          0,
          0,
          25,
          8,
          0,
          0,
          30,
          0,
          0,
          0,
          0,
          0,
          0,
          0,
          0,
          0,
          0,
          0,
          0,
          0,
          0,
          0,
          0,
          0,
          0,
          0,
          0,
          0,
          0,
          0,
          15,
          30,
          15,
          30,
          0,
          0,
          0,
          0,
          5,
          10,
          5,
          10,
          0,
          0,
          0,
          0,
          15,
          30,
          15,
          30,
          0,
          0,
          0,
          0,
          5,
          10,
          5,
          10,
          0,
          0,
          0,
          0,
          0,
          0,
          0,
          0,
          0,
          0,
          12,
          16,
          380,
          384,
          18,
          24,
          380,
          384,
          18,
          24,
          0,
          0,
          0,
          0,
          10,
          20,
          0,
          0,
          12,
          21,
          0,
          0,
          0,
          0,
          0,
          0,
          0,
          0,
          0,
          0,
          0,
          0,
          0,
          0,
          0,
          0,
          6,
          8,
          0,
          0,
          6,
          8,
          0,
          0,
          0,
          0,
          0,
          0,
          0,
          0,
          0,
          0,
          0,
          0,
          0,
          0,
          0,
          0,
          20,
          10,
          20,
          10,
          9,
          10,
          5,
          3,
          16,
          3,
          5,
          3,
          5,
          3,
          5,
          3,
          20,
          10,
          20,
          10,
          9,
          10,
          0,
          0,
          0,
          0,
          0,
          0,
          0,
          0,
          0,
          0,
          0,
          0,
          0,
          0,
          0,
          0,
          0,
          0,
          0,
          0,
          0,
          0,
          0,
          0,
          0,
          0,
          0,
          0,
          0,
          0,
          0,
          0,
          0,
          0,
          0,
          0,
          0,
          0,
          0,
          0,
          0,
          0,
          0,
          0,
          0,
          0,
          250,
          320,
          8,
          0,
          25,
          8,
          11,
          0,
          23,
          0,
          12,
          0,
          0,
          0,
          0,
          0,
          0,
          0,
          0,
          0,
          0,
          0,
          0,
          0,
          0,
          0,
          0,
          0,
          0,
          0,
          0,
          0,
          0,
          0,
          0,
          0,
          15,
          0,
          4,
          0,
          15,
          0,
          4,
          0,
          0,
          0,
          0,
          0,
          0,
          0,
          0,
          0,
          0,
          0,
          0,
          0,
          0,
          0,
          0,
          0,
          20,
          10,
          20,
          10,
          0,
          0,
          0,
          0,
          16,
          3,
          0,
          0,
          0,
          0,
          0,
          0,
          20,
          10,
          20,
          10,
          0,
          0,
          0,
          0,
          0,
          0,
          0,
          0,
          0,
          0,
          0,
          0,
          0,
          0,
          0,
          0,
          0,
          0,
          0,
          0,
          0,
          0,
          0,
          0,
          0,
          0,
          0,
          0,
          0,
          0,
          0,
          0,
          0,
          0,
          0,
          0,
          0,
          0,
          0,
          0,
          0,
          0,
          0,
          0,
          30,
          0,
          30,
          0,
          30,
          0,
          25,
          8,
          8,
          0,
          8,
          0,
          8,
          0,
          14,
          8,
          30,
          0,
          30,
          0,
          20,
          10,
          16,
          3,
          0,
          0,
          0,
          0,
          5,
          10,
          1,
          3,
          20,
          10,
          20,
          10,
          16,
          3,
          16,
          3,
          9,
          10,
          9,
          10,
          5,
          3,
          5,
          3,
          20,
          10,
          20,
          10,
          16,
          3,
          16,
          3,
          5,
          10,
          5,
          10,
          1,
          3,
          1,
          3,
          0,
          0,
          0,
          0,
          0,
          0,
          6,
          8,
          0,
          0,
          0,
          0,
          0,
          0,
          6,
          8,
          0,
          0,
          0,
          0,
          5,
          10,
          1,
          3,
          0,
          0,
          0,
          0,
          5,
          10,
          1,
          3,
          5,
          10,
          5,
          10,
          1,
          3,
          1,
          3,
          5,
          10,
          5,
          10,
          1,
          3,
          1,
          3,
          5,
          10,
          5,
          10,
          1,
          3,
          1,
          3,
          5,
          10,
          5,
          10,
          1,
          3,
          1,
          3,
          30,
          0,
          30,
          0,
          45,
          0,
          23,
          0,
          8,
          0,
          8,
          0,
          12,
          0,
          12,
          0,
          30,
          0,
          30,
          0,
          15,
          0,
          15,
          0,
          0,
          0,
          0,
          0,
          0,
          0,
          0,
          0,
          20,
          10,
          20,
          10,
          15,
          0,
          15,
          0,
          9,
          10,
          9,
          10,
          4,
          0,
          4,
          0,
          20,
          10,
          20,
          10,
          15,
          0,
          15,
          0,
          5,
          10,
          5,
          10,
          0,
          0,
          0,
          0,
          0,
          0,
          0,
          0,
          0,
          0,
          0,
          0,
          0,
          0,
          0,
          0,
          0,
          0,
          0,
          0,
          0,
          0,
          0,
          0,
          0,
          0,
          0,
          0,
          0,
          0,
          0,
          0,
          0,
          0,
          0,
          0,
          5,
          10,
          5,
          10,
          0,
          0,
          0,
          0,
          5,
          10,
          5,
          10,
          0,
          0,
          0,
          0,
          5,
          10,
          5,
          10,
          0,
          0,
          0,
          0,
          5,
          10,
          5,
          10,
          0,
          0,
          0,
          0,
          45,
          0,
          45,
          0,
          45,
          0,
          23,
          0,
          12,
          0,
          12,
          0,
          12,
          0,
          12,
          0,
          45,
          0,
          45,
          0,
          15,
          0,
          15,
          0,
          0,
          0,
          0,
          0,
          0,
          0,
          0,
          0,
          15,
          0,
          15,
          0,
          15,
          0,
          15,
          0,
          4,
          0,
          4,
          0,
          4,
          0,
          4,
          0,
          15,
          0,
          15,
          0,
          15,
          0,
          15,
          0,
          0,
          0,
          0,
          0,
          0,
          0,
          0,
          0,
          0,
          0,
          0,
          0,
          0,
          0,
          0,
          0,
          0,
          0,
          0,
          0,
          0,
          0,
          0,
          0,
          0,
          0,
          0,
          0,
          0,
          0,
          0,
          0,
          0,
          0,
          0,
          0,
          0,
          0,
          0,
          0,
          0,
          0,
          0,
          0,
          0,
          0,
          0,
          0,
          0,
          0,
          0,
          0,
          0,
          0,
          0,
          0,
          0,
          0,
          0,
          0,
          0,
          0,
          0,
          0,
          0,
          0,
          0,
          0,
          0,
          0,
          0,
          0,
          45,
          0,
          45,
          0,
          45,
          0,
          23,
          0,
          12,
          0,
          12,
          0,
          12,
          0,
          12,
          0,
          45,
          0,
          45,
          0,
          15,
          0,
          15,
          0,
          0,
          0,
          0,
          0,
          0,
          0,
          0,
          0,
          15,
          0,
          15,
          0,
          15,
          0,
          15,
          0,
          4,
          0,
          4,
          0,
          4,
          0,
          4,
          0,
          15,
          0,
          15,
          0,
          15,
          0,
          15,
          0,
          0,
          0,
          0,
          0,
          0,
          0,
          0,
          0,
          0,
          0,
          0,
          0,
          0,
          0,
          0,
          0,
          0,
          0,
          0,
          0,
          0,
          0,
          0,
          0,
          0,
          0,
          0,
          0,
          0,
          0,
          0,
          0,
          0,
          0,
          0,
          0,
          0,
          0,
          0,
          0,
          0,
          0,
          0,
          0,
          0,
          0,
          0,
          0,
          0,
          0,
          0,
          0,
          0,
          0,
          0,
          0,
          0,
          0,
          0,
          0,
          0,
          0,
          0,
          0,
          0,
          0,
          0,
          0,
          0,
          0,
          0,
          0
        ],
        "prefix": [
          0,
          0,
          0,
          0,
          0,
          0,
          0,
          12,
          28,
          28,
          28,
          40,
          56,
          56,
          56,
          74,
          98,
          98,
          98,
          98,
          98,
          108,
          128,
          130,
          136,
          414,
          706,
          708,
          714,
          729,
          759,
          762,
          771,
          781,
          801,
          811,
          831,
          833,
          839,
          841,
          847,
          857,
          877,
          889,
          910,
          912,
          918,
          926,
          940,
          950,
          970,
          980,
          1000,
          1002,
          1008,
          1010,
          1016,
          1031,
          1061,
          1068,
          1084,
          1087,
          1096,
          1099,
          1108,
          1108,
          1108,
          1108,
          1108,
          1488,
          1872,
          1890,
          1914,
          1914,
          1914,
          1926,
          1942,
          2322,
          2706,
          2724,
          2748,
          2748,
          2748,
          2748,
          2748,
          2760,
          2781,
          2784,
          2792,
          3070,
          3362,
          3364,
          3370,
          3377,
          3393,
          3396,
          3405,
          3420,
          3450,
          3465,
          3495,
          3498,
          3507,
          3510,
          3519,
          3534,
          3564,
          3571,
          3587,
          3590,
          3599,
          3602,
          3611,
          3626,
          3656,
          3671,
          3701,
          3704,
          3713,
          3716,
          3725,
          3740,
          3770,
          3777,
          3793,
          3796,
          3805,
          3808,
          3817,
          3817,
          3817,
          3817,
          3817,
          4067,
          4387,
          4395,
          4395,
          4425,
          4425,
          4433,
          4433,
          4478,
          4478,
          4490,
          4490,
          4490,
          4490,
          4490,
          4490,
          4490,
          4490,
          4490,
          4490,
          4490,
          4490,
          4490,
          4490,
          4490,
          4490,
          4490,
          4490,
          4500,
          4520,
          4530,
          4550,
          4550,
          4550,
          4550,
          4550,
          4570,
          4580,
          4589,
          4599,
          4614,
          4614,
          4618,
          4618,
          4628,
          4648,
          4658,
          4678,
          4678,
          4678,
          4678,
          4678,
          4683,
          4693,
          4698,
          4708,
          4708,
          4708,
          4708,
          4708,
          4708,
          4708,
          4708,
          4708,
          4733,
          4741,
          4741,
          4741,
          4771,
          4771,
          4771,
          4771,
          4771,
          4771,
          4771,
          4771,
          4771,
          4771,
          4771,
          4771,
          4771,
          4771,
          4771,
          4771,
          4771,
          4771,
          4771,
          4771,
          4771,
          4771,
          4771,
          4771,
          4786,
          4816,
          4831,
          4861,
          4861,
          4861,
          4861,
          4861,
          4866,
          4876,
          4881,
          4891,
          4891,
          4891,
          4891,
          4891,
          4906,
          4936,
          4951,
          4981,
          4981,
          4981,
          4981,
          4981,
          4986,
          4996,
          5001,
          5011,
          5011,
          5011,
          5011,
          5011,
          5011,
          5011,
          5011,
          5011,
          5011,
          5011,
          5023,
          5039,
          5419,
          5803,
          5821,
          5845,
          6225,
          6609,
          6627,
          6651,
          6651,
          6651,
          6651,
          6651,
          6661,
          6681,
          6681,
          6681,
          6693,
          6714,
          6714,
          6714,
          6714,
          6714,
          6714,
          6714,
          6714,
          6714,
          6714,
          6714,
          6714,
          6714,
          6714,
          6714,
          6714,
          6714,
          6720,
          6728,
          6728,
          6728,
          6734,
          6742,
          6742,
          6742,
          6742,
          6742,
          6742,
          6742,
          6742,
          6742,
          6742,
          6742,
          6742,
          6742,
          6742,
          6742,
          6742,
          6742,
          6762,
          6772,
          6792,
          6802,
          6811,
          6821,
          6826,
          6829,
          6845,
          6848,
          6853,
          6856,
          6861,
          6864,
          6869,
          6872,
          6892,
          6902,
          6922,
          6932,
          6941,
          6951,
          6951,
          6951,
          6951,
          6951,
          6951,
          6951,
          6951,
          6951,
          6951,
          6951,
          6951,
          6951,
          6951,
          6951,
          6951,
          6951,
          6951,
          6951,
          6951,
          6951,
          6951,
          6951,
          6951,
          6951,
          6951,
          6951,
          6951,
          6951,
          6951,
          6951,
          6951,
          6951,
          6951,
          6951,
          6951,
          6951,
          6951,
          6951,
          6951,
          6951,
          6951,
          6951,
          6951,
          6951,
          6951,
          6951,
          7201,
          7521,
          7529,
          7529,
          7554,
          7562,
          7573,
          7573,
          7596,
          7596,
          7608,
          7608,
          7608,
          7608,
          7608,
          7608,
          7608,
          7608,
          7608,
          7608,
          7608,
          7608,
          7608,
          7608,
          7608,
          7608,
          7608,
          7608,
          7608,
          7608,
          7608,
          7608,
          7608,
          7608,
          7608,
          7608,
          7623,
          7623,
          7627,
          7627,
          7642,
          7642,
          7646,
          7646,
          7646,
          7646,
          7646,
          7646,
          7646,
          7646,
          7646,
          7646,
          7646,
          7646,
          7646,
          7646,
          7646,
          7646,
          7646,
          7646,
          7666,
          7676,
          7696,
          7706,
          7706,
          7706,
          7706,
          7706,
          7722,
          7725,
          7725,
          7725,
          7725,
          7725,
          7725,
          7725,
          7745,
          7755,
          7775,
          7785,
          7785,
          7785,
          7785,
          7785,
          7785,
          7785,
          7785,
          7785,
          7785,
          7785,
          7785,
          7785,
          7785,
          7785,
          7785,
          7785,
          7785,
          7785,
          7785,
          7785,
          7785,
          7785,
          7785,
          7785,
          7785,
          7785,
          7785,
          7785,
          7785,
          7785,
          7785,
          7785,
          7785,
          7785,
          7785,
          7785,
          7785,
          7785,
          7785,
          7785,
          7785,
          7785,
          7785,
          7785,
          7815,
          7815,
          7845,
          7845,
          7875,
          7875,
          7900,
          7908,
          7916,
          7916,
          7924,
          7924,
          7932,
          7932,
          7946,
          7954,
          7984,
          7984,
          8014,
          8014,
          8034,
          8044,
          8060,
          8063,
          8063,
          8063,
          8063,
          8063,
          8068,
          8078,
          8079,
          8082,
          8102,
          8112,
          8132,
          8142,
          8158,
          8161,
          8177,
          8180,
          8189,
          8199,
          8208,
          8218,
          8223,
          8226,
          8231,
          8234,
          8254,
          8264,
          8284,
          8294,
          8310,
          8313,
          8329,
          8332,
          8337,
          8347,
          8352,
          8362,
          8363,
          8366,
          8367,
          8370,
          8370,
          8370,
          8370,
          8370,
          8370,
          8370,
          8376,
          8384,
          8384,
          8384,
          8384,
          8384,
          8384,
          8384,
          8390,
          8398,
          8398,
          8398,
          8398,
          8398,
          8403,
          8413,
          8414,
          8417,
          8417,
          8417,
          8417,
          8417,
          8422,
          8432,
          8433,
          8436,
          8441,
          8451,
          8456,
          8466,
          8467,
          8470,
          8471,
          8474,
          8479,
          8489,
          8494,
          8504,
          8505,
          8508,
          8509,
          8512,
          8517,
          8527,
          8532,
          8542,
          8543,
          8546,
          8547,
          8550,
          8555,
          8565,
          8570,
          8580,
          8581,
          8584,
          8585,
          8588,
          8618,
          8618,
          8648,
          8648,
          8693,
          8693,
          8716,
          8716,
          8724,
          8724,
          8732,
          8732,
          8744,
          8744,
          8756,
          8756,
          8786,
          8786,
          8816,
          8816,
          8831,
          8831,
          8846,
          8846,
          8846,
          8846,
          8846,
          8846,
          8846,
          8846,
          8846,
          8846,
          8866,
          8876,
          8896,
          8906,
          8921,
          8921,
          8936,
          8936,
          8945,
          8955,
          8964,
          8974,
          8978,
          8978,
          8982,
          8982,
          9002,
          9012,
          9032,
          9042,
          9057,
          9057,
          9072,
          9072,
          9077,
          9087,
          9092,
          9102,
          9102,
          9102,
          9102,
          9102,
          9102,
          9102,
          9102,
          9102,
          9102,
          9102,
          9102,
          9102,
          9102,
          9102,
          9102,
          9102,
          9102,
          9102,
          9102,
          9102,
          9102,
          9102,
          9102,
          9102,
          9102,
          9102,
          9102,
          9102,
          9102,
          9102,
          9102,
          9102,
          9102,
          9102,
          9102,
          9102,
          9107,
          9117,
          9122,
          9132,
          9132,
          9132,
          9132,
          9132,
          9137,
          9147,
          9152,
          9162,
          9162,
          9162,
          9162,
          9162,
          9167,
          9177,
          9182,
          9192,
          9192,
          9192,
          9192,
          9192,
          9197,
          9207,
          9212,
          9222,
          9222,
          9222,
          9222,
          9222,
          9267,
          9267,
          9312,
          9312,
          9357,
          9357,
          9380,
          9380,
          9392,
          9392,
          9404,
          9404,
          9416,
          9416,
          9428,
          9428,
          9473,
          9473,
          9518,
          9518,
          9533,
          9533,
          9548,
          9548,
          9548,
          9548,
          9548,
          9548,
          9548,
          9548,
          9548,
          9548,
          9563,
          9563,
          9578,
          9578,
          9593,
          9593,
          9608,
          9608,
          9612,
          9612,
          9616,
          9616,
          9620,
          9620,
          9624,
          9624,
          9639,
          9639,
          9654,
          9654,
          9669,
          9669,
          9684,
          9684,
          9684,
          9684,
          9684,
          9684,
          9684,
          9684,
          9684,
          9684,
          9684,
          9684,
          9684,
          9684,
          9684,
          9684,
          9684,
          9684,
          9684,
          9684,
          9684,
          9684,
          9684,
          9684,
          9684,
          9684,
          9684,
          9684,
          9684,
          9684,
          9684,
          9684,
          9684,
          9684,
          9684,
          9684,
          9684,
          9684,
          9684,
          9684,
          9684,
          9684,
          9684,
          9684,
          9684,
          9684,
          9684,
          9684,
          9684,
          9684,
          9684,
          9684,
          9684,
          9684,
          9684,
          9684,
          9684,
          9684,
          9684,
          9684,
          9684,
          9684,
          9684,
          9684,
          9684,
          9684,
          9684,
          9684,
          9684,
          9684,
          9684,
          9684,
          9684,
          9684,
          9729,
          9729,
          9774,
          9774,
          9819,
          9819,
          9842,
          9842,
          9854,
          9854,
          9866,
          9866,
          9878,
          9878,
          9890,
          9890,
          9935,
          9935,
          9980,
          9980,
          9995,
          9995,
          10010,
          10010,
          10010,
          10010,
          10010,
          10010,
          10010,
          10010,
          10010,
          10010,
          10025,
          10025,
          10040,
          10040,
          10055,
          10055,
          10070,
          10070,
          10074,
          10074,
          10078,
          10078,
          10082,
          10082,
          10086,
          10086,
          10101,
          10101,
          10116,
          10116,
          10131,
          10131,
          10146,
          10146,
          10146,
          10146,
          10146,
          10146,
          10146,
          10146,
          10146,
          10146,
          10146,
          10146,
          10146,
          10146,
          10146,
          10146,
          10146,
          10146,
          10146,
          10146,
          10146,
          10146,
          10146,
          10146,
          10146,
          10146,
          10146,
          10146,
          10146,
          10146,
          10146,
          10146,
          10146,
          10146,
          10146,
          10146,
          10146,
          10146,
          10146,
          10146,
          10146,
          10146,
          10146,
          10146,
          10146,
          10146,
          10146,
          10146,
          10146,
          10146,
          10146,
          10146,
          10146,
          10146,
          10146,
          10146,
          10146,
          10146,
          10146,
          10146,
          10146,
          10146,
          10146,
          10146,
          10146,
          10146,
          10146,
          10146,
          10146,
          10146,
          10146,
          10146,
          10146,
          10146
        ]
      }
    },
    {
      "request": {
        "id": 99,
        "method": "select",
        "args": [
          {
            "forbid_final": 1
          },
          0
        ]
      },
      "response": {
        "rank": 0,
        "table_code": 1650,
        "zero_code": 114,
        "one_code": 3,
        "initial_state": 0,
        "final_mask": 2,
        "zero_rows": [
          2,
          6,
          1
        ],
        "one_rows": [
          3,
          0,
          0
        ],
        "first_terminal_mask": 3,
        "second_terminal_mask": 0,
        "edges": 6,
        "separates": true
      }
    },
    {
      "request": {
        "id": 100,
        "method": "rank",
        "args": [
          {
            "forbid_final": 1
          },
          1650,
          2
        ]
      },
      "response": {
        "table_code": 1650,
        "final_mask": 2,
        "rank": 0
      }
    },
    {
      "request": {
        "id": 101,
        "method": "select",
        "args": [
          {
            "forbid_final": 1
          },
          5073
        ]
      },
      "response": {
        "rank": 5073,
        "table_code": 67613,
        "zero_code": 29,
        "one_code": 132,
        "initial_state": 0,
        "final_mask": 2,
        "zero_rows": [
          5,
          3,
          0
        ],
        "one_rows": [
          4,
          0,
          2
        ],
        "first_terminal_mask": 2,
        "second_terminal_mask": 0,
        "edges": 6,
        "separates": true
      }
    },
    {
      "request": {
        "id": 102,
        "method": "rank",
        "args": [
          {
            "forbid_final": 1
          },
          67613,
          2
        ]
      },
      "response": {
        "table_code": 67613,
        "final_mask": 2,
        "rank": 5073
      }
    },
    {
      "request": {
        "id": 103,
        "method": "select",
        "args": [
          {
            "forbid_final": 1
          },
          10145
        ]
      },
      "response": {
        "rank": 10145,
        "table_code": 243452,
        "zero_code": 252,
        "one_code": 475,
        "initial_state": 0,
        "final_mask": 4,
        "zero_rows": [
          4,
          7,
          3
        ],
        "one_rows": [
          3,
          3,
          7
        ],
        "first_terminal_mask": 7,
        "second_terminal_mask": 3,
        "edges": 13,
        "separates": true
      }
    },
    {
      "request": {
        "id": 104,
        "method": "rank",
        "args": [
          {
            "forbid_final": 1
          },
          243452,
          4
        ]
      },
      "response": {
        "table_code": 243452,
        "final_mask": 4,
        "rank": 10145
      }
    },
    {
      "request": {
        "id": 105,
        "method": "condition",
        "args": [
          {
            "min_edges": 10,
            "max_edges": 5
          }
        ]
      },
      "response": {
        "key": "{\"zero_code\":null,\"one_code\":null,\"final_mask\":null,\"require_final\":0,\"forbid_final\":0,\"min_edges\":10,\"max_edges\":5}",
        "condition": {
          "zero_code": null,
          "one_code": null,
          "final_mask": null,
          "require_final": 0,
          "forbid_final": 0,
          "min_edges": 10,
          "max_edges": 5
        },
        "count": 0,
        "blocks": [
          0,
          0,
          0,
          0,
          0,
          0,
          0,
          0,
          0,
          0,
          0,
          0,
          0,
          0,
          0,
          0,
          0,
          0,
          0,
          0,
          0,
          0,
          0,
          0,
          0,
          0,
          0,
          0,
          0,
          0,
          0,
          0,
          0,
          0,
          0,
          0,
          0,
          0,
          0,
          0,
          0,
          0,
          0,
          0,
          0,
          0,
          0,
          0,
          0,
          0,
          0,
          0,
          0,
          0,
          0,
          0,
          0,
          0,
          0,
          0,
          0,
          0,
          0,
          0,
          0,
          0,
          0,
          0,
          0,
          0,
          0,
          0,
          0,
          0,
          0,
          0,
          0,
          0,
          0,
          0,
          0,
          0,
          0,
          0,
          0,
          0,
          0,
          0,
          0,
          0,
          0,
          0,
          0,
          0,
          0,
          0,
          0,
          0,
          0,
          0,
          0,
          0,
          0,
          0,
          0,
          0,
          0,
          0,
          0,
          0,
          0,
          0,
          0,
          0,
          0,
          0,
          0,
          0,
          0,
          0,
          0,
          0,
          0,
          0,
          0,
          0,
          0,
          0,
          0,
          0,
          0,
          0,
          0,
          0,
          0,
          0,
          0,
          0,
          0,
          0,
          0,
          0,
          0,
          0,
          0,
          0,
          0,
          0,
          0,
          0,
          0,
          0,
          0,
          0,
          0,
          0,
          0,
          0,
          0,
          0,
          0,
          0,
          0,
          0,
          0,
          0,
          0,
          0,
          0,
          0,
          0,
          0,
          0,
          0,
          0,
          0,
          0,
          0,
          0,
          0,
          0,
          0,
          0,
          0,
          0,
          0,
          0,
          0,
          0,
          0,
          0,
          0,
          0,
          0,
          0,
          0,
          0,
          0,
          0,
          0,
          0,
          0,
          0,
          0,
          0,
          0,
          0,
          0,
          0,
          0,
          0,
          0,
          0,
          0,
          0,
          0,
          0,
          0,
          0,
          0,
          0,
          0,
          0,
          0,
          0,
          0,
          0,
          0,
          0,
          0,
          0,
          0,
          0,
          0,
          0,
          0,
          0,
          0,
          0,
          0,
          0,
          0,
          0,
          0,
          0,
          0,
          0,
          0,
          0,
          0,
          0,
          0,
          0,
          0,
          0,
          0,
          0,
          0,
          0,
          0,
          0,
          0,
          0,
          0,
          0,
          0,
          0,
          0,
          0,
          0,
          0,
          0,
          0,
          0,
          0,
          0,
          0,
          0,
          0,
          0,
          0,
          0,
          0,
          0,
          0,
          0,
          0,
          0,
          0,
          0,
          0,
          0,
          0,
          0,
          0,
          0,
          0,
          0,
          0,
          0,
          0,
          0,
          0,
          0,
          0,
          0,
          0,
          0,
          0,
          0,
          0,
          0,
          0,
          0,
          0,
          0,
          0,
          0,
          0,
          0,
          0,
          0,
          0,
          0,
          0,
          0,
          0,
          0,
          0,
          0,
          0,
          0,
          0,
          0,
          0,
          0,
          0,
          0,
          0,
          0,
          0,
          0,
          0,
          0,
          0,
          0,
          0,
          0,
          0,
          0,
          0,
          0,
          0,
          0,
          0,
          0,
          0,
          0,
          0,
          0,
          0,
          0,
          0,
          0,
          0,
          0,
          0,
          0,
          0,
          0,
          0,
          0,
          0,
          0,
          0,
          0,
          0,
          0,
          0,
          0,
          0,
          0,
          0,
          0,
          0,
          0,
          0,
          0,
          0,
          0,
          0,
          0,
          0,
          0,
          0,
          0,
          0,
          0,
          0,
          0,
          0,
          0,
          0,
          0,
          0,
          0,
          0,
          0,
          0,
          0,
          0,
          0,
          0,
          0,
          0,
          0,
          0,
          0,
          0,
          0,
          0,
          0,
          0,
          0,
          0,
          0,
          0,
          0,
          0,
          0,
          0,
          0,
          0,
          0,
          0,
          0,
          0,
          0,
          0,
          0,
          0,
          0,
          0,
          0,
          0,
          0,
          0,
          0,
          0,
          0,
          0,
          0,
          0,
          0,
          0,
          0,
          0,
          0,
          0,
          0,
          0,
          0,
          0,
          0,
          0,
          0,
          0,
          0,
          0,
          0,
          0,
          0,
          0,
          0,
          0,
          0,
          0,
          0,
          0,
          0,
          0,
          0,
          0,
          0,
          0,
          0,
          0,
          0,
          0,
          0,
          0,
          0,
          0,
          0,
          0,
          0,
          0,
          0,
          0,
          0,
          0,
          0,
          0,
          0,
          0,
          0,
          0,
          0,
          0,
          0,
          0,
          0,
          0,
          0,
          0,
          0,
          0,
          0,
          0,
          0,
          0,
          0,
          0,
          0,
          0,
          0,
          0,
          0,
          0,
          0,
          0,
          0,
          0,
          0,
          0,
          0,
          0,
          0,
          0,
          0,
          0,
          0,
          0,
          0,
          0,
          0,
          0,
          0,
          0,
          0,
          0,
          0,
          0,
          0,
          0,
          0,
          0,
          0,
          0,
          0,
          0,
          0,
          0,
          0,
          0,
          0,
          0,
          0,
          0,
          0,
          0,
          0,
          0,
          0,
          0,
          0,
          0,
          0,
          0,
          0,
          0,
          0,
          0,
          0,
          0,
          0,
          0,
          0,
          0,
          0,
          0,
          0,
          0,
          0,
          0,
          0,
          0,
          0,
          0,
          0,
          0,
          0,
          0,
          0,
          0,
          0,
          0,
          0,
          0,
          0,
          0,
          0,
          0,
          0,
          0,
          0,
          0,
          0,
          0,
          0,
          0,
          0,
          0,
          0,
          0,
          0,
          0,
          0,
          0,
          0,
          0,
          0,
          0,
          0,
          0,
          0,
          0,
          0,
          0,
          0,
          0,
          0,
          0,
          0,
          0,
          0,
          0,
          0,
          0,
          0,
          0,
          0,
          0,
          0,
          0,
          0,
          0,
          0,
          0,
          0,
          0,
          0,
          0,
          0,
          0,
          0,
          0,
          0,
          0,
          0,
          0,
          0,
          0,
          0,
          0,
          0,
          0,
          0,
          0,
          0,
          0,
          0,
          0,
          0,
          0,
          0,
          0,
          0,
          0,
          0,
          0,
          0,
          0,
          0,
          0,
          0,
          0,
          0,
          0,
          0,
          0,
          0,
          0,
          0,
          0,
          0,
          0,
          0,
          0,
          0,
          0,
          0,
          0,
          0,
          0,
          0,
          0,
          0,
          0,
          0,
          0,
          0,
          0,
          0,
          0,
          0,
          0,
          0,
          0,
          0,
          0,
          0,
          0,
          0,
          0,
          0,
          0,
          0,
          0,
          0,
          0,
          0,
          0,
          0,
          0,
          0,
          0,
          0,
          0,
          0,
          0,
          0,
          0,
          0,
          0,
          0,
          0,
          0,
          0,
          0,
          0,
          0,
          0,
          0,
          0,
          0,
          0,
          0,
          0,
          0,
          0,
          0,
          0,
          0,
          0,
          0,
          0,
          0,
          0,
          0,
          0,
          0,
          0,
          0,
          0,
          0,
          0,
          0,
          0,
          0,
          0,
          0,
          0,
          0,
          0,
          0,
          0,
          0,
          0,
          0,
          0,
          0,
          0,
          0,
          0,
          0,
          0,
          0,
          0,
          0,
          0,
          0,
          0,
          0,
          0,
          0,
          0,
          0,
          0,
          0,
          0,
          0,
          0,
          0,
          0,
          0,
          0,
          0,
          0,
          0,
          0,
          0,
          0,
          0,
          0,
          0,
          0,
          0,
          0,
          0,
          0,
          0,
          0,
          0,
          0,
          0,
          0,
          0,
          0,
          0,
          0,
          0,
          0,
          0,
          0,
          0,
          0,
          0,
          0,
          0,
          0,
          0,
          0,
          0,
          0,
          0,
          0,
          0,
          0,
          0,
          0,
          0,
          0,
          0,
          0,
          0,
          0,
          0,
          0,
          0,
          0,
          0,
          0,
          0,
          0,
          0,
          0,
          0,
          0,
          0,
          0,
          0,
          0,
          0,
          0,
          0,
          0,
          0,
          0,
          0,
          0,
          0,
          0,
          0,
          0,
          0,
          0,
          0,
          0,
          0,
          0,
          0,
          0,
          0,
          0,
          0,
          0,
          0,
          0,
          0,
          0,
          0,
          0,
          0,
          0,
          0,
          0,
          0,
          0,
          0,
          0,
          0,
          0,
          0,
          0,
          0,
          0,
          0,
          0,
          0,
          0,
          0,
          0,
          0,
          0,
          0,
          0,
          0,
          0,
          0,
          0,
          0,
          0,
          0,
          0,
          0,
          0,
          0,
          0,
          0,
          0,
          0,
          0,
          0,
          0,
          0,
          0,
          0,
          0,
          0,
          0,
          0,
          0,
          0,
          0,
          0,
          0,
          0,
          0,
          0,
          0,
          0,
          0,
          0,
          0,
          0,
          0,
          0,
          0,
          0,
          0,
          0,
          0,
          0,
          0,
          0,
          0,
          0,
          0,
          0,
          0,
          0,
          0,
          0,
          0,
          0,
          0,
          0,
          0,
          0,
          0,
          0,
          0,
          0,
          0,
          0,
          0,
          0,
          0,
          0,
          0,
          0,
          0,
          0
        ],
        "prefix": [
          0,
          0,
          0,
          0,
          0,
          0,
          0,
          0,
          0,
          0,
          0,
          0,
          0,
          0,
          0,
          0,
          0,
          0,
          0,
          0,
          0,
          0,
          0,
          0,
          0,
          0,
          0,
          0,
          0,
          0,
          0,
          0,
          0,
          0,
          0,
          0,
          0,
          0,
          0,
          0,
          0,
          0,
          0,
          0,
          0,
          0,
          0,
          0,
          0,
          0,
          0,
          0,
          0,
          0,
          0,
          0,
          0,
          0,
          0,
          0,
          0,
          0,
          0,
          0,
          0,
          0,
          0,
          0,
          0,
          0,
          0,
          0,
          0,
          0,
          0,
          0,
          0,
          0,
          0,
          0,
          0,
          0,
          0,
          0,
          0,
          0,
          0,
          0,
          0,
          0,
          0,
          0,
          0,
          0,
          0,
          0,
          0,
          0,
          0,
          0,
          0,
          0,
          0,
          0,
          0,
          0,
          0,
          0,
          0,
          0,
          0,
          0,
          0,
          0,
          0,
          0,
          0,
          0,
          0,
          0,
          0,
          0,
          0,
          0,
          0,
          0,
          0,
          0,
          0,
          0,
          0,
          0,
          0,
          0,
          0,
          0,
          0,
          0,
          0,
          0,
          0,
          0,
          0,
          0,
          0,
          0,
          0,
          0,
          0,
          0,
          0,
          0,
          0,
          0,
          0,
          0,
          0,
          0,
          0,
          0,
          0,
          0,
          0,
          0,
          0,
          0,
          0,
          0,
          0,
          0,
          0,
          0,
          0,
          0,
          0,
          0,
          0,
          0,
          0,
          0,
          0,
          0,
          0,
          0,
          0,
          0,
          0,
          0,
          0,
          0,
          0,
          0,
          0,
          0,
          0,
          0,
          0,
          0,
          0,
          0,
          0,
          0,
          0,
          0,
          0,
          0,
          0,
          0,
          0,
          0,
          0,
          0,
          0,
          0,
          0,
          0,
          0,
          0,
          0,
          0,
          0,
          0,
          0,
          0,
          0,
          0,
          0,
          0,
          0,
          0,
          0,
          0,
          0,
          0,
          0,
          0,
          0,
          0,
          0,
          0,
          0,
          0,
          0,
          0,
          0,
          0,
          0,
          0,
          0,
          0,
          0,
          0,
          0,
          0,
          0,
          0,
          0,
          0,
          0,
          0,
          0,
          0,
          0,
          0,
          0,
          0,
          0,
          0,
          0,
          0,
          0,
          0,
          0,
          0,
          0,
          0,
          0,
          0,
          0,
          0,
          0,
          0,
          0,
          0,
          0,
          0,
          0,
          0,
          0,
          0,
          0,
          0,
          0,
          0,
          0,
          0,
          0,
          0,
          0,
          0,
          0,
          0,
          0,
          0,
          0,
          0,
          0,
          0,
          0,
          0,
          0,
          0,
          0,
          0,
          0,
          0,
          0,
          0,
          0,
          0,
          0,
          0,
          0,
          0,
          0,
          0,
          0,
          0,
          0,
          0,
          0,
          0,
          0,
          0,
          0,
          0,
          0,
          0,
          0,
          0,
          0,
          0,
          0,
          0,
          0,
          0,
          0,
          0,
          0,
          0,
          0,
          0,
          0,
          0,
          0,
          0,
          0,
          0,
          0,
          0,
          0,
          0,
          0,
          0,
          0,
          0,
          0,
          0,
          0,
          0,
          0,
          0,
          0,
          0,
          0,
          0,
          0,
          0,
          0,
          0,
          0,
          0,
          0,
          0,
          0,
          0,
          0,
          0,
          0,
          0,
          0,
          0,
          0,
          0,
          0,
          0,
          0,
          0,
          0,
          0,
          0,
          0,
          0,
          0,
          0,
          0,
          0,
          0,
          0,
          0,
          0,
          0,
          0,
          0,
          0,
          0,
          0,
          0,
          0,
          0,
          0,
          0,
          0,
          0,
          0,
          0,
          0,
          0,
          0,
          0,
          0,
          0,
          0,
          0,
          0,
          0,
          0,
          0,
          0,
          0,
          0,
          0,
          0,
          0,
          0,
          0,
          0,
          0,
          0,
          0,
          0,
          0,
          0,
          0,
          0,
          0,
          0,
          0,
          0,
          0,
          0,
          0,
          0,
          0,
          0,
          0,
          0,
          0,
          0,
          0,
          0,
          0,
          0,
          0,
          0,
          0,
          0,
          0,
          0,
          0,
          0,
          0,
          0,
          0,
          0,
          0,
          0,
          0,
          0,
          0,
          0,
          0,
          0,
          0,
          0,
          0,
          0,
          0,
          0,
          0,
          0,
          0,
          0,
          0,
          0,
          0,
          0,
          0,
          0,
          0,
          0,
          0,
          0,
          0,
          0,
          0,
          0,
          0,
          0,
          0,
          0,
          0,
          0,
          0,
          0,
          0,
          0,
          0,
          0,
          0,
          0,
          0,
          0,
          0,
          0,
          0,
          0,
          0,
          0,
          0,
          0,
          0,
          0,
          0,
          0,
          0,
          0,
          0,
          0,
          0,
          0,
          0,
          0,
          0,
          0,
          0,
          0,
          0,
          0,
          0,
          0,
          0,
          0,
          0,
          0,
          0,
          0,
          0,
          0,
          0,
          0,
          0,
          0,
          0,
          0,
          0,
          0,
          0,
          0,
          0,
          0,
          0,
          0,
          0,
          0,
          0,
          0,
          0,
          0,
          0,
          0,
          0,
          0,
          0,
          0,
          0,
          0,
          0,
          0,
          0,
          0,
          0,
          0,
          0,
          0,
          0,
          0,
          0,
          0,
          0,
          0,
          0,
          0,
          0,
          0,
          0,
          0,
          0,
          0,
          0,
          0,
          0,
          0,
          0,
          0,
          0,
          0,
          0,
          0,
          0,
          0,
          0,
          0,
          0,
          0,
          0,
          0,
          0,
          0,
          0,
          0,
          0,
          0,
          0,
          0,
          0,
          0,
          0,
          0,
          0,
          0,
          0,
          0,
          0,
          0,
          0,
          0,
          0,
          0,
          0,
          0,
          0,
          0,
          0,
          0,
          0,
          0,
          0,
          0,
          0,
          0,
          0,
          0,
          0,
          0,
          0,
          0,
          0,
          0,
          0,
          0,
          0,
          0,
          0,
          0,
          0,
          0,
          0,
          0,
          0,
          0,
          0,
          0,
          0,
          0,
          0,
          0,
          0,
          0,
          0,
          0,
          0,
          0,
          0,
          0,
          0,
          0,
          0,
          0,
          0,
          0,
          0,
          0,
          0,
          0,
          0,
          0,
          0,
          0,
          0,
          0,
          0,
          0,
          0,
          0,
          0,
          0,
          0,
          0,
          0,
          0,
          0,
          0,
          0,
          0,
          0,
          0,
          0,
          0,
          0,
          0,
          0,
          0,
          0,
          0,
          0,
          0,
          0,
          0,
          0,
          0,
          0,
          0,
          0,
          0,
          0,
          0,
          0,
          0,
          0,
          0,
          0,
          0,
          0,
          0,
          0,
          0,
          0,
          0,
          0,
          0,
          0,
          0,
          0,
          0,
          0,
          0,
          0,
          0,
          0,
          0,
          0,
          0,
          0,
          0,
          0,
          0,
          0,
          0,
          0,
          0,
          0,
          0,
          0,
          0,
          0,
          0,
          0,
          0,
          0,
          0,
          0,
          0,
          0,
          0,
          0,
          0,
          0,
          0,
          0,
          0,
          0,
          0,
          0,
          0,
          0,
          0,
          0,
          0,
          0,
          0,
          0,
          0,
          0,
          0,
          0,
          0,
          0,
          0,
          0,
          0,
          0,
          0,
          0,
          0,
          0,
          0,
          0,
          0,
          0,
          0,
          0,
          0,
          0,
          0,
          0,
          0,
          0,
          0,
          0,
          0,
          0,
          0,
          0,
          0,
          0,
          0,
          0,
          0,
          0,
          0,
          0,
          0,
          0,
          0,
          0,
          0,
          0,
          0,
          0,
          0,
          0,
          0,
          0,
          0,
          0,
          0,
          0,
          0,
          0,
          0,
          0,
          0,
          0,
          0,
          0,
          0,
          0,
          0,
          0,
          0,
          0,
          0,
          0,
          0,
          0,
          0,
          0,
          0,
          0,
          0,
          0,
          0,
          0,
          0,
          0,
          0,
          0,
          0,
          0,
          0,
          0,
          0,
          0,
          0,
          0,
          0,
          0,
          0,
          0,
          0,
          0,
          0,
          0,
          0,
          0,
          0,
          0,
          0,
          0,
          0,
          0,
          0,
          0,
          0,
          0,
          0,
          0,
          0,
          0,
          0,
          0,
          0,
          0,
          0,
          0,
          0,
          0,
          0,
          0,
          0,
          0,
          0,
          0,
          0,
          0,
          0,
          0,
          0,
          0,
          0,
          0,
          0,
          0,
          0,
          0,
          0,
          0,
          0,
          0,
          0,
          0,
          0,
          0,
          0,
          0,
          0,
          0,
          0,
          0,
          0,
          0,
          0,
          0,
          0,
          0,
          0,
          0,
          0,
          0,
          0,
          0,
          0,
          0,
          0,
          0,
          0,
          0,
          0,
          0,
          0,
          0,
          0,
          0,
          0,
          0,
          0,
          0,
          0,
          0,
          0,
          0,
          0,
          0,
          0,
          0,
          0,
          0,
          0,
          0,
          0,
          0,
          0,
          0,
          0
        ]
      }
    },
    {
      "request": {
        "id": 106,
        "method": "condition",
        "args": [
          {
            "min_edges": -4,
            "max_edges": -1
          }
        ]
      },
      "response": {
        "key": "{\"zero_code\":null,\"one_code\":null,\"final_mask\":null,\"require_final\":0,\"forbid_final\":0,\"min_edges\":-4,\"max_edges\":-1}",
        "condition": {
          "zero_code": null,
          "one_code": null,
          "final_mask": null,
          "require_final": 0,
          "forbid_final": 0,
          "min_edges": -4,
          "max_edges": -1
        },
        "count": 0,
        "blocks": [
          0,
          0,
          0,
          0,
          0,
          0,
          0,
          0,
          0,
          0,
          0,
          0,
          0,
          0,
          0,
          0,
          0,
          0,
          0,
          0,
          0,
          0,
          0,
          0,
          0,
          0,
          0,
          0,
          0,
          0,
          0,
          0,
          0,
          0,
          0,
          0,
          0,
          0,
          0,
          0,
          0,
          0,
          0,
          0,
          0,
          0,
          0,
          0,
          0,
          0,
          0,
          0,
          0,
          0,
          0,
          0,
          0,
          0,
          0,
          0,
          0,
          0,
          0,
          0,
          0,
          0,
          0,
          0,
          0,
          0,
          0,
          0,
          0,
          0,
          0,
          0,
          0,
          0,
          0,
          0,
          0,
          0,
          0,
          0,
          0,
          0,
          0,
          0,
          0,
          0,
          0,
          0,
          0,
          0,
          0,
          0,
          0,
          0,
          0,
          0,
          0,
          0,
          0,
          0,
          0,
          0,
          0,
          0,
          0,
          0,
          0,
          0,
          0,
          0,
          0,
          0,
          0,
          0,
          0,
          0,
          0,
          0,
          0,
          0,
          0,
          0,
          0,
          0,
          0,
          0,
          0,
          0,
          0,
          0,
          0,
          0,
          0,
          0,
          0,
          0,
          0,
          0,
          0,
          0,
          0,
          0,
          0,
          0,
          0,
          0,
          0,
          0,
          0,
          0,
          0,
          0,
          0,
          0,
          0,
          0,
          0,
          0,
          0,
          0,
          0,
          0,
          0,
          0,
          0,
          0,
          0,
          0,
          0,
          0,
          0,
          0,
          0,
          0,
          0,
          0,
          0,
          0,
          0,
          0,
          0,
          0,
          0,
          0,
          0,
          0,
          0,
          0,
          0,
          0,
          0,
          0,
          0,
          0,
          0,
          0,
          0,
          0,
          0,
          0,
          0,
          0,
          0,
          0,
          0,
          0,
          0,
          0,
          0,
          0,
          0,
          0,
          0,
          0,
          0,
          0,
          0,
          0,
          0,
          0,
          0,
          0,
          0,
          0,
          0,
          0,
          0,
          0,
          0,
          0,
          0,
          0,
          0,
          0,
          0,
          0,
          0,
          0,
          0,
          0,
          0,
          0,
          0,
          0,
          0,
          0,
          0,
          0,
          0,
          0,
          0,
          0,
          0,
          0,
          0,
          0,
          0,
          0,
          0,
          0,
          0,
          0,
          0,
          0,
          0,
          0,
          0,
          0,
          0,
          0,
          0,
          0,
          0,
          0,
          0,
          0,
          0,
          0,
          0,
          0,
          0,
          0,
          0,
          0,
          0,
          0,
          0,
          0,
          0,
          0,
          0,
          0,
          0,
          0,
          0,
          0,
          0,
          0,
          0,
          0,
          0,
          0,
          0,
          0,
          0,
          0,
          0,
          0,
          0,
          0,
          0,
          0,
          0,
          0,
          0,
          0,
          0,
          0,
          0,
          0,
          0,
          0,
          0,
          0,
          0,
          0,
          0,
          0,
          0,
          0,
          0,
          0,
          0,
          0,
          0,
          0,
          0,
          0,
          0,
          0,
          0,
          0,
          0,
          0,
          0,
          0,
          0,
          0,
          0,
          0,
          0,
          0,
          0,
          0,
          0,
          0,
          0,
          0,
          0,
          0,
          0,
          0,
          0,
          0,
          0,
          0,
          0,
          0,
          0,
          0,
          0,
          0,
          0,
          0,
          0,
          0,
          0,
          0,
          0,
          0,
          0,
          0,
          0,
          0,
          0,
          0,
          0,
          0,
          0,
          0,
          0,
          0,
          0,
          0,
          0,
          0,
          0,
          0,
          0,
          0,
          0,
          0,
          0,
          0,
          0,
          0,
          0,
          0,
          0,
          0,
          0,
          0,
          0,
          0,
          0,
          0,
          0,
          0,
          0,
          0,
          0,
          0,
          0,
          0,
          0,
          0,
          0,
          0,
          0,
          0,
          0,
          0,
          0,
          0,
          0,
          0,
          0,
          0,
          0,
          0,
          0,
          0,
          0,
          0,
          0,
          0,
          0,
          0,
          0,
          0,
          0,
          0,
          0,
          0,
          0,
          0,
          0,
          0,
          0,
          0,
          0,
          0,
          0,
          0,
          0,
          0,
          0,
          0,
          0,
          0,
          0,
          0,
          0,
          0,
          0,
          0,
          0,
          0,
          0,
          0,
          0,
          0,
          0,
          0,
          0,
          0,
          0,
          0,
          0,
          0,
          0,
          0,
          0,
          0,
          0,
          0,
          0,
          0,
          0,
          0,
          0,
          0,
          0,
          0,
          0,
          0,
          0,
          0,
          0,
          0,
          0,
          0,
          0,
          0,
          0,
          0,
          0,
          0,
          0,
          0,
          0,
          0,
          0,
          0,
          0,
          0,
          0,
          0,
          0,
          0,
          0,
          0,
          0,
          0,
          0,
          0,
          0,
          0,
          0,
          0,
          0,
          0,
          0,
          0,
          0,
          0,
          0,
          0,
          0,
          0,
          0,
          0,
          0,
          0,
          0,
          0,
          0,
          0,
          0,
          0,
          0,
          0,
          0,
          0,
          0,
          0,
          0,
          0,
          0,
          0,
          0,
          0,
          0,
          0,
          0,
          0,
          0,
          0,
          0,
          0,
          0,
          0,
          0,
          0,
          0,
          0,
          0,
          0,
          0,
          0,
          0,
          0,
          0,
          0,
          0,
          0,
          0,
          0,
          0,
          0,
          0,
          0,
          0,
          0,
          0,
          0,
          0,
          0,
          0,
          0,
          0,
          0,
          0,
          0,
          0,
          0,
          0,
          0,
          0,
          0,
          0,
          0,
          0,
          0,
          0,
          0,
          0,
          0,
          0,
          0,
          0,
          0,
          0,
          0,
          0,
          0,
          0,
          0,
          0,
          0,
          0,
          0,
          0,
          0,
          0,
          0,
          0,
          0,
          0,
          0,
          0,
          0,
          0,
          0,
          0,
          0,
          0,
          0,
          0,
          0,
          0,
          0,
          0,
          0,
          0,
          0,
          0,
          0,
          0,
          0,
          0,
          0,
          0,
          0,
          0,
          0,
          0,
          0,
          0,
          0,
          0,
          0,
          0,
          0,
          0,
          0,
          0,
          0,
          0,
          0,
          0,
          0,
          0,
          0,
          0,
          0,
          0,
          0,
          0,
          0,
          0,
          0,
          0,
          0,
          0,
          0,
          0,
          0,
          0,
          0,
          0,
          0,
          0,
          0,
          0,
          0,
          0,
          0,
          0,
          0,
          0,
          0,
          0,
          0,
          0,
          0,
          0,
          0,
          0,
          0,
          0,
          0,
          0,
          0,
          0,
          0,
          0,
          0,
          0,
          0,
          0,
          0,
          0,
          0,
          0,
          0,
          0,
          0,
          0,
          0,
          0,
          0,
          0,
          0,
          0,
          0,
          0,
          0,
          0,
          0,
          0,
          0,
          0,
          0,
          0,
          0,
          0,
          0,
          0,
          0,
          0,
          0,
          0,
          0,
          0,
          0,
          0,
          0,
          0,
          0,
          0,
          0,
          0,
          0,
          0,
          0,
          0,
          0,
          0,
          0,
          0,
          0,
          0,
          0,
          0,
          0,
          0,
          0,
          0,
          0,
          0,
          0,
          0,
          0,
          0,
          0,
          0,
          0,
          0,
          0,
          0,
          0,
          0,
          0,
          0,
          0,
          0,
          0,
          0,
          0,
          0,
          0,
          0,
          0,
          0,
          0,
          0,
          0,
          0,
          0,
          0,
          0,
          0,
          0,
          0,
          0,
          0,
          0,
          0,
          0,
          0,
          0,
          0,
          0,
          0,
          0,
          0,
          0,
          0,
          0,
          0,
          0,
          0,
          0,
          0,
          0,
          0,
          0,
          0,
          0,
          0,
          0,
          0,
          0,
          0,
          0,
          0,
          0,
          0,
          0,
          0,
          0,
          0,
          0,
          0,
          0,
          0,
          0,
          0,
          0,
          0,
          0,
          0,
          0,
          0,
          0,
          0,
          0,
          0,
          0,
          0,
          0,
          0,
          0,
          0,
          0,
          0,
          0,
          0,
          0,
          0,
          0,
          0,
          0,
          0,
          0,
          0,
          0,
          0,
          0,
          0,
          0,
          0,
          0,
          0,
          0,
          0,
          0,
          0,
          0,
          0,
          0,
          0,
          0,
          0,
          0,
          0,
          0,
          0,
          0,
          0,
          0,
          0,
          0,
          0,
          0,
          0,
          0,
          0,
          0,
          0,
          0,
          0,
          0,
          0,
          0,
          0,
          0,
          0,
          0,
          0,
          0,
          0,
          0,
          0,
          0,
          0,
          0,
          0,
          0,
          0,
          0,
          0,
          0,
          0,
          0,
          0,
          0,
          0,
          0,
          0,
          0,
          0,
          0,
          0,
          0,
          0,
          0,
          0,
          0,
          0,
          0,
          0,
          0,
          0,
          0,
          0,
          0,
          0,
          0,
          0,
          0,
          0,
          0,
          0,
          0,
          0,
          0,
          0,
          0,
          0,
          0,
          0,
          0,
          0,
          0,
          0,
          0,
          0,
          0,
          0,
          0,
          0,
          0,
          0,
          0,
          0,
          0,
          0,
          0
        ],
        "prefix": [
          0,
          0,
          0,
          0,
          0,
          0,
          0,
          0,
          0,
          0,
          0,
          0,
          0,
          0,
          0,
          0,
          0,
          0,
          0,
          0,
          0,
          0,
          0,
          0,
          0,
          0,
          0,
          0,
          0,
          0,
          0,
          0,
          0,
          0,
          0,
          0,
          0,
          0,
          0,
          0,
          0,
          0,
          0,
          0,
          0,
          0,
          0,
          0,
          0,
          0,
          0,
          0,
          0,
          0,
          0,
          0,
          0,
          0,
          0,
          0,
          0,
          0,
          0,
          0,
          0,
          0,
          0,
          0,
          0,
          0,
          0,
          0,
          0,
          0,
          0,
          0,
          0,
          0,
          0,
          0,
          0,
          0,
          0,
          0,
          0,
          0,
          0,
          0,
          0,
          0,
          0,
          0,
          0,
          0,
          0,
          0,
          0,
          0,
          0,
          0,
          0,
          0,
          0,
          0,
          0,
          0,
          0,
          0,
          0,
          0,
          0,
          0,
          0,
          0,
          0,
          0,
          0,
          0,
          0,
          0,
          0,
          0,
          0,
          0,
          0,
          0,
          0,
          0,
          0,
          0,
          0,
          0,
          0,
          0,
          0,
          0,
          0,
          0,
          0,
          0,
          0,
          0,
          0,
          0,
          0,
          0,
          0,
          0,
          0,
          0,
          0,
          0,
          0,
          0,
          0,
          0,
          0,
          0,
          0,
          0,
          0,
          0,
          0,
          0,
          0,
          0,
          0,
          0,
          0,
          0,
          0,
          0,
          0,
          0,
          0,
          0,
          0,
          0,
          0,
          0,
          0,
          0,
          0,
          0,
          0,
          0,
          0,
          0,
          0,
          0,
          0,
          0,
          0,
          0,
          0,
          0,
          0,
          0,
          0,
          0,
          0,
          0,
          0,
          0,
          0,
          0,
          0,
          0,
          0,
          0,
          0,
          0,
          0,
          0,
          0,
          0,
          0,
          0,
          0,
          0,
          0,
          0,
          0,
          0,
          0,
          0,
          0,
          0,
          0,
          0,
          0,
          0,
          0,
          0,
          0,
          0,
          0,
          0,
          0,
          0,
          0,
          0,
          0,
          0,
          0,
          0,
          0,
          0,
          0,
          0,
          0,
          0,
          0,
          0,
          0,
          0,
          0,
          0,
          0,
          0,
          0,
          0,
          0,
          0,
          0,
          0,
          0,
          0,
          0,
          0,
          0,
          0,
          0,
          0,
          0,
          0,
          0,
          0,
          0,
          0,
          0,
          0,
          0,
          0,
          0,
          0,
          0,
          0,
          0,
          0,
          0,
          0,
          0,
          0,
          0,
          0,
          0,
          0,
          0,
          0,
          0,
          0,
          0,
          0,
          0,
          0,
          0,
          0,
          0,
          0,
          0,
          0,
          0,
          0,
          0,
          0,
          0,
          0,
          0,
          0,
          0,
          0,
          0,
          0,
          0,
          0,
          0,
          0,
          0,
          0,
          0,
          0,
          0,
          0,
          0,
          0,
          0,
          0,
          0,
          0,
          0,
          0,
          0,
          0,
          0,
          0,
          0,
          0,
          0,
          0,
          0,
          0,
          0,
          0,
          0,
          0,
          0,
          0,
          0,
          0,
          0,
          0,
          0,
          0,
          0,
          0,
          0,
          0,
          0,
          0,
          0,
          0,
          0,
          0,
          0,
          0,
          0,
          0,
          0,
          0,
          0,
          0,
          0,
          0,
          0,
          0,
          0,
          0,
          0,
          0,
          0,
          0,
          0,
          0,
          0,
          0,
          0,
          0,
          0,
          0,
          0,
          0,
          0,
          0,
          0,
          0,
          0,
          0,
          0,
          0,
          0,
          0,
          0,
          0,
          0,
          0,
          0,
          0,
          0,
          0,
          0,
          0,
          0,
          0,
          0,
          0,
          0,
          0,
          0,
          0,
          0,
          0,
          0,
          0,
          0,
          0,
          0,
          0,
          0,
          0,
          0,
          0,
          0,
          0,
          0,
          0,
          0,
          0,
          0,
          0,
          0,
          0,
          0,
          0,
          0,
          0,
          0,
          0,
          0,
          0,
          0,
          0,
          0,
          0,
          0,
          0,
          0,
          0,
          0,
          0,
          0,
          0,
          0,
          0,
          0,
          0,
          0,
          0,
          0,
          0,
          0,
          0,
          0,
          0,
          0,
          0,
          0,
          0,
          0,
          0,
          0,
          0,
          0,
          0,
          0,
          0,
          0,
          0,
          0,
          0,
          0,
          0,
          0,
          0,
          0,
          0,
          0,
          0,
          0,
          0,
          0,
          0,
          0,
          0,
          0,
          0,
          0,
          0,
          0,
          0,
          0,
          0,
          0,
          0,
          0,
          0,
          0,
          0,
          0,
          0,
          0,
          0,
          0,
          0,
          0,
          0,
          0,
          0,
          0,
          0,
          0,
          0,
          0,
          0,
          0,
          0,
          0,
          0,
          0,
          0,
          0,
          0,
          0,
          0,
          0,
          0,
          0,
          0,
          0,
          0,
          0,
          0,
          0,
          0,
          0,
          0,
          0,
          0,
          0,
          0,
          0,
          0,
          0,
          0,
          0,
          0,
          0,
          0,
          0,
          0,
          0,
          0,
          0,
          0,
          0,
          0,
          0,
          0,
          0,
          0,
          0,
          0,
          0,
          0,
          0,
          0,
          0,
          0,
          0,
          0,
          0,
          0,
          0,
          0,
          0,
          0,
          0,
          0,
          0,
          0,
          0,
          0,
          0,
          0,
          0,
          0,
          0,
          0,
          0,
          0,
          0,
          0,
          0,
          0,
          0,
          0,
          0,
          0,
          0,
          0,
          0,
          0,
          0,
          0,
          0,
          0,
          0,
          0,
          0,
          0,
          0,
          0,
          0,
          0,
          0,
          0,
          0,
          0,
          0,
          0,
          0,
          0,
          0,
          0,
          0,
          0,
          0,
          0,
          0,
          0,
          0,
          0,
          0,
          0,
          0,
          0,
          0,
          0,
          0,
          0,
          0,
          0,
          0,
          0,
          0,
          0,
          0,
          0,
          0,
          0,
          0,
          0,
          0,
          0,
          0,
          0,
          0,
          0,
          0,
          0,
          0,
          0,
          0,
          0,
          0,
          0,
          0,
          0,
          0,
          0,
          0,
          0,
          0,
          0,
          0,
          0,
          0,
          0,
          0,
          0,
          0,
          0,
          0,
          0,
          0,
          0,
          0,
          0,
          0,
          0,
          0,
          0,
          0,
          0,
          0,
          0,
          0,
          0,
          0,
          0,
          0,
          0,
          0,
          0,
          0,
          0,
          0,
          0,
          0,
          0,
          0,
          0,
          0,
          0,
          0,
          0,
          0,
          0,
          0,
          0,
          0,
          0,
          0,
          0,
          0,
          0,
          0,
          0,
          0,
          0,
          0,
          0,
          0,
          0,
          0,
          0,
          0,
          0,
          0,
          0,
          0,
          0,
          0,
          0,
          0,
          0,
          0,
          0,
          0,
          0,
          0,
          0,
          0,
          0,
          0,
          0,
          0,
          0,
          0,
          0,
          0,
          0,
          0,
          0,
          0,
          0,
          0,
          0,
          0,
          0,
          0,
          0,
          0,
          0,
          0,
          0,
          0,
          0,
          0,
          0,
          0,
          0,
          0,
          0,
          0,
          0,
          0,
          0,
          0,
          0,
          0,
          0,
          0,
          0,
          0,
          0,
          0,
          0,
          0,
          0,
          0,
          0,
          0,
          0,
          0,
          0,
          0,
          0,
          0,
          0,
          0,
          0,
          0,
          0,
          0,
          0,
          0,
          0,
          0,
          0,
          0,
          0,
          0,
          0,
          0,
          0,
          0,
          0,
          0,
          0,
          0,
          0,
          0,
          0,
          0,
          0,
          0,
          0,
          0,
          0,
          0,
          0,
          0,
          0,
          0,
          0,
          0,
          0,
          0,
          0,
          0,
          0,
          0,
          0,
          0,
          0,
          0,
          0,
          0,
          0,
          0,
          0,
          0,
          0,
          0,
          0,
          0,
          0,
          0,
          0,
          0,
          0,
          0,
          0,
          0,
          0,
          0,
          0,
          0,
          0,
          0,
          0,
          0,
          0,
          0,
          0,
          0,
          0,
          0,
          0,
          0,
          0,
          0,
          0,
          0,
          0,
          0,
          0,
          0,
          0,
          0,
          0,
          0,
          0,
          0,
          0,
          0,
          0,
          0,
          0,
          0,
          0,
          0,
          0,
          0,
          0,
          0,
          0,
          0,
          0,
          0,
          0,
          0,
          0,
          0,
          0,
          0,
          0,
          0,
          0,
          0,
          0,
          0,
          0,
          0,
          0,
          0,
          0,
          0,
          0,
          0,
          0,
          0,
          0,
          0,
          0,
          0,
          0,
          0,
          0,
          0,
          0,
          0,
          0,
          0,
          0,
          0,
          0,
          0,
          0,
          0,
          0,
          0,
          0,
          0,
          0,
          0,
          0,
          0,
          0,
          0,
          0,
          0,
          0,
          0,
          0,
          0,
          0,
          0,
          0,
          0,
          0,
          0,
          0,
          0,
          0,
          0,
          0,
          0,
          0,
          0,
          0,
          0,
          0,
          0
        ]
      }
    },
    {
      "request": {
        "id": 107,
        "method": "page",
        "args": [
          {},
          0,
          32
        ]
      },
      "response": {
        "start": 0,
        "count": 32,
        "total": 25294,
        "next": 32,
        "rows": [
          {
            "rank": 0,
            "table_code": 626,
            "zero_code": 114,
            "one_code": 1,
            "initial_state": 0,
            "final_mask": 1,
            "zero_rows": [
              2,
              6,
              1
            ],
            "one_rows": [
              1,
              0,
              0
            ],
            "first_terminal_mask": 1,
            "second_terminal_mask": 0,
            "edges": 5,
            "separates": true
          },
          {
            "rank": 1,
            "table_code": 626,
            "zero_code": 114,
            "one_code": 1,
            "initial_state": 0,
            "final_mask": 3,
            "zero_rows": [
              2,
              6,
              1
            ],
            "one_rows": [
              1,
              0,
              0
            ],
            "first_terminal_mask": 1,
            "second_terminal_mask": 0,
            "edges": 5,
            "separates": true
          },
          {
            "rank": 2,
            "table_code": 626,
            "zero_code": 114,
            "one_code": 1,
            "initial_state": 0,
            "final_mask": 5,
            "zero_rows": [
              2,
              6,
              1
            ],
            "one_rows": [
              1,
              0,
              0
            ],
            "first_terminal_mask": 1,
            "second_terminal_mask": 0,
            "edges": 5,
            "separates": true
          },
          {
            "rank": 3,
            "table_code": 626,
            "zero_code": 114,
            "one_code": 1,
            "initial_state": 0,
            "final_mask": 7,
            "zero_rows": [
              2,
              6,
              1
            ],
            "one_rows": [
              1,
              0,
              0
            ],
            "first_terminal_mask": 1,
            "second_terminal_mask": 0,
            "edges": 5,
            "separates": true
          },
          {
            "rank": 4,
            "table_code": 668,
            "zero_code": 156,
            "one_code": 1,
            "initial_state": 0,
            "final_mask": 1,
            "zero_rows": [
              4,
              3,
              2
            ],
            "one_rows": [
              1,
              0,
              0
            ],
            "first_terminal_mask": 1,
            "second_terminal_mask": 0,
            "edges": 5,
            "separates": true
          },
          {
            "rank": 5,
            "table_code": 668,
            "zero_code": 156,
            "one_code": 1,
            "initial_state": 0,
            "final_mask": 3,
            "zero_rows": [
              4,
              3,
              2
            ],
            "one_rows": [
              1,
              0,
              0
            ],
            "first_terminal_mask": 1,
            "second_terminal_mask": 0,
            "edges": 5,
            "separates": true
          },
          {
            "rank": 6,
            "table_code": 668,
            "zero_code": 156,
            "one_code": 1,
            "initial_state": 0,
            "final_mask": 5,
            "zero_rows": [
              4,
              3,
              2
            ],
            "one_rows": [
              1,
              0,
              0
            ],
            "first_terminal_mask": 1,
            "second_terminal_mask": 0,
            "edges": 5,
            "separates": true
          },
          {
            "rank": 7,
            "table_code": 668,
            "zero_code": 156,
            "one_code": 1,
            "initial_state": 0,
            "final_mask": 7,
            "zero_rows": [
              4,
              3,
              2
            ],
            "one_rows": [
              1,
              0,
              0
            ],
            "first_terminal_mask": 1,
            "second_terminal_mask": 0,
            "edges": 5,
            "separates": true
          },
          {
            "rank": 8,
            "table_code": 684,
            "zero_code": 172,
            "one_code": 1,
            "initial_state": 0,
            "final_mask": 1,
            "zero_rows": [
              4,
              5,
              2
            ],
            "one_rows": [
              1,
              0,
              0
            ],
            "first_terminal_mask": 1,
            "second_terminal_mask": 0,
            "edges": 5,
            "separates": true
          },
          {
            "rank": 9,
            "table_code": 684,
            "zero_code": 172,
            "one_code": 1,
            "initial_state": 0,
            "final_mask": 3,
            "zero_rows": [
              4,
              5,
              2
            ],
            "one_rows": [
              1,
              0,
              0
            ],
            "first_terminal_mask": 1,
            "second_terminal_mask": 0,
            "edges": 5,
            "separates": true
          },
          {
            "rank": 10,
            "table_code": 684,
            "zero_code": 172,
            "one_code": 1,
            "initial_state": 0,
            "final_mask": 5,
            "zero_rows": [
              4,
              5,
              2
            ],
            "one_rows": [
              1,
              0,
              0
            ],
            "first_terminal_mask": 1,
            "second_terminal_mask": 0,
            "edges": 5,
            "separates": true
          },
          {
            "rank": 11,
            "table_code": 684,
            "zero_code": 172,
            "one_code": 1,
            "initial_state": 0,
            "final_mask": 7,
            "zero_rows": [
              4,
              5,
              2
            ],
            "one_rows": [
              1,
              0,
              0
            ],
            "first_terminal_mask": 1,
            "second_terminal_mask": 0,
            "edges": 5,
            "separates": true
          },
          {
            "rank": 12,
            "table_code": 700,
            "zero_code": 188,
            "one_code": 1,
            "initial_state": 0,
            "final_mask": 1,
            "zero_rows": [
              4,
              7,
              2
            ],
            "one_rows": [
              1,
              0,
              0
            ],
            "first_terminal_mask": 1,
            "second_terminal_mask": 0,
            "edges": 6,
            "separates": true
          },
          {
            "rank": 13,
            "table_code": 700,
            "zero_code": 188,
            "one_code": 1,
            "initial_state": 0,
            "final_mask": 3,
            "zero_rows": [
              4,
              7,
              2
            ],
            "one_rows": [
              1,
              0,
              0
            ],
            "first_terminal_mask": 1,
            "second_terminal_mask": 0,
            "edges": 6,
            "separates": true
          },
          {
            "rank": 14,
            "table_code": 700,
            "zero_code": 188,
            "one_code": 1,
            "initial_state": 0,
            "final_mask": 5,
            "zero_rows": [
              4,
              7,
              2
            ],
            "one_rows": [
              1,
              0,
              0
            ],
            "first_terminal_mask": 1,
            "second_terminal_mask": 0,
            "edges": 6,
            "separates": true
          },
          {
            "rank": 15,
            "table_code": 700,
            "zero_code": 188,
            "one_code": 1,
            "initial_state": 0,
            "final_mask": 7,
            "zero_rows": [
              4,
              7,
              2
            ],
            "one_rows": [
              1,
              0,
              0
            ],
            "first_terminal_mask": 1,
            "second_terminal_mask": 0,
            "edges": 6,
            "separates": true
          },
          {
            "rank": 16,
            "table_code": 738,
            "zero_code": 226,
            "one_code": 1,
            "initial_state": 0,
            "final_mask": 1,
            "zero_rows": [
              2,
              4,
              3
            ],
            "one_rows": [
              1,
              0,
              0
            ],
            "first_terminal_mask": 1,
            "second_terminal_mask": 0,
            "edges": 5,
            "separates": true
          },
          {
            "rank": 17,
            "table_code": 738,
            "zero_code": 226,
            "one_code": 1,
            "initial_state": 0,
            "final_mask": 3,
            "zero_rows": [
              2,
              4,
              3
            ],
            "one_rows": [
              1,
              0,
              0
            ],
            "first_terminal_mask": 1,
            "second_terminal_mask": 0,
            "edges": 5,
            "separates": true
          },
          {
            "rank": 18,
            "table_code": 738,
            "zero_code": 226,
            "one_code": 1,
            "initial_state": 0,
            "final_mask": 5,
            "zero_rows": [
              2,
              4,
              3
            ],
            "one_rows": [
              1,
              0,
              0
            ],
            "first_terminal_mask": 1,
            "second_terminal_mask": 0,
            "edges": 5,
            "separates": true
          },
          {
            "rank": 19,
            "table_code": 738,
            "zero_code": 226,
            "one_code": 1,
            "initial_state": 0,
            "final_mask": 7,
            "zero_rows": [
              2,
              4,
              3
            ],
            "one_rows": [
              1,
              0,
              0
            ],
            "first_terminal_mask": 1,
            "second_terminal_mask": 0,
            "edges": 5,
            "separates": true
          },
          {
            "rank": 20,
            "table_code": 754,
            "zero_code": 242,
            "one_code": 1,
            "initial_state": 0,
            "final_mask": 1,
            "zero_rows": [
              2,
              6,
              3
            ],
            "one_rows": [
              1,
              0,
              0
            ],
            "first_terminal_mask": 1,
            "second_terminal_mask": 0,
            "edges": 6,
            "separates": true
          },
          {
            "rank": 21,
            "table_code": 754,
            "zero_code": 242,
            "one_code": 1,
            "initial_state": 0,
            "final_mask": 3,
            "zero_rows": [
              2,
              6,
              3
            ],
            "one_rows": [
              1,
              0,
              0
            ],
            "first_terminal_mask": 1,
            "second_terminal_mask": 0,
            "edges": 6,
            "separates": true
          },
          {
            "rank": 22,
            "table_code": 754,
            "zero_code": 242,
            "one_code": 1,
            "initial_state": 0,
            "final_mask": 5,
            "zero_rows": [
              2,
              6,
              3
            ],
            "one_rows": [
              1,
              0,
              0
            ],
            "first_terminal_mask": 1,
            "second_terminal_mask": 0,
            "edges": 6,
            "separates": true
          },
          {
            "rank": 23,
            "table_code": 754,
            "zero_code": 242,
            "one_code": 1,
            "initial_state": 0,
            "final_mask": 7,
            "zero_rows": [
              2,
              6,
              3
            ],
            "one_rows": [
              1,
              0,
              0
            ],
            "first_terminal_mask": 1,
            "second_terminal_mask": 0,
            "edges": 6,
            "separates": true
          },
          {
            "rank": 24,
            "table_code": 866,
            "zero_code": 354,
            "one_code": 1,
            "initial_state": 0,
            "final_mask": 1,
            "zero_rows": [
              2,
              4,
              5
            ],
            "one_rows": [
              1,
              0,
              0
            ],
            "first_terminal_mask": 1,
            "second_terminal_mask": 0,
            "edges": 5,
            "separates": true
          },
          {
            "rank": 25,
            "table_code": 866,
            "zero_code": 354,
            "one_code": 1,
            "initial_state": 0,
            "final_mask": 3,
            "zero_rows": [
              2,
              4,
              5
            ],
            "one_rows": [
              1,
              0,
              0
            ],
            "first_terminal_mask": 1,
            "second_terminal_mask": 0,
            "edges": 5,
            "separates": true
          },
          {
            "rank": 26,
            "table_code": 866,
            "zero_code": 354,
            "one_code": 1,
            "initial_state": 0,
            "final_mask": 5,
            "zero_rows": [
              2,
              4,
              5
            ],
            "one_rows": [
              1,
              0,
              0
            ],
            "first_terminal_mask": 1,
            "second_terminal_mask": 0,
            "edges": 5,
            "separates": true
          },
          {
            "rank": 27,
            "table_code": 866,
            "zero_code": 354,
            "one_code": 1,
            "initial_state": 0,
            "final_mask": 7,
            "zero_rows": [
              2,
              4,
              5
            ],
            "one_rows": [
              1,
              0,
              0
            ],
            "first_terminal_mask": 1,
            "second_terminal_mask": 0,
            "edges": 5,
            "separates": true
          },
          {
            "rank": 28,
            "table_code": 882,
            "zero_code": 370,
            "one_code": 1,
            "initial_state": 0,
            "final_mask": 1,
            "zero_rows": [
              2,
              6,
              5
            ],
            "one_rows": [
              1,
              0,
              0
            ],
            "first_terminal_mask": 1,
            "second_terminal_mask": 0,
            "edges": 6,
            "separates": true
          },
          {
            "rank": 29,
            "table_code": 882,
            "zero_code": 370,
            "one_code": 1,
            "initial_state": 0,
            "final_mask": 3,
            "zero_rows": [
              2,
              6,
              5
            ],
            "one_rows": [
              1,
              0,
              0
            ],
            "first_terminal_mask": 1,
            "second_terminal_mask": 0,
            "edges": 6,
            "separates": true
          },
          {
            "rank": 30,
            "table_code": 882,
            "zero_code": 370,
            "one_code": 1,
            "initial_state": 0,
            "final_mask": 5,
            "zero_rows": [
              2,
              6,
              5
            ],
            "one_rows": [
              1,
              0,
              0
            ],
            "first_terminal_mask": 1,
            "second_terminal_mask": 0,
            "edges": 6,
            "separates": true
          },
          {
            "rank": 31,
            "table_code": 882,
            "zero_code": 370,
            "one_code": 1,
            "initial_state": 0,
            "final_mask": 7,
            "zero_rows": [
              2,
              6,
              5
            ],
            "one_rows": [
              1,
              0,
              0
            ],
            "first_terminal_mask": 1,
            "second_terminal_mask": 0,
            "edges": 6,
            "separates": true
          }
        ]
      }
    },
    {
      "request": {
        "id": 108,
        "method": "page",
        "args": [
          {},
          25262,
          32
        ]
      },
      "response": {
        "start": 25262,
        "count": 32,
        "total": 25294,
        "next": null,
        "rows": [
          {
            "rank": 25262,
            "table_code": 242420,
            "zero_code": 244,
            "one_code": 473,
            "initial_state": 0,
            "final_mask": 4,
            "zero_rows": [
              4,
              6,
              3
            ],
            "one_rows": [
              1,
              3,
              7
            ],
            "first_terminal_mask": 7,
            "second_terminal_mask": 3,
            "edges": 11,
            "separates": true
          },
          {
            "rank": 25263,
            "table_code": 242428,
            "zero_code": 252,
            "one_code": 473,
            "initial_state": 0,
            "final_mask": 4,
            "zero_rows": [
              4,
              7,
              3
            ],
            "one_rows": [
              1,
              3,
              7
            ],
            "first_terminal_mask": 7,
            "second_terminal_mask": 3,
            "edges": 12,
            "separates": true
          },
          {
            "rank": 25264,
            "table_code": 242718,
            "zero_code": 30,
            "one_code": 474,
            "initial_state": 0,
            "final_mask": 4,
            "zero_rows": [
              6,
              3,
              0
            ],
            "one_rows": [
              2,
              3,
              7
            ],
            "first_terminal_mask": 7,
            "second_terminal_mask": 3,
            "edges": 10,
            "separates": true
          },
          {
            "rank": 25265,
            "table_code": 242782,
            "zero_code": 94,
            "one_code": 474,
            "initial_state": 0,
            "final_mask": 4,
            "zero_rows": [
              6,
              3,
              1
            ],
            "one_rows": [
              2,
              3,
              7
            ],
            "first_terminal_mask": 7,
            "second_terminal_mask": 3,
            "edges": 11,
            "separates": true
          },
          {
            "rank": 25266,
            "table_code": 242830,
            "zero_code": 142,
            "one_code": 474,
            "initial_state": 0,
            "final_mask": 4,
            "zero_rows": [
              6,
              1,
              2
            ],
            "one_rows": [
              2,
              3,
              7
            ],
            "first_terminal_mask": 7,
            "second_terminal_mask": 3,
            "edges": 10,
            "separates": true
          },
          {
            "rank": 25267,
            "table_code": 242844,
            "zero_code": 156,
            "one_code": 474,
            "initial_state": 0,
            "final_mask": 4,
            "zero_rows": [
              4,
              3,
              2
            ],
            "one_rows": [
              2,
              3,
              7
            ],
            "first_terminal_mask": 7,
            "second_terminal_mask": 3,
            "edges": 10,
            "separates": true
          },
          {
            "rank": 25268,
            "table_code": 242846,
            "zero_code": 158,
            "one_code": 474,
            "initial_state": 0,
            "final_mask": 4,
            "zero_rows": [
              6,
              3,
              2
            ],
            "one_rows": [
              2,
              3,
              7
            ],
            "first_terminal_mask": 7,
            "second_terminal_mask": 3,
            "edges": 11,
            "separates": true
          },
          {
            "rank": 25269,
            "table_code": 242860,
            "zero_code": 172,
            "one_code": 474,
            "initial_state": 0,
            "final_mask": 4,
            "zero_rows": [
              4,
              5,
              2
            ],
            "one_rows": [
              2,
              3,
              7
            ],
            "first_terminal_mask": 7,
            "second_terminal_mask": 3,
            "edges": 10,
            "separates": true
          },
          {
            "rank": 25270,
            "table_code": 242868,
            "zero_code": 180,
            "one_code": 474,
            "initial_state": 0,
            "final_mask": 4,
            "zero_rows": [
              4,
              6,
              2
            ],
            "one_rows": [
              2,
              3,
              7
            ],
            "first_terminal_mask": 7,
            "second_terminal_mask": 3,
            "edges": 10,
            "separates": true
          },
          {
            "rank": 25271,
            "table_code": 242876,
            "zero_code": 188,
            "one_code": 474,
            "initial_state": 0,
            "final_mask": 4,
            "zero_rows": [
              4,
              7,
              2
            ],
            "one_rows": [
              2,
              3,
              7
            ],
            "first_terminal_mask": 7,
            "second_terminal_mask": 3,
            "edges": 11,
            "separates": true
          },
          {
            "rank": 25272,
            "table_code": 242892,
            "zero_code": 204,
            "one_code": 474,
            "initial_state": 0,
            "final_mask": 4,
            "zero_rows": [
              4,
              1,
              3
            ],
            "one_rows": [
              2,
              3,
              7
            ],
            "first_terminal_mask": 7,
            "second_terminal_mask": 3,
            "edges": 10,
            "separates": true
          },
          {
            "rank": 25273,
            "table_code": 242894,
            "zero_code": 206,
            "one_code": 474,
            "initial_state": 0,
            "final_mask": 4,
            "zero_rows": [
              6,
              1,
              3
            ],
            "one_rows": [
              2,
              3,
              7
            ],
            "first_terminal_mask": 7,
            "second_terminal_mask": 3,
            "edges": 11,
            "separates": true
          },
          {
            "rank": 25274,
            "table_code": 242908,
            "zero_code": 220,
            "one_code": 474,
            "initial_state": 0,
            "final_mask": 4,
            "zero_rows": [
              4,
              3,
              3
            ],
            "one_rows": [
              2,
              3,
              7
            ],
            "first_terminal_mask": 7,
            "second_terminal_mask": 3,
            "edges": 11,
            "separates": true
          },
          {
            "rank": 25275,
            "table_code": 242910,
            "zero_code": 222,
            "one_code": 474,
            "initial_state": 0,
            "final_mask": 4,
            "zero_rows": [
              6,
              3,
              3
            ],
            "one_rows": [
              2,
              3,
              7
            ],
            "first_terminal_mask": 7,
            "second_terminal_mask": 3,
            "edges": 12,
            "separates": true
          },
          {
            "rank": 25276,
            "table_code": 242924,
            "zero_code": 236,
            "one_code": 474,
            "initial_state": 0,
            "final_mask": 4,
            "zero_rows": [
              4,
              5,
              3
            ],
            "one_rows": [
              2,
              3,
              7
            ],
            "first_terminal_mask": 7,
            "second_terminal_mask": 3,
            "edges": 11,
            "separates": true
          },
          {
            "rank": 25277,
            "table_code": 242932,
            "zero_code": 244,
            "one_code": 474,
            "initial_state": 0,
            "final_mask": 4,
            "zero_rows": [
              4,
              6,
              3
            ],
            "one_rows": [
              2,
              3,
              7
            ],
            "first_terminal_mask": 7,
            "second_terminal_mask": 3,
            "edges": 11,
            "separates": true
          },
          {
            "rank": 25278,
            "table_code": 242940,
            "zero_code": 252,
            "one_code": 474,
            "initial_state": 0,
            "final_mask": 4,
            "zero_rows": [
              4,
              7,
              3
            ],
            "one_rows": [
              2,
              3,
              7
            ],
            "first_terminal_mask": 7,
            "second_terminal_mask": 3,
            "edges": 12,
            "separates": true
          },
          {
            "rank": 25279,
            "table_code": 243230,
            "zero_code": 30,
            "one_code": 475,
            "initial_state": 0,
            "final_mask": 4,
            "zero_rows": [
              6,
              3,
              0
            ],
            "one_rows": [
              3,
              3,
              7
            ],
            "first_terminal_mask": 7,
            "second_terminal_mask": 3,
            "edges": 11,
            "separates": true
          },
          {
            "rank": 25280,
            "table_code": 243294,
            "zero_code": 94,
            "one_code": 475,
            "initial_state": 0,
            "final_mask": 4,
            "zero_rows": [
              6,
              3,
              1
            ],
            "one_rows": [
              3,
              3,
              7
            ],
            "first_terminal_mask": 7,
            "second_terminal_mask": 3,
            "edges": 12,
            "separates": true
          },
          {
            "rank": 25281,
            "table_code": 243342,
            "zero_code": 142,
            "one_code": 475,
            "initial_state": 0,
            "final_mask": 4,
            "zero_rows": [
              6,
              1,
              2
            ],
            "one_rows": [
              3,
              3,
              7
            ],
            "first_terminal_mask": 7,
            "second_terminal_mask": 3,
            "edges": 11,
            "separates": true
          },
          {
            "rank": 25282,
            "table_code": 243356,
            "zero_code": 156,
            "one_code": 475,
            "initial_state": 0,
            "final_mask": 4,
            "zero_rows": [
              4,
              3,
              2
            ],
            "one_rows": [
              3,
              3,
              7
            ],
            "first_terminal_mask": 7,
            "second_terminal_mask": 3,
            "edges": 11,
            "separates": true
          },
          {
            "rank": 25283,
            "table_code": 243358,
            "zero_code": 158,
            "one_code": 475,
            "initial_state": 0,
            "final_mask": 4,
            "zero_rows": [
              6,
              3,
              2
            ],
            "one_rows": [
              3,
              3,
              7
            ],
            "first_terminal_mask": 7,
            "second_terminal_mask": 3,
            "edges": 12,
            "separates": true
          },
          {
            "rank": 25284,
            "table_code": 243372,
            "zero_code": 172,
            "one_code": 475,
            "initial_state": 0,
            "final_mask": 4,
            "zero_rows": [
              4,
              5,
              2
            ],
            "one_rows": [
              3,
              3,
              7
            ],
            "first_terminal_mask": 7,
            "second_terminal_mask": 3,
            "edges": 11,
            "separates": true
          },
          {
            "rank": 25285,
            "table_code": 243380,
            "zero_code": 180,
            "one_code": 475,
            "initial_state": 0,
            "final_mask": 4,
            "zero_rows": [
              4,
              6,
              2
            ],
            "one_rows": [
              3,
              3,
              7
            ],
            "first_terminal_mask": 7,
            "second_terminal_mask": 3,
            "edges": 11,
            "separates": true
          },
          {
            "rank": 25286,
            "table_code": 243388,
            "zero_code": 188,
            "one_code": 475,
            "initial_state": 0,
            "final_mask": 4,
            "zero_rows": [
              4,
              7,
              2
            ],
            "one_rows": [
              3,
              3,
              7
            ],
            "first_terminal_mask": 7,
            "second_terminal_mask": 3,
            "edges": 12,
            "separates": true
          },
          {
            "rank": 25287,
            "table_code": 243404,
            "zero_code": 204,
            "one_code": 475,
            "initial_state": 0,
            "final_mask": 4,
            "zero_rows": [
              4,
              1,
              3
            ],
            "one_rows": [
              3,
              3,
              7
            ],
            "first_terminal_mask": 7,
            "second_terminal_mask": 3,
            "edges": 11,
            "separates": true
          },
          {
            "rank": 25288,
            "table_code": 243406,
            "zero_code": 206,
            "one_code": 475,
            "initial_state": 0,
            "final_mask": 4,
            "zero_rows": [
              6,
              1,
              3
            ],
            "one_rows": [
              3,
              3,
              7
            ],
            "first_terminal_mask": 7,
            "second_terminal_mask": 3,
            "edges": 12,
            "separates": true
          },
          {
            "rank": 25289,
            "table_code": 243420,
            "zero_code": 220,
            "one_code": 475,
            "initial_state": 0,
            "final_mask": 4,
            "zero_rows": [
              4,
              3,
              3
            ],
            "one_rows": [
              3,
              3,
              7
            ],
            "first_terminal_mask": 7,
            "second_terminal_mask": 3,
            "edges": 12,
            "separates": true
          },
          {
            "rank": 25290,
            "table_code": 243422,
            "zero_code": 222,
            "one_code": 475,
            "initial_state": 0,
            "final_mask": 4,
            "zero_rows": [
              6,
              3,
              3
            ],
            "one_rows": [
              3,
              3,
              7
            ],
            "first_terminal_mask": 7,
            "second_terminal_mask": 3,
            "edges": 13,
            "separates": true
          },
          {
            "rank": 25291,
            "table_code": 243436,
            "zero_code": 236,
            "one_code": 475,
            "initial_state": 0,
            "final_mask": 4,
            "zero_rows": [
              4,
              5,
              3
            ],
            "one_rows": [
              3,
              3,
              7
            ],
            "first_terminal_mask": 7,
            "second_terminal_mask": 3,
            "edges": 12,
            "separates": true
          },
          {
            "rank": 25292,
            "table_code": 243444,
            "zero_code": 244,
            "one_code": 475,
            "initial_state": 0,
            "final_mask": 4,
            "zero_rows": [
              4,
              6,
              3
            ],
            "one_rows": [
              3,
              3,
              7
            ],
            "first_terminal_mask": 7,
            "second_terminal_mask": 3,
            "edges": 12,
            "separates": true
          },
          {
            "rank": 25293,
            "table_code": 243452,
            "zero_code": 252,
            "one_code": 475,
            "initial_state": 0,
            "final_mask": 4,
            "zero_rows": [
              4,
              7,
              3
            ],
            "one_rows": [
              3,
              3,
              7
            ],
            "first_terminal_mask": 7,
            "second_terminal_mask": 3,
            "edges": 13,
            "separates": true
          }
        ]
      }
    },
    {
      "request": {
        "id": 109,
        "method": "page",
        "args": [
          {
            "min_edges": 3,
            "max_edges": 3
          },
          0,
          128
        ]
      },
      "response": {
        "start": 0,
        "count": 8,
        "total": 8,
        "next": null,
        "rows": [
          {
            "rank": 0,
            "table_code": 17409,
            "zero_code": 1,
            "one_code": 34,
            "initial_state": 0,
            "final_mask": 4,
            "zero_rows": [
              1,
              0,
              0
            ],
            "one_rows": [
              2,
              4,
              0
            ],
            "first_terminal_mask": 4,
            "second_terminal_mask": 0,
            "edges": 3,
            "separates": true
          },
          {
            "rank": 1,
            "table_code": 17409,
            "zero_code": 1,
            "one_code": 34,
            "initial_state": 0,
            "final_mask": 5,
            "zero_rows": [
              1,
              0,
              0
            ],
            "one_rows": [
              2,
              4,
              0
            ],
            "first_terminal_mask": 4,
            "second_terminal_mask": 0,
            "edges": 3,
            "separates": true
          },
          {
            "rank": 2,
            "table_code": 17409,
            "zero_code": 1,
            "one_code": 34,
            "initial_state": 0,
            "final_mask": 6,
            "zero_rows": [
              1,
              0,
              0
            ],
            "one_rows": [
              2,
              4,
              0
            ],
            "first_terminal_mask": 4,
            "second_terminal_mask": 0,
            "edges": 3,
            "separates": true
          },
          {
            "rank": 3,
            "table_code": 17409,
            "zero_code": 1,
            "one_code": 34,
            "initial_state": 0,
            "final_mask": 7,
            "zero_rows": [
              1,
              0,
              0
            ],
            "one_rows": [
              2,
              4,
              0
            ],
            "first_terminal_mask": 4,
            "second_terminal_mask": 0,
            "edges": 3,
            "separates": true
          },
          {
            "rank": 4,
            "table_code": 67585,
            "zero_code": 1,
            "one_code": 132,
            "initial_state": 0,
            "final_mask": 2,
            "zero_rows": [
              1,
              0,
              0
            ],
            "one_rows": [
              4,
              0,
              2
            ],
            "first_terminal_mask": 2,
            "second_terminal_mask": 0,
            "edges": 3,
            "separates": true
          },
          {
            "rank": 5,
            "table_code": 67585,
            "zero_code": 1,
            "one_code": 132,
            "initial_state": 0,
            "final_mask": 3,
            "zero_rows": [
              1,
              0,
              0
            ],
            "one_rows": [
              4,
              0,
              2
            ],
            "first_terminal_mask": 2,
            "second_terminal_mask": 0,
            "edges": 3,
            "separates": true
          },
          {
            "rank": 6,
            "table_code": 67585,
            "zero_code": 1,
            "one_code": 132,
            "initial_state": 0,
            "final_mask": 6,
            "zero_rows": [
              1,
              0,
              0
            ],
            "one_rows": [
              4,
              0,
              2
            ],
            "first_terminal_mask": 2,
            "second_terminal_mask": 0,
            "edges": 3,
            "separates": true
          },
          {
            "rank": 7,
            "table_code": 67585,
            "zero_code": 1,
            "one_code": 132,
            "initial_state": 0,
            "final_mask": 7,
            "zero_rows": [
              1,
              0,
              0
            ],
            "one_rows": [
              4,
              0,
              2
            ],
            "first_terminal_mask": 2,
            "second_terminal_mask": 0,
            "edges": 3,
            "separates": true
          }
        ]
      }
    },
    {
      "request": {
        "id": 110,
        "method": "page",
        "args": [
          {},
          25294,
          32
        ]
      },
      "response": {
        "start": 25294,
        "count": 0,
        "total": 25294,
        "next": null,
        "rows": []
      }
    },
    {
      "request": {
        "id": 111,
        "method": "page",
        "args": [
          {},
          0,
          0
        ]
      },
      "response": {
        "start": 0,
        "count": 0,
        "total": 25294,
        "next": 0,
        "rows": []
      }
    },
    {
      "request": {
        "id": 112,
        "method": "rank",
        "args": [
          {},
          0,
          0
        ]
      },
      "response": {
        "table_code": 0,
        "final_mask": 0,
        "rank": null
      }
    },
    {
      "request": {
        "id": 113,
        "method": "trace",
        "args": [
          626,
          1
        ]
      },
      "response": {
        "table_code": 626,
        "zero_code": 114,
        "one_code": 1,
        "initial_state": 0,
        "final_mask": 1,
        "zero_rows": [
          2,
          6,
          1
        ],
        "one_rows": [
          1,
          0,
          0
        ],
        "first_terminal_mask": 1,
        "second_terminal_mask": 0,
        "edges": 5,
        "separates": true,
        "first_run_masks": [
          1,
          7,
          1
        ],
        "second_run_masks": [
          1,
          6,
          0
        ],
        "saved_endpoints_match": true
      }
    },
    {
      "request": {
        "id": 114,
        "method": "trace",
        "args": [
          66220,
          7
        ]
      },
      "response": {
        "table_code": 66220,
        "zero_code": 172,
        "one_code": 129,
        "initial_state": 0,
        "final_mask": 7,
        "zero_rows": [
          4,
          5,
          2
        ],
        "one_rows": [
          1,
          0,
          2
        ],
        "first_terminal_mask": 1,
        "second_terminal_mask": 0,
        "edges": 6,
        "separates": true,
        "first_run_masks": [
          1,
          7,
          1
        ],
        "second_run_masks": [
          1,
          2,
          0
        ],
        "saved_endpoints_match": true
      }
    },
    {
      "request": {
        "id": 115,
        "method": "trace",
        "args": [
          243452,
          4
        ]
      },
      "response": {
        "table_code": 243452,
        "zero_code": 252,
        "one_code": 475,
        "initial_state": 0,
        "final_mask": 4,
        "zero_rows": [
          4,
          7,
          3
        ],
        "one_rows": [
          3,
          3,
          7
        ],
        "first_terminal_mask": 7,
        "second_terminal_mask": 3,
        "edges": 13,
        "separates": true,
        "first_run_masks": [
          1,
          7,
          7
        ],
        "second_run_masks": [
          1,
          3,
          3
        ],
        "saved_endpoints_match": true
      }
    },
    {
      "request": {
        "id": 116,
        "method": "relationPower",
        "args": [
          114
        ]
      },
      "response": {
        "code": 114,
        "p128": [
          7,
          7,
          7
        ],
        "p20": [
          7,
          7,
          7
        ],
        "p84": [
          7,
          7,
          7
        ],
        "p212": [
          7,
          7,
          7
        ]
      }
    },
    {
      "request": {
        "id": 117,
        "method": "relationPower",
        "args": [
          172
        ]
      },
      "response": {
        "code": 172,
        "p128": [
          7,
          7,
          7
        ],
        "p20": [
          7,
          7,
          7
        ],
        "p84": [
          7,
          7,
          7
        ],
        "p212": [
          7,
          7,
          7
        ]
      }
    },
    {
      "request": {
        "id": 118,
        "method": "relationPower",
        "args": [
          252
        ]
      },
      "response": {
        "code": 252,
        "p128": [
          7,
          7,
          7
        ],
        "p20": [
          7,
          7,
          7
        ],
        "p84": [
          7,
          7,
          7
        ],
        "p212": [
          7,
          7,
          7
        ]
      }
    },
    {
      "request": {
        "id": 119,
        "method": "condition",
        "args": [
          {
            "zero_code": 114
          }
        ]
      },
      "response": {
        "key": "{\"zero_code\":114,\"one_code\":null,\"final_mask\":null,\"require_final\":0,\"forbid_final\":0,\"min_edges\":0,\"max_edges\":18}",
        "condition": {
          "zero_code": 114,
          "one_code": null,
          "final_mask": null,
          "require_final": 0,
          "forbid_final": 0,
          "min_edges": 0,
          "max_edges": 18
        },
        "count": 224,
        "blocks": [
          0,
          0,
          4,
          0,
          0,
          0,
          6,
          0,
          0,
          0,
          6,
          0,
          0,
          0,
          7,
          0,
          0,
          0,
          0,
          0,
          2,
          0,
          0,
          0,
          4,
          0,
          0,
          0,
          1,
          0,
          0,
          0,
          0,
          0,
          2,
          0,
          0,
          0,
          2,
          0,
          0,
          0,
          3,
          0,
          0,
          0,
          3,
          0,
          0,
          0,
          0,
          0,
          0,
          0,
          0,
          0,
          0,
          0,
          0,
          0,
          0,
          0,
          0,
          0,
          0,
          0,
          4,
          0,
          4,
          0,
          7,
          0,
          0,
          0,
          6,
          0,
          4,
          0,
          7,
          0,
          0,
          0,
          0,
          0,
          3,
          0,
          0,
          0,
          4,
          0,
          0,
          0,
          1,
          0,
          0,
          0,
          0,
          0,
          1,
          0,
          0,
          0,
          1,
          0,
          0,
          0,
          1,
          0,
          0,
          0,
          1,
          0,
          0,
          0,
          0,
          0,
          0,
          0,
          0,
          0,
          0,
          0,
          0,
          0,
          0,
          0,
          0,
          0,
          0,
          0,
          0,
          0,
          4,
          0,
          0,
          0,
          2,
          0,
          0,
          0,
          1,
          0,
          0,
          0,
          0,
          0,
          0,
          0,
          2,
          0,
          0,
          0,
          2,
          0,
          0,
          0,
          1,
          0,
          0,
          0,
          0,
          0,
          0,
          0,
          0,
          0,
          0,
          0,
          1,
          0,
          0,
          0,
          1,
          0,
          0,
          0,
          0,
          0,
          0,
          0,
          0,
          0,
          0,
          0,
          0,
          0,
          0,
          0,
          0,
          0,
          0,
          0,
          4,
          0,
          0,
          0,
          1,
          0,
          0,
          0,
          0,
          0,
          0,
          0,
          0,
          0,
          0,
          0,
          4,
          0,
          0,
          0,
          0,
          0,
          0,
          0,
          0,
          0,
          0,
          0,
          0,
          0,
          0,
          0,
          0,
          0,
          0,
          0,
          0,
          0,
          0,
          0,
          0,
          0,
          0,
          0,
          0,
          0,
          0,
          0,
          0,
          0,
          0,
          0,
          0,
          0,
          0,
          0,
          0,
          0,
          0,
          0,
          0,
          0,
          0,
          0,
          0,
          0,
          4,
          0,
          0,
          0,
          6,
          0,
          4,
          0,
          7,
          0,
          4,
          0,
          7,
          0,
          4,
          0,
          0,
          0,
          0,
          0,
          0,
          0,
          1,
          0,
          0,
          0,
          0,
          0,
          0,
          0,
          0,
          0,
          2,
          0,
          0,
          0,
          2,
          0,
          0,
          0,
          3,
          0,
          0,
          0,
          3,
          0,
          0,
          0,
          0,
          0,
          0,
          0,
          0,
          0,
          0,
          0,
          0,
          0,
          0,
          0,
          0,
          0,
          0,
          0,
          1,
          0,
          0,
          0,
          1,
          0,
          0,
          0,
          1,
          0,
          0,
          0,
          1,
          0,
          0,
          0,
          0,
          0,
          0,
          0,
          0,
          0,
          0,
          0,
          0,
          0,
          0,
          0,
          0,
          0,
          0,
          0,
          1,
          0,
          0,
          0,
          1,
          0,
          0,
          0,
          1,
          0,
          0,
          0,
          1,
          0,
          0,
          0,
          0,
          0,
          0,
          0,
          0,
          0,
          0,
          0,
          0,
          0,
          0,
          0,
          0,
          0,
          0,
          0,
          0,
          0,
          4,
          0,
          0,
          0,
          3,
          0,
          0,
          0,
          1,
          0,
          0,
          0,
          4,
          0,
          0,
          0,
          0,
          0,
          0,
          0,
          0,
          0,
          0,
          0,
          0,
          0,
          0,
          0,
          0,
          0,
          0,
          0,
          0,
          0,
          0,
          0,
          1,
          0,
          0,
          0,
          1,
          0,
          0,
          0,
          0,
          0,
          0,
          0,
          0,
          0,
          0,
          0,
          0,
          0,
          0,
          0,
          0,
          0,
          0,
          0,
          0,
          0,
          0,
          0,
          0,
          0,
          0,
          0,
          0,
          0,
          0,
          0,
          0,
          0,
          0,
          0,
          0,
          0,
          0,
          0,
          0,
          0,
          0,
          0,
          0,
          0,
          0,
          0,
          0,
          0,
          0,
          0,
          0,
          0,
          0,
          0,
          0,
          0,
          0,
          0,
          0,
          0,
          0,
          0,
          0,
          0,
          0,
          0,
          0,
          0,
          0,
          0,
          0,
          0,
          0,
          0,
          0,
          0,
          0,
          0,
          0,
          0,
          0,
          0,
          0,
          0,
          2,
          0,
          0,
          0,
          3,
          0,
          0,
          0,
          2,
          0,
          0,
          0,
          3,
          0,
          0,
          0,
          0,
          0,
          1,
          0,
          0,
          0,
          0,
          0,
          0,
          0,
          1,
          0,
          0,
          0,
          0,
          0,
          1,
          0,
          0,
          0,
          1,
          0,
          0,
          0,
          1,
          0,
          0,
          0,
          1,
          0,
          0,
          0,
          0,
          0,
          0,
          0,
          0,
          0,
          0,
          0,
          0,
          0,
          0,
          0,
          0,
          0,
          0,
          0,
          2,
          0,
          0,
          0,
          3,
          0,
          0,
          0,
          2,
          0,
          0,
          0,
          3,
          0,
          0,
          0,
          0,
          0,
          1,
          0,
          0,
          0,
          0,
          0,
          0,
          0,
          1,
          0,
          0,
          0,
          0,
          0,
          1,
          0,
          0,
          0,
          1,
          0,
          0,
          0,
          1,
          0,
          0,
          0,
          1,
          0,
          0,
          0,
          0,
          0,
          0,
          0,
          0,
          0,
          0,
          0,
          0,
          0,
          0,
          0,
          0,
          0,
          0,
          0,
          0,
          0,
          0,
          0,
          0,
          0,
          0,
          0,
          0,
          0,
          0,
          0,
          0,
          0,
          0,
          0,
          0,
          0,
          0,
          0,
          0,
          0,
          0,
          0,
          0,
          0,
          0,
          0,
          0,
          0,
          0,
          0,
          0,
          0,
          0,
          0,
          0,
          0,
          0,
          0,
          0,
          0,
          0,
          0,
          0,
          0,
          0,
          0,
          0,
          0,
          0,
          0,
          0,
          0,
          0,
          0,
          0,
          0,
          0,
          0,
          0,
          0,
          0,
          0,
          0,
          0,
          0,
          0,
          0,
          0,
          0,
          0,
          0,
          0,
          0,
          0,
          0,
          0,
          0,
          0,
          0,
          0,
          0,
          0,
          0,
          0,
          0,
          0,
          0,
          0,
          0,
          0,
          0,
          0,
          0,
          0,
          0,
          0,
          0,
          0,
          0,
          0,
          0,
          0,
          0,
          0,
          0,
          0,
          0,
          0,
          0,
          0,
          0,
          0,
          0,
          0,
          0,
          0,
          0,
          0,
          0,
          0,
          0,
          0,
          0,
          0,
          0,
          0,
          1,
          0,
          0,
          0,
          1,
          0,
          0,
          0,
          1,
          0,
          0,
          0,
          1,
          0,
          0,
          0,
          0,
          0,
          0,
          0,
          0,
          0,
          0,
          0,
          0,
          0,
          0,
          0,
          0,
          0,
          0,
          0,
          1,
          0,
          0,
          0,
          1,
          0,
          0,
          0,
          1,
          0,
          0,
          0,
          1,
          0,
          0,
          0,
          0,
          0,
          0,
          0,
          0,
          0,
          0,
          0,
          0,
          0,
          0,
          0,
          0,
          0,
          0,
          0,
          1,
          0,
          0,
          0,
          1,
          0,
          0,
          0,
          1,
          0,
          0,
          0,
          1,
          0,
          0,
          0,
          0,
          0,
          0,
          0,
          0,
          0,
          0,
          0,
          0,
          0,
          0,
          0,
          0,
          0,
          0,
          0,
          1,
          0,
          0,
          0,
          1,
          0,
          0,
          0,
          1,
          0,
          0,
          0,
          1,
          0,
          0,
          0,
          0,
          0,
          0,
          0,
          0,
          0,
          0,
          0,
          0,
          0,
          0,
          0,
          0,
          0,
          0,
          0,
          0,
          0,
          0,
          0,
          0,
          0,
          0,
          0,
          0,
          0,
          0,
          0,
          0,
          0,
          0,
          0,
          0,
          0,
          0,
          0,
          0,
          0,
          0,
          0,
          0,
          0,
          0,
          0,
          0,
          0,
          0,
          0,
          0,
          0,
          0,
          0,
          0,
          0,
          0,
          0,
          0,
          0,
          0,
          0,
          0,
          0,
          0,
          0,
          0,
          0,
          0,
          0,
          0,
          0,
          0,
          0,
          0,
          0,
          0,
          0,
          0,
          0,
          0,
          0,
          0,
          0,
          0,
          0,
          0,
          0,
          0,
          0,
          0,
          0,
          0,
          0,
          0,
          0,
          0,
          0,
          0,
          0,
          0,
          0,
          0,
          0,
          0,
          0,
          0,
          0,
          0,
          0,
          0,
          0,
          0,
          0,
          0,
          0,
          0,
          0,
          0,
          0,
          0,
          0,
          0,
          0,
          0,
          0,
          0,
          0,
          0,
          0,
          0,
          0,
          0,
          0,
          0,
          0,
          0,
          0,
          0,
          0,
          0,
          0,
          0,
          0
        ],
        "prefix": [
          0,
          0,
          0,
          4,
          4,
          4,
          4,
          10,
          10,
          10,
          10,
          16,
          16,
          16,
          16,
          23,
          23,
          23,
          23,
          23,
          23,
          25,
          25,
          25,
          25,
          29,
          29,
          29,
          29,
          30,
          30,
          30,
          30,
          30,
          30,
          32,
          32,
          32,
          32,
          34,
          34,
          34,
          34,
          37,
          37,
          37,
          37,
          40,
          40,
          40,
          40,
          40,
          40,
          40,
          40,
          40,
          40,
          40,
          40,
          40,
          40,
          40,
          40,
          40,
          40,
          40,
          40,
          44,
          44,
          48,
          48,
          55,
          55,
          55,
          55,
          61,
          61,
          65,
          65,
          72,
          72,
          72,
          72,
          72,
          72,
          75,
          75,
          75,
          75,
          79,
          79,
          79,
          79,
          80,
          80,
          80,
          80,
          80,
          80,
          81,
          81,
          81,
          81,
          82,
          82,
          82,
          82,
          83,
          83,
          83,
          83,
          84,
          84,
          84,
          84,
          84,
          84,
          84,
          84,
          84,
          84,
          84,
          84,
          84,
          84,
          84,
          84,
          84,
          84,
          84,
          84,
          84,
          84,
          88,
          88,
          88,
          88,
          90,
          90,
          90,
          90,
          91,
          91,
          91,
          91,
          91,
          91,
          91,
          91,
          93,
          93,
          93,
          93,
          95,
          95,
          95,
          95,
          96,
          96,
          96,
          96,
          96,
          96,
          96,
          96,
          96,
          96,
          96,
          96,
          97,
          97,
          97,
          97,
          98,
          98,
          98,
          98,
          98,
          98,
          98,
          98,
          98,
          98,
          98,
          98,
          98,
          98,
          98,
          98,
          98,
          98,
          98,
          98,
          102,
          102,
          102,
          102,
          103,
          103,
          103,
          103,
          103,
          103,
          103,
          103,
          103,
          103,
          103,
          103,
          107,
          107,
          107,
          107,
          107,
          107,
          107,
          107,
          107,
          107,
          107,
          107,
          107,
          107,
          107,
          107,
          107,
          107,
          107,
          107,
          107,
          107,
          107,
          107,
          107,
          107,
          107,
          107,
          107,
          107,
          107,
          107,
          107,
          107,
          107,
          107,
          107,
          107,
          107,
          107,
          107,
          107,
          107,
          107,
          107,
          107,
          107,
          107,
          107,
          107,
          111,
          111,
          111,
          111,
          117,
          117,
          121,
          121,
          128,
          128,
          132,
          132,
          139,
          139,
          143,
          143,
          143,
          143,
          143,
          143,
          143,
          143,
          144,
          144,
          144,
          144,
          144,
          144,
          144,
          144,
          144,
          144,
          146,
          146,
          146,
          146,
          148,
          148,
          148,
          148,
          151,
          151,
          151,
          151,
          154,
          154,
          154,
          154,
          154,
          154,
          154,
          154,
          154,
          154,
          154,
          154,
          154,
          154,
          154,
          154,
          154,
          154,
          154,
          154,
          155,
          155,
          155,
          155,
          156,
          156,
          156,
          156,
          157,
          157,
          157,
          157,
          158,
          158,
          158,
          158,
          158,
          158,
          158,
          158,
          158,
          158,
          158,
          158,
          158,
          158,
          158,
          158,
          158,
          158,
          158,
          158,
          159,
          159,
          159,
          159,
          160,
          160,
          160,
          160,
          161,
          161,
          161,
          161,
          162,
          162,
          162,
          162,
          162,
          162,
          162,
          162,
          162,
          162,
          162,
          162,
          162,
          162,
          162,
          162,
          162,
          162,
          162,
          162,
          162,
          162,
          166,
          166,
          166,
          166,
          169,
          169,
          169,
          169,
          170,
          170,
          170,
          170,
          174,
          174,
          174,
          174,
          174,
          174,
          174,
          174,
          174,
          174,
          174,
          174,
          174,
          174,
          174,
          174,
          174,
          174,
          174,
          174,
          174,
          174,
          174,
          174,
          175,
          175,
          175,
          175,
          176,
          176,
          176,
          176,
          176,
          176,
          176,
          176,
          176,
          176,
          176,
          176,
          176,
          176,
          176,
          176,
          176,
          176,
          176,
          176,
          176,
          176,
          176,
          176,
          176,
          176,
          176,
          176,
          176,
          176,
          176,
          176,
          176,
          176,
          176,
          176,
          176,
          176,
          176,
          176,
          176,
          176,
          176,
          176,
          176,
          176,
          176,
          176,
          176,
          176,
          176,
          176,
          176,
          176,
          176,
          176,
          176,
          176,
          176,
          176,
          176,
          176,
          176,
          176,
          176,
          176,
          176,
          176,
          176,
          176,
          176,
          176,
          176,
          176,
          176,
          176,
          176,
          176,
          176,
          176,
          176,
          176,
          176,
          176,
          176,
          176,
          178,
          178,
          178,
          178,
          181,
          181,
          181,
          181,
          183,
          183,
          183,
          183,
          186,
          186,
          186,
          186,
          186,
          186,
          187,
          187,
          187,
          187,
          187,
          187,
          187,
          187,
          188,
          188,
          188,
          188,
          188,
          188,
          189,
          189,
          189,
          189,
          190,
          190,
          190,
          190,
          191,
          191,
          191,
          191,
          192,
          192,
          192,
          192,
          192,
          192,
          192,
          192,
          192,
          192,
          192,
          192,
          192,
          192,
          192,
          192,
          192,
          192,
          192,
          192,
          194,
          194,
          194,
          194,
          197,
          197,
          197,
          197,
          199,
          199,
          199,
          199,
          202,
          202,
          202,
          202,
          202,
          202,
          203,
          203,
          203,
          203,
          203,
          203,
          203,
          203,
          204,
          204,
          204,
          204,
          204,
          204,
          205,
          205,
          205,
          205,
          206,
          206,
          206,
          206,
          207,
          207,
          207,
          207,
          208,
          208,
          208,
          208,
          208,
          208,
          208,
          208,
          208,
          208,
          208,
          208,
          208,
          208,
          208,
          208,
          208,
          208,
          208,
          208,
          208,
          208,
          208,
          208,
          208,
          208,
          208,
          208,
          208,
          208,
          208,
          208,
          208,
          208,
          208,
          208,
          208,
          208,
          208,
          208,
          208,
          208,
          208,
          208,
          208,
          208,
          208,
          208,
          208,
          208,
          208,
          208,
          208,
          208,
          208,
          208,
          208,
          208,
          208,
          208,
          208,
          208,
          208,
          208,
          208,
          208,
          208,
          208,
          208,
          208,
          208,
          208,
          208,
          208,
          208,
          208,
          208,
          208,
          208,
          208,
          208,
          208,
          208,
          208,
          208,
          208,
          208,
          208,
          208,
          208,
          208,
          208,
          208,
          208,
          208,
          208,
          208,
          208,
          208,
          208,
          208,
          208,
          208,
          208,
          208,
          208,
          208,
          208,
          208,
          208,
          208,
          208,
          208,
          208,
          208,
          208,
          208,
          208,
          208,
          208,
          208,
          208,
          208,
          208,
          208,
          208,
          208,
          208,
          208,
          208,
          208,
          208,
          208,
          208,
          208,
          208,
          208,
          208,
          208,
          208,
          208,
          208,
          208,
          208,
          208,
          208,
          208,
          208,
          209,
          209,
          209,
          209,
          210,
          210,
          210,
          210,
          211,
          211,
          211,
          211,
          212,
          212,
          212,
          212,
          212,
          212,
          212,
          212,
          212,
          212,
          212,
          212,
          212,
          212,
          212,
          212,
          212,
          212,
          212,
          212,
          213,
          213,
          213,
          213,
          214,
          214,
          214,
          214,
          215,
          215,
          215,
          215,
          216,
          216,
          216,
          216,
          216,
          216,
          216,
          216,
          216,
          216,
          216,
          216,
          216,
          216,
          216,
          216,
          216,
          216,
          216,
          216,
          217,
          217,
          217,
          217,
          218,
          218,
          218,
          218,
          219,
          219,
          219,
          219,
          220,
          220,
          220,
          220,
          220,
          220,
          220,
          220,
          220,
          220,
          220,
          220,
          220,
          220,
          220,
          220,
          220,
          220,
          220,
          220,
          221,
          221,
          221,
          221,
          222,
          222,
          222,
          222,
          223,
          223,
          223,
          223,
          224,
          224,
          224,
          224,
          224,
          224,
          224,
          224,
          224,
          224,
          224,
          224,
          224,
          224,
          224,
          224,
          224,
          224,
          224,
          224,
          224,
          224,
          224,
          224,
          224,
          224,
          224,
          224,
          224,
          224,
          224,
          224,
          224,
          224,
          224,
          224,
          224,
          224,
          224,
          224,
          224,
          224,
          224,
          224,
          224,
          224,
          224,
          224,
          224,
          224,
          224,
          224,
          224,
          224,
          224,
          224,
          224,
          224,
          224,
          224,
          224,
          224,
          224,
          224,
          224,
          224,
          224,
          224,
          224,
          224,
          224,
          224,
          224,
          224,
          224,
          224,
          224,
          224,
          224,
          224,
          224,
          224,
          224,
          224,
          224,
          224,
          224,
          224,
          224,
          224,
          224,
          224,
          224,
          224,
          224,
          224,
          224,
          224,
          224,
          224,
          224,
          224,
          224,
          224,
          224,
          224,
          224,
          224,
          224,
          224,
          224,
          224,
          224,
          224,
          224,
          224,
          224,
          224,
          224,
          224,
          224,
          224,
          224,
          224,
          224,
          224,
          224,
          224,
          224,
          224,
          224,
          224,
          224,
          224,
          224,
          224,
          224,
          224,
          224,
          224,
          224,
          224,
          224,
          224,
          224,
          224
        ]
      }
    },
    {
      "request": {
        "id": 120,
        "method": "select",
        "args": [
          {
            "zero_code": 114
          },
          223
        ]
      },
      "response": {
        "rank": 223,
        "table_code": 224882,
        "zero_code": 114,
        "one_code": 439,
        "initial_state": 0,
        "final_mask": 1,
        "zero_rows": [
          2,
          6,
          1
        ],
        "one_rows": [
          7,
          6,
          6
        ],
        "first_terminal_mask": 7,
        "second_terminal_mask": 6,
        "edges": 11,
        "separates": true
      }
    },
    {
      "request": {
        "id": 121,
        "method": "rank",
        "args": [
          {
            "zero_code": 114
          },
          224882,
          1
        ]
      },
      "response": {
        "table_code": 224882,
        "final_mask": 1,
        "rank": 223
      }
    },
    {
      "request": {
        "id": 122,
        "method": "condition",
        "args": [
          {
            "one_code": 1
          }
        ]
      },
      "response": {
        "key": "{\"zero_code\":null,\"one_code\":1,\"final_mask\":null,\"require_final\":0,\"forbid_final\":0,\"min_edges\":0,\"max_edges\":18}",
        "condition": {
          "zero_code": null,
          "one_code": 1,
          "final_mask": null,
          "require_final": 0,
          "forbid_final": 0,
          "min_edges": 0,
          "max_edges": 18
        },
        "count": 56,
        "blocks": [
          0,
          0,
          24,
          32,
          0,
          0,
          0,
          0,
          0,
          0,
          0,
          0,
          0,
          0,
          0,
          0,
          0,
          0,
          0,
          0,
          0,
          0,
          0,
          0,
          0,
          0,
          0,
          0,
          0,
          0,
          0,
          0,
          0,
          0,
          0,
          0,
          0,
          0,
          0,
          0,
          0,
          0,
          0,
          0,
          0,
          0,
          0,
          0,
          0,
          0,
          0,
          0,
          0,
          0,
          0,
          0,
          0,
          0,
          0,
          0,
          0,
          0,
          0,
          0,
          0,
          0,
          0,
          0,
          0,
          0,
          0,
          0,
          0,
          0,
          0,
          0,
          0,
          0,
          0,
          0,
          0,
          0,
          0,
          0,
          0,
          0,
          0,
          0,
          0,
          0,
          0,
          0,
          0,
          0,
          0,
          0,
          0,
          0,
          0,
          0,
          0,
          0,
          0,
          0,
          0,
          0,
          0,
          0,
          0,
          0,
          0,
          0,
          0,
          0,
          0,
          0,
          0,
          0,
          0,
          0,
          0,
          0,
          0,
          0,
          0,
          0,
          0,
          0,
          0,
          0,
          0,
          0,
          0,
          0,
          0,
          0,
          0,
          0,
          0,
          0,
          0,
          0,
          0,
          0,
          0,
          0,
          0,
          0,
          0,
          0,
          0,
          0,
          0,
          0,
          0,
          0,
          0,
          0,
          0,
          0,
          0,
          0,
          0,
          0,
          0,
          0,
          0,
          0,
          0,
          0,
          0,
          0,
          0,
          0,
          0,
          0,
          0,
          0,
          0,
          0,
          0,
          0,
          0,
          0,
          0,
          0,
          0,
          0,
          0,
          0,
          0,
          0,
          0,
          0,
          0,
          0,
          0,
          0,
          0,
          0,
          0,
          0,
          0,
          0,
          0,
          0,
          0,
          0,
          0,
          0,
          0,
          0,
          0,
          0,
          0,
          0,
          0,
          0,
          0,
          0,
          0,
          0,
          0,
          0,
          0,
          0,
          0,
          0,
          0,
          0,
          0,
          0,
          0,
          0,
          0,
          0,
          0,
          0,
          0,
          0,
          0,
          0,
          0,
          0,
          0,
          0,
          0,
          0,
          0,
          0,
          0,
          0,
          0,
          0,
          0,
          0,
          0,
          0,
          0,
          0,
          0,
          0,
          0,
          0,
          0,
          0,
          0,
          0,
          0,
          0,
          0,
          0,
          0,
          0,
          0,
          0,
          0,
          0,
          0,
          0,
          0,
          0,
          0,
          0,
          0,
          0,
          0,
          0,
          0,
          0,
          0,
          0,
          0,
          0,
          0,
          0,
          0,
          0,
          0,
          0,
          0,
          0,
          0,
          0,
          0,
          0,
          0,
          0,
          0,
          0,
          0,
          0,
          0,
          0,
          0,
          0,
          0,
          0,
          0,
          0,
          0,
          0,
          0,
          0,
          0,
          0,
          0,
          0,
          0,
          0,
          0,
          0,
          0,
          0,
          0,
          0,
          0,
          0,
          0,
          0,
          0,
          0,
          0,
          0,
          0,
          0,
          0,
          0,
          0,
          0,
          0,
          0,
          0,
          0,
          0,
          0,
          0,
          0,
          0,
          0,
          0,
          0,
          0,
          0,
          0,
          0,
          0,
          0,
          0,
          0,
          0,
          0,
          0,
          0,
          0,
          0,
          0,
          0,
          0,
          0,
          0,
          0,
          0,
          0,
          0,
          0,
          0,
          0,
          0,
          0,
          0,
          0,
          0,
          0,
          0,
          0,
          0,
          0,
          0,
          0,
          0,
          0,
          0,
          0,
          0,
          0,
          0,
          0,
          0,
          0,
          0,
          0,
          0,
          0,
          0,
          0,
          0,
          0,
          0,
          0,
          0,
          0,
          0,
          0,
          0,
          0,
          0,
          0,
          0,
          0,
          0,
          0,
          0,
          0,
          0,
          0,
          0,
          0,
          0,
          0,
          0,
          0,
          0,
          0,
          0,
          0,
          0,
          0,
          0,
          0,
          0,
          0,
          0,
          0,
          0,
          0,
          0,
          0,
          0,
          0,
          0,
          0,
          0,
          0,
          0,
          0,
          0,
          0,
          0,
          0,
          0,
          0,
          0,
          0,
          0,
          0,
          0,
          0,
          0,
          0,
          0,
          0,
          0,
          0,
          0,
          0,
          0,
          0,
          0,
          0,
          0,
          0,
          0,
          0,
          0,
          0,
          0,
          0,
          0,
          0,
          0,
          0,
          0,
          0,
          0,
          0,
          0,
          0,
          0,
          0,
          0,
          0,
          0,
          0,
          0,
          0,
          0,
          0,
          0,
          0,
          0,
          0,
          0,
          0,
          0,
          0,
          0,
          0,
          0,
          0,
          0,
          0,
          0,
          0,
          0,
          0,
          0,
          0,
          0,
          0,
          0,
          0,
          0,
          0,
          0,
          0,
          0,
          0,
          0,
          0,
          0,
          0,
          0,
          0,
          0,
          0,
          0,
          0,
          0,
          0,
          0,
          0,
          0,
          0,
          0,
          0,
          0,
          0,
          0,
          0,
          0,
          0,
          0,
          0,
          0,
          0,
          0,
          0,
          0,
          0,
          0,
          0,
          0,
          0,
          0,
          0,
          0,
          0,
          0,
          0,
          0,
          0,
          0,
          0,
          0,
          0,
          0,
          0,
          0,
          0,
          0,
          0,
          0,
          0,
          0,
          0,
          0,
          0,
          0,
          0,
          0,
          0,
          0,
          0,
          0,
          0,
          0,
          0,
          0,
          0,
          0,
          0,
          0,
          0,
          0,
          0,
          0,
          0,
          0,
          0,
          0,
          0,
          0,
          0,
          0,
          0,
          0,
          0,
          0,
          0,
          0,
          0,
          0,
          0,
          0,
          0,
          0,
          0,
          0,
          0,
          0,
          0,
          0,
          0,
          0,
          0,
          0,
          0,
          0,
          0,
          0,
          0,
          0,
          0,
          0,
          0,
          0,
          0,
          0,
          0,
          0,
          0,
          0,
          0,
          0,
          0,
          0,
          0,
          0,
          0,
          0,
          0,
          0,
          0,
          0,
          0,
          0,
          0,
          0,
          0,
          0,
          0,
          0,
          0,
          0,
          0,
          0,
          0,
          0,
          0,
          0,
          0,
          0,
          0,
          0,
          0,
          0,
          0,
          0,
          0,
          0,
          0,
          0,
          0,
          0,
          0,
          0,
          0,
          0,
          0,
          0,
          0,
          0,
          0,
          0,
          0,
          0,
          0,
          0,
          0,
          0,
          0,
          0,
          0,
          0,
          0,
          0,
          0,
          0,
          0,
          0,
          0,
          0,
          0,
          0,
          0,
          0,
          0,
          0,
          0,
          0,
          0,
          0,
          0,
          0,
          0,
          0,
          0,
          0,
          0,
          0,
          0,
          0,
          0,
          0,
          0,
          0,
          0,
          0,
          0,
          0,
          0,
          0,
          0,
          0,
          0,
          0,
          0,
          0,
          0,
          0,
          0,
          0,
          0,
          0,
          0,
          0,
          0,
          0,
          0,
          0,
          0,
          0,
          0,
          0,
          0,
          0,
          0,
          0,
          0,
          0,
          0,
          0,
          0,
          0,
          0,
          0,
          0,
          0,
          0,
          0,
          0,
          0,
          0,
          0,
          0,
          0,
          0,
          0,
          0,
          0,
          0,
          0,
          0,
          0,
          0,
          0,
          0,
          0,
          0,
          0,
          0,
          0,
          0,
          0,
          0,
          0,
          0,
          0,
          0,
          0,
          0,
          0,
          0,
          0,
          0,
          0,
          0,
          0,
          0,
          0,
          0,
          0,
          0,
          0,
          0,
          0,
          0,
          0,
          0,
          0,
          0,
          0,
          0,
          0,
          0,
          0,
          0,
          0,
          0,
          0,
          0,
          0,
          0,
          0,
          0,
          0,
          0,
          0,
          0,
          0,
          0,
          0,
          0,
          0,
          0,
          0,
          0,
          0,
          0,
          0,
          0,
          0,
          0,
          0,
          0,
          0,
          0,
          0,
          0,
          0,
          0,
          0,
          0,
          0,
          0,
          0,
          0,
          0,
          0,
          0,
          0,
          0,
          0,
          0,
          0,
          0,
          0,
          0,
          0,
          0,
          0,
          0,
          0,
          0,
          0,
          0,
          0,
          0,
          0,
          0,
          0,
          0,
          0,
          0,
          0,
          0,
          0,
          0,
          0,
          0,
          0,
          0,
          0,
          0,
          0,
          0,
          0,
          0,
          0,
          0,
          0,
          0,
          0,
          0,
          0,
          0,
          0,
          0,
          0,
          0,
          0,
          0,
          0,
          0,
          0,
          0,
          0,
          0,
          0,
          0,
          0,
          0,
          0,
          0,
          0,
          0,
          0,
          0,
          0,
          0,
          0,
          0,
          0,
          0,
          0,
          0,
          0,
          0,
          0,
          0,
          0,
          0,
          0,
          0,
          0,
          0,
          0,
          0,
          0,
          0,
          0,
          0,
          0,
          0,
          0,
          0,
          0,
          0,
          0,
          0,
          0,
          0,
          0,
          0,
          0,
          0,
          0,
          0,
          0,
          0,
          0,
          0,
          0
        ],
        "prefix": [
          0,
          0,
          0,
          24,
          56,
          56,
          56,
          56,
          56,
          56,
          56,
          56,
          56,
          56,
          56,
          56,
          56,
          56,
          56,
          56,
          56,
          56,
          56,
          56,
          56,
          56,
          56,
          56,
          56,
          56,
          56,
          56,
          56,
          56,
          56,
          56,
          56,
          56,
          56,
          56,
          56,
          56,
          56,
          56,
          56,
          56,
          56,
          56,
          56,
          56,
          56,
          56,
          56,
          56,
          56,
          56,
          56,
          56,
          56,
          56,
          56,
          56,
          56,
          56,
          56,
          56,
          56,
          56,
          56,
          56,
          56,
          56,
          56,
          56,
          56,
          56,
          56,
          56,
          56,
          56,
          56,
          56,
          56,
          56,
          56,
          56,
          56,
          56,
          56,
          56,
          56,
          56,
          56,
          56,
          56,
          56,
          56,
          56,
          56,
          56,
          56,
          56,
          56,
          56,
          56,
          56,
          56,
          56,
          56,
          56,
          56,
          56,
          56,
          56,
          56,
          56,
          56,
          56,
          56,
          56,
          56,
          56,
          56,
          56,
          56,
          56,
          56,
          56,
          56,
          56,
          56,
          56,
          56,
          56,
          56,
          56,
          56,
          56,
          56,
          56,
          56,
          56,
          56,
          56,
          56,
          56,
          56,
          56,
          56,
          56,
          56,
          56,
          56,
          56,
          56,
          56,
          56,
          56,
          56,
          56,
          56,
          56,
          56,
          56,
          56,
          56,
          56,
          56,
          56,
          56,
          56,
          56,
          56,
          56,
          56,
          56,
          56,
          56,
          56,
          56,
          56,
          56,
          56,
          56,
          56,
          56,
          56,
          56,
          56,
          56,
          56,
          56,
          56,
          56,
          56,
          56,
          56,
          56,
          56,
          56,
          56,
          56,
          56,
          56,
          56,
          56,
          56,
          56,
          56,
          56,
          56,
          56,
          56,
          56,
          56,
          56,
          56,
          56,
          56,
          56,
          56,
          56,
          56,
          56,
          56,
          56,
          56,
          56,
          56,
          56,
          56,
          56,
          56,
          56,
          56,
          56,
          56,
          56,
          56,
          56,
          56,
          56,
          56,
          56,
          56,
          56,
          56,
          56,
          56,
          56,
          56,
          56,
          56,
          56,
          56,
          56,
          56,
          56,
          56,
          56,
          56,
          56,
          56,
          56,
          56,
          56,
          56,
          56,
          56,
          56,
          56,
          56,
          56,
          56,
          56,
          56,
          56,
          56,
          56,
          56,
          56,
          56,
          56,
          56,
          56,
          56,
          56,
          56,
          56,
          56,
          56,
          56,
          56,
          56,
          56,
          56,
          56,
          56,
          56,
          56,
          56,
          56,
          56,
          56,
          56,
          56,
          56,
          56,
          56,
          56,
          56,
          56,
          56,
          56,
          56,
          56,
          56,
          56,
          56,
          56,
          56,
          56,
          56,
          56,
          56,
          56,
          56,
          56,
          56,
          56,
          56,
          56,
          56,
          56,
          56,
          56,
          56,
          56,
          56,
          56,
          56,
          56,
          56,
          56,
          56,
          56,
          56,
          56,
          56,
          56,
          56,
          56,
          56,
          56,
          56,
          56,
          56,
          56,
          56,
          56,
          56,
          56,
          56,
          56,
          56,
          56,
          56,
          56,
          56,
          56,
          56,
          56,
          56,
          56,
          56,
          56,
          56,
          56,
          56,
          56,
          56,
          56,
          56,
          56,
          56,
          56,
          56,
          56,
          56,
          56,
          56,
          56,
          56,
          56,
          56,
          56,
          56,
          56,
          56,
          56,
          56,
          56,
          56,
          56,
          56,
          56,
          56,
          56,
          56,
          56,
          56,
          56,
          56,
          56,
          56,
          56,
          56,
          56,
          56,
          56,
          56,
          56,
          56,
          56,
          56,
          56,
          56,
          56,
          56,
          56,
          56,
          56,
          56,
          56,
          56,
          56,
          56,
          56,
          56,
          56,
          56,
          56,
          56,
          56,
          56,
          56,
          56,
          56,
          56,
          56,
          56,
          56,
          56,
          56,
          56,
          56,
          56,
          56,
          56,
          56,
          56,
          56,
          56,
          56,
          56,
          56,
          56,
          56,
          56,
          56,
          56,
          56,
          56,
          56,
          56,
          56,
          56,
          56,
          56,
          56,
          56,
          56,
          56,
          56,
          56,
          56,
          56,
          56,
          56,
          56,
          56,
          56,
          56,
          56,
          56,
          56,
          56,
          56,
          56,
          56,
          56,
          56,
          56,
          56,
          56,
          56,
          56,
          56,
          56,
          56,
          56,
          56,
          56,
          56,
          56,
          56,
          56,
          56,
          56,
          56,
          56,
          56,
          56,
          56,
          56,
          56,
          56,
          56,
          56,
          56,
          56,
          56,
          56,
          56,
          56,
          56,
          56,
          56,
          56,
          56,
          56,
          56,
          56,
          56,
          56,
          56,
          56,
          56,
          56,
          56,
          56,
          56,
          56,
          56,
          56,
          56,
          56,
          56,
          56,
          56,
          56,
          56,
          56,
          56,
          56,
          56,
          56,
          56,
          56,
          56,
          56,
          56,
          56,
          56,
          56,
          56,
          56,
          56,
          56,
          56,
          56,
          56,
          56,
          56,
          56,
          56,
          56,
          56,
          56,
          56,
          56,
          56,
          56,
          56,
          56,
          56,
          56,
          56,
          56,
          56,
          56,
          56,
          56,
          56,
          56,
          56,
          56,
          56,
          56,
          56,
          56,
          56,
          56,
          56,
          56,
          56,
          56,
          56,
          56,
          56,
          56,
          56,
          56,
          56,
          56,
          56,
          56,
          56,
          56,
          56,
          56,
          56,
          56,
          56,
          56,
          56,
          56,
          56,
          56,
          56,
          56,
          56,
          56,
          56,
          56,
          56,
          56,
          56,
          56,
          56,
          56,
          56,
          56,
          56,
          56,
          56,
          56,
          56,
          56,
          56,
          56,
          56,
          56,
          56,
          56,
          56,
          56,
          56,
          56,
          56,
          56,
          56,
          56,
          56,
          56,
          56,
          56,
          56,
          56,
          56,
          56,
          56,
          56,
          56,
          56,
          56,
          56,
          56,
          56,
          56,
          56,
          56,
          56,
          56,
          56,
          56,
          56,
          56,
          56,
          56,
          56,
          56,
          56,
          56,
          56,
          56,
          56,
          56,
          56,
          56,
          56,
          56,
          56,
          56,
          56,
          56,
          56,
          56,
          56,
          56,
          56,
          56,
          56,
          56,
          56,
          56,
          56,
          56,
          56,
          56,
          56,
          56,
          56,
          56,
          56,
          56,
          56,
          56,
          56,
          56,
          56,
          56,
          56,
          56,
          56,
          56,
          56,
          56,
          56,
          56,
          56,
          56,
          56,
          56,
          56,
          56,
          56,
          56,
          56,
          56,
          56,
          56,
          56,
          56,
          56,
          56,
          56,
          56,
          56,
          56,
          56,
          56,
          56,
          56,
          56,
          56,
          56,
          56,
          56,
          56,
          56,
          56,
          56,
          56,
          56,
          56,
          56,
          56,
          56,
          56,
          56,
          56,
          56,
          56,
          56,
          56,
          56,
          56,
          56,
          56,
          56,
          56,
          56,
          56,
          56,
          56,
          56,
          56,
          56,
          56,
          56,
          56,
          56,
          56,
          56,
          56,
          56,
          56,
          56,
          56,
          56,
          56,
          56,
          56,
          56,
          56,
          56,
          56,
          56,
          56,
          56,
          56,
          56,
          56,
          56,
          56,
          56,
          56,
          56,
          56,
          56,
          56,
          56,
          56,
          56,
          56,
          56,
          56,
          56,
          56,
          56,
          56,
          56,
          56,
          56,
          56,
          56,
          56,
          56,
          56,
          56,
          56,
          56,
          56,
          56,
          56,
          56,
          56,
          56,
          56,
          56,
          56,
          56,
          56,
          56,
          56,
          56,
          56,
          56,
          56,
          56,
          56,
          56,
          56,
          56,
          56,
          56,
          56,
          56,
          56,
          56,
          56,
          56,
          56,
          56,
          56,
          56,
          56,
          56,
          56,
          56,
          56,
          56,
          56,
          56,
          56,
          56,
          56,
          56,
          56,
          56,
          56,
          56,
          56,
          56,
          56,
          56,
          56,
          56,
          56,
          56,
          56,
          56,
          56,
          56,
          56,
          56,
          56,
          56,
          56,
          56,
          56,
          56,
          56,
          56,
          56,
          56,
          56,
          56,
          56,
          56,
          56,
          56,
          56,
          56,
          56,
          56,
          56,
          56,
          56,
          56,
          56,
          56,
          56,
          56,
          56,
          56,
          56,
          56,
          56,
          56,
          56,
          56,
          56,
          56,
          56,
          56,
          56,
          56,
          56,
          56,
          56,
          56,
          56,
          56,
          56,
          56,
          56,
          56,
          56,
          56,
          56,
          56,
          56,
          56,
          56,
          56,
          56,
          56,
          56,
          56,
          56,
          56,
          56,
          56,
          56,
          56,
          56,
          56,
          56,
          56,
          56,
          56,
          56,
          56,
          56,
          56,
          56,
          56,
          56,
          56,
          56,
          56,
          56,
          56,
          56,
          56,
          56,
          56,
          56,
          56,
          56,
          56,
          56,
          56
        ]
      }
    },
    {
      "request": {
        "id": 123,
        "method": "select",
        "args": [
          {
            "one_code": 1
          },
          55
        ]
      },
      "response": {
        "rank": 55,
        "table_code": 1010,
        "zero_code": 498,
        "one_code": 1,
        "initial_state": 0,
        "final_mask": 7,
        "zero_rows": [
          2,
          6,
          7
        ],
        "one_rows": [
          1,
          0,
          0
        ],
        "first_terminal_mask": 1,
        "second_terminal_mask": 0,
        "edges": 7,
        "separates": true
      }
    },
    {
      "request": {
        "id": 124,
        "method": "rank",
        "args": [
          {
            "one_code": 1
          },
          1010,
          7
        ]
      },
      "response": {
        "table_code": 1010,
        "final_mask": 7,
        "rank": 55
      }
    },
    {
      "request": {
        "id": 125,
        "method": "condition",
        "args": [
          {
            "zero_code": 114,
            "one_code": 1
          }
        ]
      },
      "response": {
        "key": "{\"zero_code\":114,\"one_code\":1,\"final_mask\":null,\"require_final\":0,\"forbid_final\":0,\"min_edges\":0,\"max_edges\":18}",
        "condition": {
          "zero_code": 114,
          "one_code": 1,
          "final_mask": null,
          "require_final": 0,
          "forbid_final": 0,
          "min_edges": 0,
          "max_edges": 18
        },
        "count": 4,
        "blocks": [
          0,
          0,
          4,
          0,
          0,
          0,
          0,
          0,
          0,
          0,
          0,
          0,
          0,
          0,
          0,
          0,
          0,
          0,
          0,
          0,
          0,
          0,
          0,
          0,
          0,
          0,
          0,
          0,
          0,
          0,
          0,
          0,
          0,
          0,
          0,
          0,
          0,
          0,
          0,
          0,
          0,
          0,
          0,
          0,
          0,
          0,
          0,
          0,
          0,
          0,
          0,
          0,
          0,
          0,
          0,
          0,
          0,
          0,
          0,
          0,
          0,
          0,
          0,
          0,
          0,
          0,
          0,
          0,
          0,
          0,
          0,
          0,
          0,
          0,
          0,
          0,
          0,
          0,
          0,
          0,
          0,
          0,
          0,
          0,
          0,
          0,
          0,
          0,
          0,
          0,
          0,
          0,
          0,
          0,
          0,
          0,
          0,
          0,
          0,
          0,
          0,
          0,
          0,
          0,
          0,
          0,
          0,
          0,
          0,
          0,
          0,
          0,
          0,
          0,
          0,
          0,
          0,
          0,
          0,
          0,
          0,
          0,
          0,
          0,
          0,
          0,
          0,
          0,
          0,
          0,
          0,
          0,
          0,
          0,
          0,
          0,
          0,
          0,
          0,
          0,
          0,
          0,
          0,
          0,
          0,
          0,
          0,
          0,
          0,
          0,
          0,
          0,
          0,
          0,
          0,
          0,
          0,
          0,
          0,
          0,
          0,
          0,
          0,
          0,
          0,
          0,
          0,
          0,
          0,
          0,
          0,
          0,
          0,
          0,
          0,
          0,
          0,
          0,
          0,
          0,
          0,
          0,
          0,
          0,
          0,
          0,
          0,
          0,
          0,
          0,
          0,
          0,
          0,
          0,
          0,
          0,
          0,
          0,
          0,
          0,
          0,
          0,
          0,
          0,
          0,
          0,
          0,
          0,
          0,
          0,
          0,
          0,
          0,
          0,
          0,
          0,
          0,
          0,
          0,
          0,
          0,
          0,
          0,
          0,
          0,
          0,
          0,
          0,
          0,
          0,
          0,
          0,
          0,
          0,
          0,
          0,
          0,
          0,
          0,
          0,
          0,
          0,
          0,
          0,
          0,
          0,
          0,
          0,
          0,
          0,
          0,
          0,
          0,
          0,
          0,
          0,
          0,
          0,
          0,
          0,
          0,
          0,
          0,
          0,
          0,
          0,
          0,
          0,
          0,
          0,
          0,
          0,
          0,
          0,
          0,
          0,
          0,
          0,
          0,
          0,
          0,
          0,
          0,
          0,
          0,
          0,
          0,
          0,
          0,
          0,
          0,
          0,
          0,
          0,
          0,
          0,
          0,
          0,
          0,
          0,
          0,
          0,
          0,
          0,
          0,
          0,
          0,
          0,
          0,
          0,
          0,
          0,
          0,
          0,
          0,
          0,
          0,
          0,
          0,
          0,
          0,
          0,
          0,
          0,
          0,
          0,
          0,
          0,
          0,
          0,
          0,
          0,
          0,
          0,
          0,
          0,
          0,
          0,
          0,
          0,
          0,
          0,
          0,
          0,
          0,
          0,
          0,
          0,
          0,
          0,
          0,
          0,
          0,
          0,
          0,
          0,
          0,
          0,
          0,
          0,
          0,
          0,
          0,
          0,
          0,
          0,
          0,
          0,
          0,
          0,
          0,
          0,
          0,
          0,
          0,
          0,
          0,
          0,
          0,
          0,
          0,
          0,
          0,
          0,
          0,
          0,
          0,
          0,
          0,
          0,
          0,
          0,
          0,
          0,
          0,
          0,
          0,
          0,
          0,
          0,
          0,
          0,
          0,
          0,
          0,
          0,
          0,
          0,
          0,
          0,
          0,
          0,
          0,
          0,
          0,
          0,
          0,
          0,
          0,
          0,
          0,
          0,
          0,
          0,
          0,
          0,
          0,
          0,
          0,
          0,
          0,
          0,
          0,
          0,
          0,
          0,
          0,
          0,
          0,
          0,
          0,
          0,
          0,
          0,
          0,
          0,
          0,
          0,
          0,
          0,
          0,
          0,
          0,
          0,
          0,
          0,
          0,
          0,
          0,
          0,
          0,
          0,
          0,
          0,
          0,
          0,
          0,
          0,
          0,
          0,
          0,
          0,
          0,
          0,
          0,
          0,
          0,
          0,
          0,
          0,
          0,
          0,
          0,
          0,
          0,
          0,
          0,
          0,
          0,
          0,
          0,
          0,
          0,
          0,
          0,
          0,
          0,
          0,
          0,
          0,
          0,
          0,
          0,
          0,
          0,
          0,
          0,
          0,
          0,
          0,
          0,
          0,
          0,
          0,
          0,
          0,
          0,
          0,
          0,
          0,
          0,
          0,
          0,
          0,
          0,
          0,
          0,
          0,
          0,
          0,
          0,
          0,
          0,
          0,
          0,
          0,
          0,
          0,
          0,
          0,
          0,
          0,
          0,
          0,
          0,
          0,
          0,
          0,
          0,
          0,
          0,
          0,
          0,
          0,
          0,
          0,
          0,
          0,
          0,
          0,
          0,
          0,
          0,
          0,
          0,
          0,
          0,
          0,
          0,
          0,
          0,
          0,
          0,
          0,
          0,
          0,
          0,
          0,
          0,
          0,
          0,
          0,
          0,
          0,
          0,
          0,
          0,
          0,
          0,
          0,
          0,
          0,
          0,
          0,
          0,
          0,
          0,
          0,
          0,
          0,
          0,
          0,
          0,
          0,
          0,
          0,
          0,
          0,
          0,
          0,
          0,
          0,
          0,
          0,
          0,
          0,
          0,
          0,
          0,
          0,
          0,
          0,
          0,
          0,
          0,
          0,
          0,
          0,
          0,
          0,
          0,
          0,
          0,
          0,
          0,
          0,
          0,
          0,
          0,
          0,
          0,
          0,
          0,
          0,
          0,
          0,
          0,
          0,
          0,
          0,
          0,
          0,
          0,
          0,
          0,
          0,
          0,
          0,
          0,
          0,
          0,
          0,
          0,
          0,
          0,
          0,
          0,
          0,
          0,
          0,
          0,
          0,
          0,
          0,
          0,
          0,
          0,
          0,
          0,
          0,
          0,
          0,
          0,
          0,
          0,
          0,
          0,
          0,
          0,
          0,
          0,
          0,
          0,
          0,
          0,
          0,
          0,
          0,
          0,
          0,
          0,
          0,
          0,
          0,
          0,
          0,
          0,
          0,
          0,
          0,
          0,
          0,
          0,
          0,
          0,
          0,
          0,
          0,
          0,
          0,
          0,
          0,
          0,
          0,
          0,
          0,
          0,
          0,
          0,
          0,
          0,
          0,
          0,
          0,
          0,
          0,
          0,
          0,
          0,
          0,
          0,
          0,
          0,
          0,
          0,
          0,
          0,
          0,
          0,
          0,
          0,
          0,
          0,
          0,
          0,
          0,
          0,
          0,
          0,
          0,
          0,
          0,
          0,
          0,
          0,
          0,
          0,
          0,
          0,
          0,
          0,
          0,
          0,
          0,
          0,
          0,
          0,
          0,
          0,
          0,
          0,
          0,
          0,
          0,
          0,
          0,
          0,
          0,
          0,
          0,
          0,
          0,
          0,
          0,
          0,
          0,
          0,
          0,
          0,
          0,
          0,
          0,
          0,
          0,
          0,
          0,
          0,
          0,
          0,
          0,
          0,
          0,
          0,
          0,
          0,
          0,
          0,
          0,
          0,
          0,
          0,
          0,
          0,
          0,
          0,
          0,
          0,
          0,
          0,
          0,
          0,
          0,
          0,
          0,
          0,
          0,
          0,
          0,
          0,
          0,
          0,
          0,
          0,
          0,
          0,
          0,
          0,
          0,
          0,
          0,
          0,
          0,
          0,
          0,
          0,
          0,
          0,
          0,
          0,
          0,
          0,
          0,
          0,
          0,
          0,
          0,
          0,
          0,
          0,
          0,
          0,
          0,
          0,
          0,
          0,
          0,
          0,
          0,
          0,
          0,
          0,
          0,
          0,
          0,
          0,
          0,
          0,
          0,
          0,
          0,
          0,
          0,
          0,
          0,
          0,
          0,
          0,
          0,
          0,
          0,
          0,
          0,
          0,
          0,
          0,
          0,
          0,
          0,
          0,
          0,
          0,
          0,
          0,
          0,
          0,
          0,
          0,
          0,
          0,
          0,
          0,
          0,
          0,
          0,
          0,
          0,
          0,
          0,
          0,
          0,
          0,
          0,
          0,
          0,
          0,
          0,
          0,
          0,
          0,
          0,
          0,
          0,
          0,
          0,
          0,
          0,
          0,
          0,
          0,
          0,
          0,
          0,
          0,
          0,
          0,
          0,
          0,
          0,
          0,
          0,
          0,
          0,
          0,
          0,
          0,
          0,
          0,
          0,
          0,
          0,
          0,
          0,
          0,
          0,
          0,
          0,
          0,
          0,
          0,
          0,
          0,
          0,
          0,
          0,
          0,
          0,
          0,
          0,
          0,
          0,
          0,
          0,
          0,
          0,
          0,
          0,
          0,
          0,
          0,
          0,
          0,
          0,
          0,
          0,
          0,
          0,
          0,
          0,
          0,
          0,
          0,
          0,
          0,
          0,
          0,
          0,
          0,
          0,
          0,
          0,
          0,
          0,
          0,
          0
        ],
        "prefix": [
          0,
          0,
          0,
          4,
          4,
          4,
          4,
          4,
          4,
          4,
          4,
          4,
          4,
          4,
          4,
          4,
          4,
          4,
          4,
          4,
          4,
          4,
          4,
          4,
          4,
          4,
          4,
          4,
          4,
          4,
          4,
          4,
          4,
          4,
          4,
          4,
          4,
          4,
          4,
          4,
          4,
          4,
          4,
          4,
          4,
          4,
          4,
          4,
          4,
          4,
          4,
          4,
          4,
          4,
          4,
          4,
          4,
          4,
          4,
          4,
          4,
          4,
          4,
          4,
          4,
          4,
          4,
          4,
          4,
          4,
          4,
          4,
          4,
          4,
          4,
          4,
          4,
          4,
          4,
          4,
          4,
          4,
          4,
          4,
          4,
          4,
          4,
          4,
          4,
          4,
          4,
          4,
          4,
          4,
          4,
          4,
          4,
          4,
          4,
          4,
          4,
          4,
          4,
          4,
          4,
          4,
          4,
          4,
          4,
          4,
          4,
          4,
          4,
          4,
          4,
          4,
          4,
          4,
          4,
          4,
          4,
          4,
          4,
          4,
          4,
          4,
          4,
          4,
          4,
          4,
          4,
          4,
          4,
          4,
          4,
          4,
          4,
          4,
          4,
          4,
          4,
          4,
          4,
          4,
          4,
          4,
          4,
          4,
          4,
          4,
          4,
          4,
          4,
          4,
          4,
          4,
          4,
          4,
          4,
          4,
          4,
          4,
          4,
          4,
          4,
          4,
          4,
          4,
          4,
          4,
          4,
          4,
          4,
          4,
          4,
          4,
          4,
          4,
          4,
          4,
          4,
          4,
          4,
          4,
          4,
          4,
          4,
          4,
          4,
          4,
          4,
          4,
          4,
          4,
          4,
          4,
          4,
          4,
          4,
          4,
          4,
          4,
          4,
          4,
          4,
          4,
          4,
          4,
          4,
          4,
          4,
          4,
          4,
          4,
          4,
          4,
          4,
          4,
          4,
          4,
          4,
          4,
          4,
          4,
          4,
          4,
          4,
          4,
          4,
          4,
          4,
          4,
          4,
          4,
          4,
          4,
          4,
          4,
          4,
          4,
          4,
          4,
          4,
          4,
          4,
          4,
          4,
          4,
          4,
          4,
          4,
          4,
          4,
          4,
          4,
          4,
          4,
          4,
          4,
          4,
          4,
          4,
          4,
          4,
          4,
          4,
          4,
          4,
          4,
          4,
          4,
          4,
          4,
          4,
          4,
          4,
          4,
          4,
          4,
          4,
          4,
          4,
          4,
          4,
          4,
          4,
          4,
          4,
          4,
          4,
          4,
          4,
          4,
          4,
          4,
          4,
          4,
          4,
          4,
          4,
          4,
          4,
          4,
          4,
          4,
          4,
          4,
          4,
          4,
          4,
          4,
          4,
          4,
          4,
          4,
          4,
          4,
          4,
          4,
          4,
          4,
          4,
          4,
          4,
          4,
          4,
          4,
          4,
          4,
          4,
          4,
          4,
          4,
          4,
          4,
          4,
          4,
          4,
          4,
          4,
          4,
          4,
          4,
          4,
          4,
          4,
          4,
          4,
          4,
          4,
          4,
          4,
          4,
          4,
          4,
          4,
          4,
          4,
          4,
          4,
          4,
          4,
          4,
          4,
          4,
          4,
          4,
          4,
          4,
          4,
          4,
          4,
          4,
          4,
          4,
          4,
          4,
          4,
          4,
          4,
          4,
          4,
          4,
          4,
          4,
          4,
          4,
          4,
          4,
          4,
          4,
          4,
          4,
          4,
          4,
          4,
          4,
          4,
          4,
          4,
          4,
          4,
          4,
          4,
          4,
          4,
          4,
          4,
          4,
          4,
          4,
          4,
          4,
          4,
          4,
          4,
          4,
          4,
          4,
          4,
          4,
          4,
          4,
          4,
          4,
          4,
          4,
          4,
          4,
          4,
          4,
          4,
          4,
          4,
          4,
          4,
          4,
          4,
          4,
          4,
          4,
          4,
          4,
          4,
          4,
          4,
          4,
          4,
          4,
          4,
          4,
          4,
          4,
          4,
          4,
          4,
          4,
          4,
          4,
          4,
          4,
          4,
          4,
          4,
          4,
          4,
          4,
          4,
          4,
          4,
          4,
          4,
          4,
          4,
          4,
          4,
          4,
          4,
          4,
          4,
          4,
          4,
          4,
          4,
          4,
          4,
          4,
          4,
          4,
          4,
          4,
          4,
          4,
          4,
          4,
          4,
          4,
          4,
          4,
          4,
          4,
          4,
          4,
          4,
          4,
          4,
          4,
          4,
          4,
          4,
          4,
          4,
          4,
          4,
          4,
          4,
          4,
          4,
          4,
          4,
          4,
          4,
          4,
          4,
          4,
          4,
          4,
          4,
          4,
          4,
          4,
          4,
          4,
          4,
          4,
          4,
          4,
          4,
          4,
          4,
          4,
          4,
          4,
          4,
          4,
          4,
          4,
          4,
          4,
          4,
          4,
          4,
          4,
          4,
          4,
          4,
          4,
          4,
          4,
          4,
          4,
          4,
          4,
          4,
          4,
          4,
          4,
          4,
          4,
          4,
          4,
          4,
          4,
          4,
          4,
          4,
          4,
          4,
          4,
          4,
          4,
          4,
          4,
          4,
          4,
          4,
          4,
          4,
          4,
          4,
          4,
          4,
          4,
          4,
          4,
          4,
          4,
          4,
          4,
          4,
          4,
          4,
          4,
          4,
          4,
          4,
          4,
          4,
          4,
          4,
          4,
          4,
          4,
          4,
          4,
          4,
          4,
          4,
          4,
          4,
          4,
          4,
          4,
          4,
          4,
          4,
          4,
          4,
          4,
          4,
          4,
          4,
          4,
          4,
          4,
          4,
          4,
          4,
          4,
          4,
          4,
          4,
          4,
          4,
          4,
          4,
          4,
          4,
          4,
          4,
          4,
          4,
          4,
          4,
          4,
          4,
          4,
          4,
          4,
          4,
          4,
          4,
          4,
          4,
          4,
          4,
          4,
          4,
          4,
          4,
          4,
          4,
          4,
          4,
          4,
          4,
          4,
          4,
          4,
          4,
          4,
          4,
          4,
          4,
          4,
          4,
          4,
          4,
          4,
          4,
          4,
          4,
          4,
          4,
          4,
          4,
          4,
          4,
          4,
          4,
          4,
          4,
          4,
          4,
          4,
          4,
          4,
          4,
          4,
          4,
          4,
          4,
          4,
          4,
          4,
          4,
          4,
          4,
          4,
          4,
          4,
          4,
          4,
          4,
          4,
          4,
          4,
          4,
          4,
          4,
          4,
          4,
          4,
          4,
          4,
          4,
          4,
          4,
          4,
          4,
          4,
          4,
          4,
          4,
          4,
          4,
          4,
          4,
          4,
          4,
          4,
          4,
          4,
          4,
          4,
          4,
          4,
          4,
          4,
          4,
          4,
          4,
          4,
          4,
          4,
          4,
          4,
          4,
          4,
          4,
          4,
          4,
          4,
          4,
          4,
          4,
          4,
          4,
          4,
          4,
          4,
          4,
          4,
          4,
          4,
          4,
          4,
          4,
          4,
          4,
          4,
          4,
          4,
          4,
          4,
          4,
          4,
          4,
          4,
          4,
          4,
          4,
          4,
          4,
          4,
          4,
          4,
          4,
          4,
          4,
          4,
          4,
          4,
          4,
          4,
          4,
          4,
          4,
          4,
          4,
          4,
          4,
          4,
          4,
          4,
          4,
          4,
          4,
          4,
          4,
          4,
          4,
          4,
          4,
          4,
          4,
          4,
          4,
          4,
          4,
          4,
          4,
          4,
          4,
          4,
          4,
          4,
          4,
          4,
          4,
          4,
          4,
          4,
          4,
          4,
          4,
          4,
          4,
          4,
          4,
          4,
          4,
          4,
          4,
          4,
          4,
          4,
          4,
          4,
          4,
          4,
          4,
          4,
          4,
          4,
          4,
          4,
          4,
          4,
          4,
          4,
          4,
          4,
          4,
          4,
          4,
          4,
          4,
          4,
          4,
          4,
          4,
          4,
          4,
          4,
          4,
          4,
          4,
          4,
          4,
          4,
          4,
          4,
          4,
          4,
          4,
          4,
          4,
          4,
          4,
          4,
          4,
          4,
          4,
          4,
          4,
          4,
          4,
          4,
          4,
          4,
          4,
          4,
          4,
          4,
          4,
          4,
          4,
          4,
          4,
          4,
          4,
          4,
          4,
          4,
          4,
          4,
          4,
          4,
          4,
          4,
          4,
          4,
          4,
          4,
          4,
          4,
          4,
          4,
          4,
          4,
          4,
          4,
          4,
          4,
          4,
          4,
          4,
          4,
          4,
          4,
          4,
          4,
          4,
          4,
          4,
          4,
          4,
          4,
          4,
          4,
          4,
          4,
          4,
          4,
          4,
          4,
          4,
          4,
          4,
          4,
          4,
          4,
          4,
          4,
          4,
          4,
          4,
          4,
          4,
          4,
          4,
          4,
          4,
          4,
          4,
          4,
          4,
          4,
          4,
          4,
          4,
          4,
          4,
          4,
          4,
          4,
          4,
          4,
          4,
          4,
          4,
          4,
          4,
          4,
          4,
          4,
          4,
          4,
          4,
          4,
          4,
          4,
          4,
          4
        ]
      }
    },
    {
      "request": {
        "id": 126,
        "method": "select",
        "args": [
          {
            "zero_code": 114,
            "one_code": 1
          },
          3
        ]
      },
      "response": {
        "rank": 3,
        "table_code": 626,
        "zero_code": 114,
        "one_code": 1,
        "initial_state": 0,
        "final_mask": 7,
        "zero_rows": [
          2,
          6,
          1
        ],
        "one_rows": [
          1,
          0,
          0
        ],
        "first_terminal_mask": 1,
        "second_terminal_mask": 0,
        "edges": 5,
        "separates": true
      }
    },
    {
      "request": {
        "id": 127,
        "method": "rank",
        "args": [
          {
            "zero_code": 114,
            "one_code": 1
          },
          626,
          7
        ]
      },
      "response": {
        "table_code": 626,
        "final_mask": 7,
        "rank": 3
      }
    }
  ],
  "condition_counts": [
    {
      "condition": {},
      "count": 25294
    },
    {
      "condition": {
        "final_mask": 0
      },
      "count": 0
    },
    {
      "condition": {
        "final_mask": 1
      },
      "count": 3060
    },
    {
      "condition": {
        "final_mask": 2
      },
      "count": 3215
    },
    {
      "condition": {
        "final_mask": 3
      },
      "count": 3732
    },
    {
      "condition": {
        "final_mask": 4
      },
      "count": 3215
    },
    {
      "condition": {
        "final_mask": 5
      },
      "count": 3732
    },
    {
      "condition": {
        "final_mask": 6
      },
      "count": 3716
    },
    {
      "condition": {
        "final_mask": 7
      },
      "count": 4624
    },
    {
      "condition": {
        "min_edges": 3,
        "max_edges": 3
      },
      "count": 8
    },
    {
      "condition": {
        "max_edges": 4
      },
      "count": 128
    },
    {
      "condition": {
        "max_edges": 6
      },
      "count": 3920
    },
    {
      "condition": {
        "min_edges": 8,
        "max_edges": 10
      },
      "count": 14496
    },
    {
      "condition": {
        "zero_code": 0
      },
      "count": 0
    },
    {
      "condition": {
        "one_code": 0
      },
      "count": 0
    },
    {
      "condition": {
        "require_final": 1,
        "forbid_final": 1
      },
      "count": 0
    },
    {
      "condition": {
        "require_final": 1
      },
      "count": 15148
    },
    {
      "condition": {
        "forbid_final": 1
      },
      "count": 10146
    },
    {
      "condition": {
        "min_edges": 10,
        "max_edges": 5
      },
      "count": 0
    },
    {
      "condition": {
        "min_edges": -4,
        "max_edges": -1
      },
      "count": 0
    },
    {
      "condition": {
        "zero_code": 114
      },
      "count": 224
    },
    {
      "condition": {
        "one_code": 1
      },
      "count": 56
    },
    {
      "condition": {
        "zero_code": 114,
        "one_code": 1
      },
      "count": 4
    }
  ],
  "inverses": [
    {
      "condition": {},
      "rank": 0,
      "table_code": 626,
      "final_mask": 1,
      "returned_rank": 0,
      "match": true
    },
    {
      "condition": {},
      "rank": 12647,
      "table_code": 66220,
      "final_mask": 7,
      "returned_rank": 12647,
      "match": true
    },
    {
      "condition": {},
      "rank": 25293,
      "table_code": 243452,
      "final_mask": 4,
      "returned_rank": 25293,
      "match": true
    },
    {
      "condition": {
        "final_mask": 1
      },
      "rank": 0,
      "table_code": 626,
      "final_mask": 1,
      "returned_rank": 0,
      "match": true
    },
    {
      "condition": {
        "final_mask": 1
      },
      "rank": 1530,
      "table_code": 70131,
      "final_mask": 1,
      "returned_rank": 1530,
      "match": true
    },
    {
      "condition": {
        "final_mask": 1
      },
      "rank": 3059,
      "table_code": 241340,
      "final_mask": 1,
      "returned_rank": 3059,
      "match": true
    },
    {
      "condition": {
        "final_mask": 2
      },
      "rank": 0,
      "table_code": 1650,
      "final_mask": 2,
      "returned_rank": 0,
      "match": true
    },
    {
      "condition": {
        "final_mask": 2
      },
      "rank": 1607,
      "table_code": 68878,
      "final_mask": 2,
      "returned_rank": 1607,
      "match": true
    },
    {
      "condition": {
        "final_mask": 2
      },
      "rank": 3214,
      "table_code": 234236,
      "final_mask": 2,
      "returned_rank": 3214,
      "match": true
    },
    {
      "condition": {
        "final_mask": 3
      },
      "rank": 0,
      "table_code": 626,
      "final_mask": 3,
      "returned_rank": 0,
      "match": true
    },
    {
      "condition": {
        "final_mask": 3
      },
      "rank": 1866,
      "table_code": 68721,
      "final_mask": 3,
      "returned_rank": 1866,
      "match": true
    },
    {
      "condition": {
        "final_mask": 3
      },
      "rank": 3731,
      "table_code": 233724,
      "final_mask": 3,
      "returned_rank": 3731,
      "match": true
    },
    {
      "condition": {
        "final_mask": 4
      },
      "rank": 0,
      "table_code": 2674,
      "final_mask": 4,
      "returned_rank": 0,
      "match": true
    },
    {
      "condition": {
        "final_mask": 4
      },
      "rank": 1607,
      "table_code": 30050,
      "final_mask": 4,
      "returned_rank": 1607,
      "match": true
    },
    {
      "condition": {
        "final_mask": 4
      },
      "rank": 3214,
      "table_code": 243452,
      "final_mask": 4,
      "returned_rank": 3214,
      "match": true
    },
    {
      "condition": {
        "final_mask": 5
      },
      "rank": 0,
      "table_code": 626,
      "final_mask": 5,
      "returned_rank": 0,
      "match": true
    },
    {
      "condition": {
        "final_mask": 5
      },
      "rank": 1866,
      "table_code": 49294,
      "final_mask": 5,
      "returned_rank": 1866,
      "match": true
    },
    {
      "condition": {
        "final_mask": 5
      },
      "rank": 3731,
      "table_code": 241340,
      "final_mask": 5,
      "returned_rank": 3731,
      "match": true
    },
    {
      "condition": {
        "final_mask": 6
      },
      "rank": 0,
      "table_code": 1650,
      "final_mask": 6,
      "returned_rank": 0,
      "match": true
    },
    {
      "condition": {
        "final_mask": 6
      },
      "rank": 1858,
      "table_code": 34039,
      "final_mask": 6,
      "returned_rank": 1858,
      "match": true
    },
    {
      "condition": {
        "final_mask": 6
      },
      "rank": 3715,
      "table_code": 234236,
      "final_mask": 6,
      "returned_rank": 3715,
      "match": true
    },
    {
      "condition": {
        "final_mask": 7
      },
      "rank": 0,
      "table_code": 626,
      "final_mask": 7,
      "returned_rank": 0,
      "match": true
    },
    {
      "condition": {
        "final_mask": 7
      },
      "rank": 2312,
      "table_code": 49636,
      "final_mask": 7,
      "returned_rank": 2312,
      "match": true
    },
    {
      "condition": {
        "final_mask": 7
      },
      "rank": 4623,
      "table_code": 233724,
      "final_mask": 7,
      "returned_rank": 4623,
      "match": true
    },
    {
      "condition": {
        "min_edges": 3,
        "max_edges": 3
      },
      "rank": 0,
      "table_code": 17409,
      "final_mask": 4,
      "returned_rank": 0,
      "match": true
    },
    {
      "condition": {
        "min_edges": 3,
        "max_edges": 3
      },
      "rank": 4,
      "table_code": 67585,
      "final_mask": 2,
      "returned_rank": 4,
      "match": true
    },
    {
      "condition": {
        "min_edges": 3,
        "max_edges": 3
      },
      "rank": 7,
      "table_code": 67585,
      "final_mask": 7,
      "returned_rank": 7,
      "match": true
    },
    {
      "condition": {
        "max_edges": 4
      },
      "rank": 0,
      "table_code": 6147,
      "final_mask": 4,
      "returned_rank": 0,
      "match": true
    },
    {
      "condition": {
        "max_edges": 4
      },
      "rank": 64,
      "table_code": 49155,
      "final_mask": 1,
      "returned_rank": 64,
      "match": true
    },
    {
      "condition": {
        "max_edges": 4
      },
      "rank": 127,
      "table_code": 69892,
      "final_mask": 7,
      "returned_rank": 127,
      "match": true
    },
    {
      "condition": {
        "max_edges": 6
      },
      "rank": 0,
      "table_code": 626,
      "final_mask": 1,
      "returned_rank": 0,
      "match": true
    },
    {
      "condition": {
        "max_edges": 6
      },
      "rank": 1960,
      "table_code": 49159,
      "final_mask": 5,
      "returned_rank": 1960,
      "match": true
    },
    {
      "condition": {
        "max_edges": 6
      },
      "rank": 3919,
      "table_code": 196812,
      "final_mask": 7,
      "returned_rank": 3919,
      "match": true
    },
    {
      "condition": {
        "min_edges": 8,
        "max_edges": 10
      },
      "rank": 0,
      "table_code": 1980,
      "final_mask": 1,
      "returned_rank": 0,
      "match": true
    },
    {
      "condition": {
        "min_edges": 8,
        "max_edges": 10
      },
      "rank": 7248,
      "table_code": 68639,
      "final_mask": 3,
      "returned_rank": 7248,
      "match": true
    },
    {
      "condition": {
        "min_edges": 8,
        "max_edges": 10
      },
      "rank": 14495,
      "table_code": 242892,
      "final_mask": 4,
      "returned_rank": 14495,
      "match": true
    },
    {
      "condition": {
        "require_final": 1
      },
      "rank": 0,
      "table_code": 626,
      "final_mask": 1,
      "returned_rank": 0,
      "match": true
    },
    {
      "condition": {
        "require_final": 1
      },
      "rank": 7574,
      "table_code": 61674,
      "final_mask": 3,
      "returned_rank": 7574,
      "match": true
    },
    {
      "condition": {
        "require_final": 1
      },
      "rank": 15147,
      "table_code": 241340,
      "final_mask": 5,
      "returned_rank": 15147,
      "match": true
    },
    {
      "condition": {
        "forbid_final": 1
      },
      "rank": 0,
      "table_code": 1650,
      "final_mask": 2,
      "returned_rank": 0,
      "match": true
    },
    {
      "condition": {
        "forbid_final": 1
      },
      "rank": 5073,
      "table_code": 67613,
      "final_mask": 2,
      "returned_rank": 5073,
      "match": true
    },
    {
      "condition": {
        "forbid_final": 1
      },
      "rank": 10145,
      "table_code": 243452,
      "final_mask": 4,
      "returned_rank": 10145,
      "match": true
    },
    {
      "condition": {
        "zero_code": 114
      },
      "rank": 223,
      "table_code": 224882,
      "final_mask": 1,
      "returned_rank": 223,
      "match": true
    },
    {
      "condition": {
        "one_code": 1
      },
      "rank": 55,
      "table_code": 1010,
      "final_mask": 7,
      "returned_rank": 55,
      "match": true
    },
    {
      "condition": {
        "zero_code": 114,
        "one_code": 1
      },
      "rank": 3,
      "table_code": 626,
      "final_mask": 7,
      "returned_rank": 3,
      "match": true
    }
  ],
  "trace_matches": [
    true,
    true,
    true
  ],
  "summary": {
    "responses": 127,
    "inverse_checks": 45,
    "all_inverse_matches": true,
    "all_trace_matches": true,
    "lower_all_equal": true
  },
  "snapshot": {
    "conditions": [
      {
        "key": "{\"zero_code\":null,\"one_code\":null,\"final_mask\":null,\"require_final\":0,\"forbid_final\":0,\"min_edges\":0,\"max_edges\":18}",
        "condition": {
          "zero_code": null,
          "one_code": null,
          "final_mask": null,
          "require_final": 0,
          "forbid_final": 0,
          "min_edges": 0,
          "max_edges": 18
        },
        "count": 25294,
        "blocks": [
          0,
          0,
          24,
          32,
          0,
          0,
          36,
          48,
          0,
          0,
          36,
          48,
          0,
          0,
          42,
          56,
          0,
          0,
          4,
          12,
          24,
          42,
          6,
          18,
          556,
          584,
          6,
          18,
          24,
          47,
          7,
          21,
          20,
          40,
          24,
          42,
          4,
          12,
          16,
          28,
          20,
          40,
          26,
          43,
          4,
          12,
          22,
          36,
          30,
          60,
          14,
          32,
          6,
          18,
          6,
          18,
          35,
          70,
          11,
          28,
          7,
          21,
          7,
          21,
          0,
          0,
          24,
          32,
          760,
          768,
          42,
          56,
          0,
          0,
          36,
          48,
          760,
          768,
          42,
          56,
          0,
          0,
          4,
          12,
          26,
          43,
          7,
          20,
          556,
          584,
          6,
          18,
          16,
          33,
          7,
          21,
          30,
          60,
          24,
          47,
          6,
          18,
          12,
          26,
          30,
          60,
          16,
          33,
          6,
          18,
          12,
          26,
          35,
          70,
          19,
          42,
          7,
          21,
          7,
          21,
          35,
          70,
          11,
          28,
          7,
          21,
          7,
          21,
          0,
          0,
          16,
          0,
          500,
          640,
          24,
          0,
          50,
          16,
          24,
          0,
          63,
          8,
          28,
          0,
          0,
          0,
          0,
          0,
          12,
          16,
          0,
          0,
          12,
          16,
          0,
          0,
          6,
          8,
          0,
          0,
          20,
          40,
          18,
          20,
          0,
          0,
          8,
          0,
          31,
          21,
          17,
          10,
          25,
          8,
          12,
          0,
          30,
          60,
          10,
          20,
          0,
          0,
          0,
          0,
          7,
          16,
          5,
          10,
          0,
          0,
          0,
          0,
          556,
          584,
          0,
          0,
          31,
          21,
          0,
          0,
          32,
          6,
          0,
          0,
          0,
          0,
          0,
          0,
          556,
          584,
          0,
          0,
          0,
          0,
          0,
          0,
          2,
          6,
          0,
          0,
          0,
          0,
          0,
          0,
          35,
          70,
          15,
          30,
          0,
          0,
          0,
          0,
          7,
          16,
          5,
          10,
          0,
          0,
          0,
          0,
          35,
          70,
          15,
          30,
          0,
          0,
          0,
          0,
          7,
          16,
          5,
          10,
          0,
          0,
          0,
          0,
          0,
          0,
          24,
          32,
          0,
          0,
          36,
          48,
          760,
          768,
          42,
          56,
          760,
          768,
          42,
          56,
          500,
          640,
          0,
          0,
          18,
          20,
          0,
          0,
          31,
          21,
          0,
          0,
          0,
          0,
          0,
          0,
          0,
          0,
          12,
          16,
          0,
          0,
          12,
          16,
          0,
          0,
          18,
          24,
          0,
          0,
          18,
          24,
          0,
          0,
          0,
          0,
          0,
          0,
          0,
          0,
          0,
          0,
          0,
          0,
          0,
          0,
          0,
          0,
          40,
          20,
          31,
          21,
          18,
          20,
          16,
          14,
          32,
          6,
          16,
          14,
          10,
          6,
          16,
          14,
          50,
          10,
          20,
          10,
          17,
          10,
          0,
          0,
          0,
          0,
          0,
          0,
          0,
          0,
          0,
          0,
          0,
          0,
          6,
          8,
          0,
          0,
          6,
          8,
          0,
          0,
          6,
          8,
          0,
          0,
          6,
          8,
          0,
          0,
          0,
          0,
          0,
          0,
          0,
          0,
          0,
          0,
          0,
          0,
          0,
          0,
          0,
          0,
          0,
          0,
          16,
          0,
          500,
          640,
          24,
          0,
          45,
          24,
          27,
          0,
          41,
          8,
          28,
          0,
          500,
          640,
          0,
          0,
          8,
          0,
          0,
          0,
          0,
          0,
          0,
          0,
          0,
          0,
          0,
          0,
          0,
          0,
          8,
          0,
          0,
          0,
          8,
          0,
          25,
          8,
          12,
          0,
          25,
          8,
          12,
          0,
          0,
          0,
          0,
          0,
          0,
          0,
          0,
          0,
          0,
          0,
          0,
          0,
          0,
          0,
          0,
          0,
          30,
          30,
          20,
          10,
          0,
          0,
          0,
          0,
          18,
          9,
          0,
          0,
          0,
          0,
          0,
          0,
          20,
          10,
          20,
          10,
          0,
          0,
          0,
          0,
          0,
          0,
          0,
          0,
          0,
          0,
          0,
          0,
          0,
          0,
          0,
          0,
          0,
          0,
          0,
          0,
          0,
          0,
          0,
          0,
          0,
          0,
          0,
          0,
          0,
          0,
          0,
          0,
          0,
          0,
          0,
          0,
          0,
          0,
          0,
          0,
          0,
          0,
          0,
          0,
          60,
          0,
          50,
          16,
          60,
          0,
          45,
          24,
          16,
          0,
          28,
          16,
          16,
          0,
          34,
          24,
          60,
          0,
          32,
          6,
          31,
          21,
          18,
          9,
          0,
          0,
          2,
          6,
          12,
          21,
          3,
          9,
          40,
          20,
          31,
          21,
          32,
          6,
          27,
          14,
          18,
          20,
          20,
          21,
          10,
          6,
          16,
          14,
          30,
          30,
          22,
          16,
          18,
          9,
          18,
          9,
          15,
          30,
          7,
          16,
          3,
          9,
          3,
          9,
          0,
          0,
          12,
          16,
          0,
          0,
          18,
          24,
          0,
          0,
          12,
          16,
          0,
          0,
          18,
          24,
          0,
          0,
          2,
          6,
          12,
          21,
          3,
          9,
          0,
          0,
          2,
          6,
          12,
          21,
          3,
          9,
          10,
          20,
          12,
          21,
          2,
          6,
          8,
          14,
          10,
          20,
          12,
          21,
          2,
          6,
          8,
          14,
          15,
          30,
          7,
          16,
          3,
          9,
          3,
          9,
          15,
          30,
          7,
          16,
          3,
          9,
          3,
          9,
          90,
          0,
          46,
          0,
          105,
          0,
          39,
          0,
          24,
          0,
          24,
          0,
          28,
          0,
          28,
          0,
          90,
          0,
          30,
          0,
          23,
          0,
          15,
          0,
          0,
          0,
          0,
          0,
          0,
          0,
          0,
          0,
          50,
          10,
          28,
          10,
          45,
          0,
          23,
          0,
          17,
          10,
          17,
          10,
          12,
          0,
          12,
          0,
          20,
          10,
          20,
          10,
          15,
          0,
          15,
          0,
          5,
          10,
          5,
          10,
          0,
          0,
          0,
          0,
          0,
          0,
          0,
          0,
          0,
          0,
          0,
          0,
          0,
          0,
          0,
          0,
          0,
          0,
          0,
          0,
          0,
          0,
          0,
          0,
          0,
          0,
          0,
          0,
          0,
          0,
          0,
          0,
          0,
          0,
          0,
          0,
          5,
          10,
          5,
          10,
          0,
          0,
          0,
          0,
          5,
          10,
          5,
          10,
          0,
          0,
          0,
          0,
          5,
          10,
          5,
          10,
          0,
          0,
          0,
          0,
          5,
          10,
          5,
          10,
          0,
          0,
          0,
          0,
          90,
          0,
          63,
          8,
          90,
          0,
          41,
          8,
          24,
          0,
          30,
          8,
          24,
          0,
          30,
          8,
          105,
          0,
          45,
          0,
          23,
          0,
          15,
          0,
          0,
          0,
          0,
          0,
          0,
          0,
          0,
          0,
          30,
          0,
          25,
          8,
          30,
          0,
          25,
          8,
          8,
          0,
          14,
          8,
          8,
          0,
          14,
          8,
          15,
          0,
          15,
          0,
          15,
          0,
          15,
          0,
          0,
          0,
          0,
          0,
          0,
          0,
          0,
          0,
          0,
          0,
          6,
          8,
          0,
          0,
          6,
          8,
          0,
          0,
          6,
          8,
          0,
          0,
          6,
          8,
          0,
          0,
          0,
          0,
          0,
          0,
          0,
          0,
          0,
          0,
          0,
          0,
          0,
          0,
          0,
          0,
          0,
          0,
          6,
          8,
          0,
          0,
          6,
          8,
          0,
          0,
          6,
          8,
          0,
          0,
          6,
          8,
          0,
          0,
          0,
          0,
          0,
          0,
          0,
          0,
          0,
          0,
          0,
          0,
          0,
          0,
          0,
          0,
          105,
          0,
          61,
          0,
          105,
          0,
          39,
          0,
          28,
          0,
          28,
          0,
          28,
          0,
          28,
          0,
          105,
          0,
          45,
          0,
          23,
          0,
          15,
          0,
          0,
          0,
          0,
          0,
          0,
          0,
          0,
          0,
          45,
          0,
          23,
          0,
          45,
          0,
          23,
          0,
          12,
          0,
          12,
          0,
          12,
          0,
          12,
          0,
          15,
          0,
          15,
          0,
          15,
          0,
          15,
          0,
          0,
          0,
          0,
          0,
          0,
          0,
          0,
          0,
          0,
          0,
          0,
          0,
          0,
          0,
          0,
          0,
          0,
          0,
          0,
          0,
          0,
          0,
          0,
          0,
          0,
          0,
          0,
          0,
          0,
          0,
          0,
          0,
          0,
          0,
          0,
          0,
          0,
          0,
          0,
          0,
          0,
          0,
          0,
          0,
          0,
          0,
          0,
          0,
          0,
          0,
          0,
          0,
          0,
          0,
          0,
          0,
          0,
          0,
          0,
          0,
          0,
          0,
          0,
          0,
          0,
          0,
          0,
          0,
          0,
          0,
          0,
          0
        ],
        "prefix": [
          0,
          0,
          0,
          24,
          56,
          56,
          56,
          92,
          140,
          140,
          140,
          176,
          224,
          224,
          224,
          266,
          322,
          322,
          322,
          326,
          338,
          362,
          404,
          410,
          428,
          984,
          1568,
          1574,
          1592,
          1616,
          1663,
          1670,
          1691,
          1711,
          1751,
          1775,
          1817,
          1821,
          1833,
          1849,
          1877,
          1897,
          1937,
          1963,
          2006,
          2010,
          2022,
          2044,
          2080,
          2110,
          2170,
          2184,
          2216,
          2222,
          2240,
          2246,
          2264,
          2299,
          2369,
          2380,
          2408,
          2415,
          2436,
          2443,
          2464,
          2464,
          2464,
          2488,
          2520,
          3280,
          4048,
          4090,
          4146,
          4146,
          4146,
          4182,
          4230,
          4990,
          5758,
          5800,
          5856,
          5856,
          5856,
          5860,
          5872,
          5898,
          5941,
          5948,
          5968,
          6524,
          7108,
          7114,
          7132,
          7148,
          7181,
          7188,
          7209,
          7239,
          7299,
          7323,
          7370,
          7376,
          7394,
          7406,
          7432,
          7462,
          7522,
          7538,
          7571,
          7577,
          7595,
          7607,
          7633,
          7668,
          7738,
          7757,
          7799,
          7806,
          7827,
          7834,
          7855,
          7890,
          7960,
          7971,
          7999,
          8006,
          8027,
          8034,
          8055,
          8055,
          8055,
          8071,
          8071,
          8571,
          9211,
          9235,
          9235,
          9285,
          9301,
          9325,
          9325,
          9388,
          9396,
          9424,
          9424,
          9424,
          9424,
          9424,
          9424,
          9436,
          9452,
          9452,
          9452,
          9464,
          9480,
          9480,
          9480,
          9486,
          9494,
          9494,
          9494,
          9514,
          9554,
          9572,
          9592,
          9592,
          9592,
          9600,
          9600,
          9631,
          9652,
          9669,
          9679,
          9704,
          9712,
          9724,
          9724,
          9754,
          9814,
          9824,
          9844,
          9844,
          9844,
          9844,
          9844,
          9851,
          9867,
          9872,
          9882,
          9882,
          9882,
          9882,
          9882,
          10438,
          11022,
          11022,
          11022,
          11053,
          11074,
          11074,
          11074,
          11106,
          11112,
          11112,
          11112,
          11112,
          11112,
          11112,
          11112,
          11668,
          12252,
          12252,
          12252,
          12252,
          12252,
          12252,
          12252,
          12254,
          12260,
          12260,
          12260,
          12260,
          12260,
          12260,
          12260,
          12295,
          12365,
          12380,
          12410,
          12410,
          12410,
          12410,
          12410,
          12417,
          12433,
          12438,
          12448,
          12448,
          12448,
          12448,
          12448,
          12483,
          12553,
          12568,
          12598,
          12598,
          12598,
          12598,
          12598,
          12605,
          12621,
          12626,
          12636,
          12636,
          12636,
          12636,
          12636,
          12636,
          12636,
          12660,
          12692,
          12692,
          12692,
          12728,
          12776,
          13536,
          14304,
          14346,
          14402,
          15162,
          15930,
          15972,
          16028,
          16528,
          17168,
          17168,
          17168,
          17186,
          17206,
          17206,
          17206,
          17237,
          17258,
          17258,
          17258,
          17258,
          17258,
          17258,
          17258,
          17258,
          17258,
          17270,
          17286,
          17286,
          17286,
          17298,
          17314,
          17314,
          17314,
          17332,
          17356,
          17356,
          17356,
          17374,
          17398,
          17398,
          17398,
          17398,
          17398,
          17398,
          17398,
          17398,
          17398,
          17398,
          17398,
          17398,
          17398,
          17398,
          17398,
          17398,
          17398,
          17438,
          17458,
          17489,
          17510,
          17528,
          17548,
          17564,
          17578,
          17610,
          17616,
          17632,
          17646,
          17656,
          17662,
          17678,
          17692,
          17742,
          17752,
          17772,
          17782,
          17799,
          17809,
          17809,
          17809,
          17809,
          17809,
          17809,
          17809,
          17809,
          17809,
          17809,
          17809,
          17809,
          17809,
          17815,
          17823,
          17823,
          17823,
          17829,
          17837,
          17837,
          17837,
          17843,
          17851,
          17851,
          17851,
          17857,
          17865,
          17865,
          17865,
          17865,
          17865,
          17865,
          17865,
          17865,
          17865,
          17865,
          17865,
          17865,
          17865,
          17865,
          17865,
          17865,
          17865,
          17865,
          17865,
          17881,
          17881,
          18381,
          19021,
          19045,
          19045,
          19090,
          19114,
          19141,
          19141,
          19182,
          19190,
          19218,
          19218,
          19718,
          20358,
          20358,
          20358,
          20366,
          20366,
          20366,
          20366,
          20366,
          20366,
          20366,
          20366,
          20366,
          20366,
          20366,
          20366,
          20366,
          20366,
          20374,
          20374,
          20374,
          20374,
          20382,
          20382,
          20407,
          20415,
          20427,
          20427,
          20452,
          20460,
          20472,
          20472,
          20472,
          20472,
          20472,
          20472,
          20472,
          20472,
          20472,
          20472,
          20472,
          20472,
          20472,
          20472,
          20472,
          20472,
          20472,
          20472,
          20502,
          20532,
          20552,
          20562,
          20562,
          20562,
          20562,
          20562,
          20580,
          20589,
          20589,
          20589,
          20589,
          20589,
          20589,
          20589,
          20609,
          20619,
          20639,
          20649,
          20649,
          20649,
          20649,
          20649,
          20649,
          20649,
          20649,
          20649,
          20649,
          20649,
          20649,
          20649,
          20649,
          20649,
          20649,
          20649,
          20649,
          20649,
          20649,
          20649,
          20649,
          20649,
          20649,
          20649,
          20649,
          20649,
          20649,
          20649,
          20649,
          20649,
          20649,
          20649,
          20649,
          20649,
          20649,
          20649,
          20649,
          20649,
          20649,
          20649,
          20649,
          20649,
          20649,
          20649,
          20709,
          20709,
          20759,
          20775,
          20835,
          20835,
          20880,
          20904,
          20920,
          20920,
          20948,
          20964,
          20980,
          20980,
          21014,
          21038,
          21098,
          21098,
          21130,
          21136,
          21167,
          21188,
          21206,
          21215,
          21215,
          21215,
          21217,
          21223,
          21235,
          21256,
          21259,
          21268,
          21308,
          21328,
          21359,
          21380,
          21412,
          21418,
          21445,
          21459,
          21477,
          21497,
          21517,
          21538,
          21548,
          21554,
          21570,
          21584,
          21614,
          21644,
          21666,
          21682,
          21700,
          21709,
          21727,
          21736,
          21751,
          21781,
          21788,
          21804,
          21807,
          21816,
          21819,
          21828,
          21828,
          21828,
          21840,
          21856,
          21856,
          21856,
          21874,
          21898,
          21898,
          21898,
          21910,
          21926,
          21926,
          21926,
          21944,
          21968,
          21968,
          21968,
          21970,
          21976,
          21988,
          22009,
          22012,
          22021,
          22021,
          22021,
          22023,
          22029,
          22041,
          22062,
          22065,
          22074,
          22084,
          22104,
          22116,
          22137,
          22139,
          22145,
          22153,
          22167,
          22177,
          22197,
          22209,
          22230,
          22232,
          22238,
          22246,
          22260,
          22275,
          22305,
          22312,
          22328,
          22331,
          22340,
          22343,
          22352,
          22367,
          22397,
          22404,
          22420,
          22423,
          22432,
          22435,
          22444,
          22534,
          22534,
          22580,
          22580,
          22685,
          22685,
          22724,
          22724,
          22748,
          22748,
          22772,
          22772,
          22800,
          22800,
          22828,
          22828,
          22918,
          22918,
          22948,
          22948,
          22971,
          22971,
          22986,
          22986,
          22986,
          22986,
          22986,
          22986,
          22986,
          22986,
          22986,
          22986,
          23036,
          23046,
          23074,
          23084,
          23129,
          23129,
          23152,
          23152,
          23169,
          23179,
          23196,
          23206,
          23218,
          23218,
          23230,
          23230,
          23250,
          23260,
          23280,
          23290,
          23305,
        