",
      0,
      1,
      7
    ],
    [
      262336,
      3,
      "0000001222222222223",
      0,
      1,
      7
    ],
    [
      131264,
      3,
      "0000001222222222233",
      0,
      1,
      7
    ],
    [
      65728,
      3,
      "0000001222222222333",
      0,
      1,
      7
    ],
    [
      327872,
      4,
      "0000001222222222334",
      0,
      1,
      7
    ],
    [
      32960,
      3,
      "0000001222222223333",
      0,
      1,
      7
    ],
    [
      295104,
      4,
      "0000001222222223334",
      0,
      1,
      7
    ],
    [
      164032,
      4,
      "0000001222222223344",
      0,
      1,
      7
    ],
    [
      16576,
      3,
      "0000001222222233333",
      0,
      1,
      7
    ],
    [
      278720,
      4,
      "0000001222222233334",
      0,
      1,
      7
    ],
    [
      147648,
      4,
      "0000001222222233344",
      0,
      1,
      7
    ],
    [
      82112,
      4,
      "0000001222222233444",
      0,
      1,
      7
    ],
    [
      344256,
      5,
      "0000001222222233445",
      0,
      1,
      7
    ],
    [
      8384,
      3,
      "0000001222222333333",
      0,
      1,
      7
    ],
    [
      270528,
      4,
      "0000001222222333334",
      0,
      1,
      7
    ],
    [
      139456,
      4,
      "0000001222222333344",
      0,
      1,
      7
    ],
    [
      73920,
      4,
      "0000001222222333444",
      0,
      1,
      7
    ],
    [
      336064,
      5,
      "0000001222222333445",
      0,
      1,
      7
    ],
    [
      41152,
      4,
      "0000001222222334444",
      0,
      1,
      7
    ],
    [
      303296,
      5,
      "0000001222222334445",
      0,
      1,
      7
    ],
    [
      172224,
      5,
      "0000001222222334455",
      0,
      1,
      7
    ],
    [
      4288,
      3,
      "0000001222223333333",
      0,
      1,
      7
    ],
    [
      266432,
      4,
      "0000001222223333334",
      0,
      1,
      7
    ],
    [
      135360,
      4,
      "0000001222223333344",
      0,
      1,
      7
    ],
    [
      69824,
      4,
      "0000001222223333444",
      0,
      1,
      7
    ],
    [
      331968,
      5,
      "0000001222223333445",
      0,
      1,
      7
    ],
    [
      37056,
      4,
      "0000001222223334444",
      0,
      1,
      7
    ],
    [
      299200,
      5,
      "0000001222223334445",
      0,
      1,
      7
    ],
    [
      168128,
      5,
      "0000001222223334455",
      0,
      1,
      7
    ],
    [
      20672,
      4,
      "0000001222223344444",
      0,
      1,
      7
    ],
    [
      282816,
      5,
      "0000001222223344445",
      0,
      1,
      7
    ],
    [
      151744,
      5,
      "0000001222223344455",
      0,
      1,
      7
    ],
    [
      86208,
      5,
      "0000001222223344555",
      0,
      1,
      7
    ],
    [
      2240,
      3,
      "0000001222233333333",
      0,
      1,
      7
    ],
    [
      264384,
      4,
      "0000001222233333334",
      0,
      1,
      7
    ],
    [
      133312,
      4,
      "0000001222233333344",
      0,
      1,
      7
    ],
    [
      67776,
      4,
      "0000001222233333444",
      0,
      1,
      7
    ],
    [
      329920,
      5,
      "0000001222233333445",
      0,
      1,
      7
    ],
    [
      35008,
      4,
      "0000001222233334444",
      0,
      1,
      7
    ],
    [
      297152,
      5,
      "0000001222233334445",
      0,
      1,
      7
    ],
    [
      166080,
      5,
      "0000001222233334455",
      0,
      1,
      7
    ],
    [
      18624,
      4,
      "0000001222233344444",
      0,
      1,
      7
    ],
    [
      149696,
      5,
      "0000001222233344455",
      0,
      1,
      7
    ],
    [
      84160,
      5,
      "0000001222233344555",
      0,
      1,
      7
    ],
    [
      10432,
      4,
      "0000001222233444444",
      0,
      1,
      7
    ],
    [
      75968,
      5,
      "0000001222233444555",
      0,
      1,
      7
    ],
    [
      43200,
      5,
      "0000001222233445555",
      0,
      1,
      7
    ],
    [
      1216,
      3,
      "0000001222333333333",
      0,
      1,
      7
    ],
    [
      263360,
      4,
      "0000001222333333334",
      0,
      1,
      7
    ],
    [
      132288,
      4,
      "0000001222333333344",
      0,
      1,
      7
    ],
    [
      66752,
      4,
      "0000001222333333444",
      0,
      1,
      7
    ],
    [
      328896,
      5,
      "0000001222333333445",
      0,
      1,
      7
    ],
    [
      33984,
      4,
      "0000001222333334444",
      0,
      1,
      7
    ],
    [
      165056,
      5,
      "0000001222333334455",
      0,
      1,
      7
    ],
    [
      17600,
      4,
      "0000001222333344444",
      0,
      1,
      7
    ],
    [
      83136,
      5,
      "0000001222333344555",
      0,
      1,
      7
    ],
    [
      9408,
      4,
      "0000001222333444444",
      0,
      1,
      7
    ],
    [
      271552,
      5,
      "0000001222333444445",
      0,
      1,
      7
    ],
    [
      42176,
      5,
      "0000001222333445555",
      0,
      1,
      7
    ],
    [
      5312,
      4,
      "0000001222334444444",
      0,
      1,
      7
    ],
    [
      267456,
      5,
      "0000001222334444445",
      0,
      1,
      7
    ],
    [
      136384,
      5,
      "0000001222334444455",
      0,
      1,
      7
    ],
    [
      21696,
      5,
      "0000001222334455555",
      0,
      1,
      7
    ],
    [
      704,
      3,
      "0000001223333333333",
      0,
      1,
      7
    ],
    [
      262848,
      4,
      "0000001223333333334",
      0,
      1,
      7
    ],
    [
      131776,
      4,
      "0000001223333333344",
      0,
      1,
      7
    ],
    [
      66240,
      4,
      "0000001223333333444",
      0,
      1,
      7
    ],
    [
      33472,
      4,
      "0000001223333334444",
      0,
      1,
      7
    ],
    [
      17088,
      4,
      "0000001223333344444",
      0,
      1,
      7
    ],
    [
      279232,
      5,
      "0000001223333344445",
      0,
      1,
      7
    ],
    [
      8896,
      4,
      "0000001223333444444",
      0,
      1,
      7
    ],
    [
      271040,
      5,
      "0000001223333444445",
      0,
      1,
      7
    ],
    [
      139968,
      5,
      "0000001223333444455",
      0,
      1,
      7
    ],
    [
      4800,
      4,
      "0000001223334444444",
      0,
      1,
      7
    ],
    [
      266944,
      5,
      "0000001223334444445",
      0,
      1,
      7
    ],
    [
      135872,
      5,
      "0000001223334444455",
      0,
      1,
      7
    ],
    [
      70336,
      5,
      "0000001223334444555",
      0,
      1,
      7
    ],
    [
      2752,
      4,
      "0000001223344444444",
      0,
      1,
      7
    ],
    [
      264896,
      5,
      "0000001223344444445",
      0,
      1,
      7
    ],
    [
      133824,
      5,
      "0000001223344444455",
      0,
      1,
      7
    ],
    [
      68288,
      5,
      "0000001223344444555",
      0,
      1,
      7
    ],
    [
      35520,
      5,
      "0000001223344445555",
      0,
      1,
      7
    ],
    [
      448,
      3,
      "0000001233333333333",
      0,
      1,
      7
    ],
    [
      262592,
      4,
      "0000001233333333334",
      0,
      1,
      7
    ],
    [
      131520,
      4,
      "0000001233333333344",
      0,
      1,
      7
    ],
    [
      65984,
      4,
      "0000001233333333444",
      0,
      1,
      7
    ],
    [
      33216,
      4,
      "0000001233333334444",
      0,
      1,
      7
    ],
    [
      295360,
      5,
      "0000001233333334445",
      0,
      1,
      7
    ],
    [
      16832,
      4,
      "0000001233333344444",
      0,
      1,
      7
    ],
    [
      278976,
      5,
      "0000001233333344445",
      0,
      1,
      7
    ],
    [
      147904,
      5,
      "0000001233333344455",
      0,
      1,
      7
    ],
    [
      8640,
      4,
      "0000001233333444444",
      0,
      1,
      7
    ],
    [
      270784,
      5,
      "0000001233333444445",
      0,
      1,
      7
    ],
    [
      139712,
      5,
      "0000001233333444455",
      0,
      1,
      7
    ],
    [
      74176,
      5,
      "0000001233333444555",
      0,
      1,
      7
    ],
    [
      4544,
      4,
      "0000001233334444444",
      0,
      1,
      7
    ],
    [
      266688,
      5,
      "0000001233334444445",
      0,
      1,
      7
    ],
    [
      135616,
      5,
      "0000001233334444455",
      0,
      1,
      7
    ],
    [
      70080,
      5,
      "0000001233334444555",
      0,
      1,
      7
    ],
    [
      37312,
      5,
      "0000001233334445555",
      0,
      1,
      7
    ],
    [
      299456,
      6,
      "0000001233334445556",
      0,
      1,
      7
    ],
    [
      2496,
      4,
      "0000001233344444444",
      0,
      1,
      7
    ],
    [
      264640,
      5,
      "0000001233344444445",
      0,
      1,
      7
    ],
    [
      133568,
      5,
      "0000001233344444455",
      0,
      1,
      7
    ],
    [
      68032,
      5,
      "0000001233344444555",
      0,
      1,
      7
    ],
    [
      35264,
      5,
      "0000001233344445555",
      0,
      1,
      7
    ],
    [
      18880,
      5,
      "0000001233344455555",
      0,
      1,
      7
    ],
    [
      1472,
      4,
      "0000001233444444444",
      0,
      1,
      7
    ],
    [
      263616,
      5,
      "0000001233444444445",
      0,
      1,
      7
    ],
    [
      132544,
      5,
      "0000001233444444455",
      0,
      1,
      7
    ],
    [
      67008,
      5,
      "0000001233444444555",
      0,
      1,
      7
    ],
    [
      34240,
      5,
      "0000001233444445555",
      0,
      1,
      7
    ],
    [
      17856,
      5,
      "0000001233444455555",
      0,
      1,
      7
    ],
    [
      9664,
      5,
      "0000001233444555555",
      0,
      1,
      7
    ],
    [
      271808,
      6,
      "0000001233444555556",
      0,
      1,
      7
    ],
    [
      32,
      1,
      "0000011111111111111",
      0,
      1,
      3
    ],
    [
      262176,
      2,
      "0000011111111111112",
      0,
      1,
      3
    ],
    [
      131104,
      2,
      "0000011111111111122",
      0,
      1,
      3
    ],
    [
      393248,
      3,
      "0000011111111111123",
      0,
      1,
      3
    ],
    [
      65568,
      2,
      "0000011111111111222",
      0,
      1,
      3
    ],
    [
      327712,
      3,
      "0000011111111111223",
      0,
      1,
      3
    ],
    [
      196640,
      3,
      "0000011111111111233",
      0,
      1,
      3
    ],
    [
      458784,
      4,
      "0000011111111111234",
      0,
      1,
      3
    ],
    [
      32800,
      2,
      "0000011111111112222",
      0,
      1,
      3
    ],
    [
      294944,
      3,
      "0000011111111112223",
      0,
      1,
      3
    ],
    [
      163872,
      3,
      "0000011111111112233",
      0,
      1,
      3
    ],
    [
      426016,
      4,
      "0000011111111112234",
      0,
      1,
      3
    ],
    [
      98336,
      3,
      "0000011111111112333",
      0,
      1,
      3
    ],
    [
      360480,
      4,
      "0000011111111112334",
      0,
      1,
      3
    ],
    [
      229408,
      4,
      "0000011111111112344",
      0,
      1,
      3
    ],
    [
      16416,
      2,
      "0000011111111122222",
      0,
      1,
      3
    ],
    [
      278560,
      3,
      "0000011111111122223",
      0,
      1,
      3
    ],
    [
      147488,
      3,
      "0000011111111122233",
      0,
      1,
      3
    ],
    [
      409632,
      4,
      "0000011111111122234",
      0,
      1,
      3
    ],
    [
      81952,
      3,
      "0000011111111122333",
      0,
      1,
      3
    ],
    [
      344096,
      4,
      "0000011111111122334",
      0,
      1,
      3
    ],
    [
      213024,
      4,
      "0000011111111122344",
      0,
      1,
      3
    ],
    [
      475168,
      5,
      "0000011111111122345",
      0,
      1,
      3
    ],
    [
      49184,
      3,
      "0000011111111123333",
      0,
      1,
      3
    ],
    [
      311328,
      4,
      "0000011111111123334",
      0,
      1,
      3
    ],
    [
      180256,
      4,
      "0000011111111123344",
      0,
      1,
      3
    ],
    [
      114720,
      4,
      "0000011111111123444",
      0,
      1,
      3
    ],
    [
      376864,
      5,
      "0000011111111123445",
      0,
      1,
      3
    ],
    [
      8224,
      2,
      "0000011111111222222",
      0,
      1,
      3
    ],
    [
      270368,
      3,
      "0000011111111222223",
      0,
      1,
      3
    ],
    [
      139296,
      3,
      "0000011111111222233",
      0,
      1,
      3
    ],
    [
      401440,
      4,
      "0000011111111222234",
      0,
      1,
      3
    ],
    [
      73760,
      3,
      "0000011111111222333",
      0,
      1,
      3
    ],
    [
      335904,
      4,
      "0000011111111222334",
      0,
      1,
      3
    ],
    [
      204832,
      4,
      "0000011111111222344",
      0,
      1,
      3
    ],
    [
      466976,
      5,
      "0000011111111222345",
      0,
      1,
      3
    ],
    [
      40992,
      3,
      "0000011111111223333",
      0,
      1,
      3
    ],
    [
      303136,
      4,
      "0000011111111223334",
      0,
      1,
      3
    ],
    [
      172064,
      4,
      "0000011111111223344",
      0,
      1,
      3
    ],
    [
      434208,
      5,
      "0000011111111223345",
      0,
      1,
      3
    ],
    [
      106528,
      4,
      "0000011111111223444",
      0,
      1,
      3
    ],
    [
      237600,
      5,
      "0000011111111223455",
      0,
      1,
      3
    ],
    [
      24608,
      3,
      "0000011111111233333",
      0,
      1,
      3
    ],
    [
      286752,
      4,
      "0000011111111233334",
      0,
      1,
      3
    ],
    [
      155680,
      4,
      "0000011111111233344",
      0,
      1,
      3
    ],
    [
      90144,
      4,
      "0000011111111233444",
      0,
      1,
      3
    ],
    [
      352288,
      5,
      "0000011111111233445",
      0,
      1,
      3
    ],
    [
      57376,
      4,
      "0000011111111234444",
      0,
      1,
      3
    ],
    [
      319520,
      5,
      "0000011111111234445",
      0,
      1,
      3
    ],
    [
      188448,
      5,
      "0000011111111234455",
      0,
      1,
      3
    ],
    [
      4128,
      2,
      "0000011111112222222",
      0,
      1,
      3
    ],
    [
      266272,
      3,
      "0000011111112222223",
      0,
      1,
      3
    ],
    [
      135200,
      3,
      "0000011111112222233",
      0,
      1,
      3
    ],
    [
      397344,
      4,
      "0000011111112222234",
      0,
      1,
      3
    ],
    [
      69664,
      3,
      "0000011111112222333",
      0,
      1,
      3
    ],
    [
      331808,
      4,
      "0000011111112222334",
      0,
      1,
      3
    ],
    [
      200736,
      4,
      "0000011111112222344",
      0,
      1,
      3
    ],
    [
      462880,
      5,
      "0000011111112222345",
      0,
      1,
      3
    ],
    [
      36896,
      3,
      "0000011111112223333",
      0,
      1,
      3
    ],
    [
      299040,
      4,
      "0000011111112223334",
      0,
      1,
      3
    ],
    [
      167968,
      4,
      "0000011111112223344",
      0,
      1,
      3
    ],
    [
      430112,
      5,
      "0000011111112223345",
      0,
      1,
      3
    ],
    [
      102432,
      4,
      "0000011111112223444",
      0,
      1,
      3
    ],
    [
      364576,
      5,
      "0000011111112223445",
      0,
      1,
      3
    ],
    [
      233504,
      5,
      "0000011111112223455",
      0,
      1,
      3
    ],
    [
      20512,
      3,
      "0000011111112233333",
      0,
      1,
      3
    ],
    [
      282656,
      4,
      "0000011111112233334",
      0,
      1,
      3
    ],
    [
      151584,
      4,
      "0000011111112233344",
      0,
      1,
      3
    ],
    [
      413728,
      5,
      "0000011111112233345",
      0,
      1,
      3
    ],
    [
      86048,
      4,
      "0000011111112233444",
      0,
      1,
      3
    ],
    [
      217120,
      5,
      "0000011111112233455",
      0,
      1,
      3
    ],
    [
      53280,
      4,
      "0000011111112234444",
      0,
      1,
      3
    ],
    [
      315424,
      5,
      "0000011111112234445",
      0,
      1,
      3
    ],
    [
      118816,
      5,
      "0000011111112234555",
      0,
      1,
      3
    ],
    [
      12320,
      3,
      "0000011111112333333",
      0,
      1,
      3
    ],
    [
      274464,
      4,
      "0000011111112333334",
      0,
      1,
      3
    ],
    [
      143392,
      4,
      "0000011111112333344",
      0,
      1,
      3
    ],
    [
      77856,
      4,
      "0000011111112333444",
      0,
      1,
      3
    ],
    [
      340000,
      5,
      "0000011111112333445",
      0,
      1,
      3
    ],
    [
      45088,
      4,
      "0000011111112334444",
      0,
      1,
      3
    ],
    [
      307232,
      5,
      "0000011111112334445",
      0,
      1,
      3
    ],
    [
      176160,
      5,
      "0000011111112334455",
      0,
      1,
      3
    ],
    [
      28704,
      4,
      "0000011111112344444",
      0,
      1,
      3
    ],
    [
      290848,
      5,
      "0000011111112344445",
      0,
      1,
      3
    ],
    [
      159776,
      5,
      "0000011111112344455",
      0,
      1,
      3
    ],
    [
      94240,
      5,
      "0000011111112344555",
      0,
      1,
      3
    ],
    [
      2080,
      2,
      "0000011111122222222",
      0,
      1,
      3
    ],
    [
      264224,
      3,
      "0000011111122222223",
      0,
      1,
      3
    ],
    [
      133152,
      3,
      "0000011111122222233",
      0,
      1,
      3
    ],
    [
      395296,
      4,
      "0000011111122222234",
      0,
      1,
      3
    ],
    [
      67616,
      3,
      "0000011111122222333",
      0,
      1,
      3
    ],
    [
      329760,
      4,
      "0000011111122222334",
      0,
      1,
      3
    ],
    [
      198688,
      4,
      "0000011111122222344",
      0,
      1,
      3
    ],
    [
      460832,
      5,
      "0000011111122222345",
      0,
      1,
      3
    ],
    [
      34848,
      3,
      "0000011111122223333",
      0,
      1,
      3
    ],
    [
      296992,
      4,
      "0000011111122223334",
      0,
      1,
      3
    ],
    [
      165920,
      4,
      "0000011111122223344",
      0,
      1,
      3
    ],
    [
      428064,
      5,
      "0000011111122223345",
      0,
      1,
      3
    ],
    [
      100384,
      4,
      "0000011111122223444",
      0,
      1,
      3
    ],
    [
      362528,
      5,
      "0000011111122223445",
      0,
      1,
      3
    ],
    [
      231456,
      5,
      "0000011111122223455",
      0,
      1,
      3
    ],
    [
      18464,
      3,
      "0000011111122233333",
      0,
      1,
      3
    ],
    [
      280608,
      4,
      "0000011111122233334",
      0,
      1,
      3
    ],
    [
      149536,
      4,
      "0000011111122233344",
      0,
      1,
      3
    ],
    [
      411680,
      5,
      "0000011111122233345",
      0,
      1,
      3
    ],
    [
      84000,
      4,
      "0000011111122233444",
      0,
      1,
      3
    ],
    [
      346144,
      5,
      "0000011111122233445",
      0,
      1,
      3
    ],
    [
      215072,
      5,
      "0000011111122233455",
      0,
      1,
      3
    ],
    [
      477216,
      6,
      "0000011111122233456",
      0,
      1,
      3
    ],
    [
      51232,
      4,
      "0000011111122234444",
      0,
      1,
      3
    ],
    [
      182304,
      5,
      "0000011111122234455",
      0,
      1,
      3
    ],
    [
      116768,
      5,
      "0000011111122234555",
      0,
      1,
      3
    ],
    [
      10272,
      3,
      "0000011111122333333",
      0,
      1,
      3
    ],
    [
      272416,
      4,
      "0000011111122333334",
      0,
      1,
      3
    ],
    [
      141344,
      4,
      "0000011111122333344",
      0,
      1,
      3
    ],
    [
      403488,
      5,
      "0000011111122333345",
      0,
      1,
      3
    ],
    [
      75808,
      4,
      "0000011111122333444",
      0,
      1,
      3
    ],
    [
      206880,
      5,
      "0000011111122333455",
      0,
      1,
      3
    ],
    [
      43040,
      4,
      "0000011111122334444",
      0,
      1,
      3
    ],
    [
      305184,
      5,
      "0000011111122334445",
      0,
      1,
      3
    ],
    [
      108576,
      5,
      "0000011111122334555",
      0,
      1,
      3
    ],
    [
      26656,
      4,
      "0000011111122344444",
      0,
      1,
      3
    ],
    [
      288800,
      5,
      "0000011111122344445",
      0,
      1,
      3
    ],
    [
      157728,
      5,
      "0000011111122344455",
      0,
      1,
      3
    ],
    [
      59424,
      5,
      "0000011111122345555",
      0,
      1,
      3
    ],
    [
      6176,
      3,
      "0000011111123333333",
      0,
      1,
      3
    ],
    [
      137248,
      4,
      "0000011111123333344",
      0,
      1,
      3
    ],
    [
      71712,
      4,
      "0000011111123333444",
      0,
      1,
      3
    ],
    [
      38944,
      4,
      "0000011111123334444",
      0,
      1,
      3
    ],
    [
      170016,
      5,
      "0000011111123334455",
      0,
      1,
      3
    ],
    [
      22560,
      4,
      "0000011111123344444",
      0,
      1,
      3
    ],
    [
      153632,
      5,
      "0000011111123344455",
      0,
      1,
      3
    ],
    [
      88096,
      5,
      "0000011111123344555",
      0,
      1,
      3
    ],
    [
      14368,
      4,
      "0000011111123444444",
      0,
      1,
      3
    ],
    [
      145440,
      5,
      "0000011111123444455",
      0,
      1,
      3
    ],
    [
      79904,
      5,
      "0000011111123444555",
      0,
      1,
      3
    ],
    [
      47136,
      5,
      "0000011111123445555",
      0,
      1,
      3
    ],
    [
      1056,
      2,
      "0000011111222222222",
      0,
      1,
      3
    ],
    [
      263200,
      3,
      "0000011111222222223",
      0,
      1,
      3
    ],
    [
      132128,
      3,
      "0000011111222222233",
      0,
      1,
      3
    ],
    [
      394272,
      4,
      "0000011111222222234",
      0,
      1,
      3
    ],
    [
      66592,
      3,
      "0000011111222222333",
      0,
      1,
      3
    ],
    [
      328736,
      4,
      "0000011111222222334",
      0,
      1,
      3
    ],
    [
      197664,
      4,
      "0000011111222222344",
      0,
      1,
      3
    ],
    [
      459808,
      5,
      "0000011111222222345",
      0,
      1,
      3
    ],
    [
      33824,
      3,
      "0000011111222223333",
      0,
      1,
      3
    ],
    [
      295968,
      4,
      "0000011111222223334",
      0,
      1,
      3
    ],
    [
      164896,
      4,
      "0000011111222223344",
      0,
      1,
      3
    ],
    [
      427040,
      5,
      "0000011111222223345",
      0,
      1,
      3
    ],
    [
      99360,
      4,
      "0000011111222223444",
      0,
      1,
      3
    ],
    [
      361504,
      5,
      "0000011111222223445",
      0,
      1,
      3
    ],
    [
      230432,
      5,
      "0000011111222223455",
      0,
      1,
      3
    ],
    [
      17440,
      3,
      "0000011111222233333",
      0,
      1,
      3
    ],
    [
      279584,
      4,
      "0000011111222233334",
      0,
      1,
      3
    ],
    [
      148512,
      4,
      "0000011111222233344",
      0,
      1,
      3
    ],
    [
      410656,
      5,
      "0000011111222233345",
      0,
      1,
      3
    ],
    [
      82976,
      4,
      "0000011111222233444",
      0,
      1,
      3
    ],
    [
      345120,
      5,
      "0000011111222233445",
      0,
      1,
      3
    ],
    [
      214048,
      5,
      "0000011111222233455",
      0,
      1,
      3
    ],
    [
      476192,
      6,
      "0000011111222233456",
      0,
      1,
      3
    ],
    [
      50208,
      4,
      "0000011111222234444",
      0,
      1,
      3
    ],
    [
      312352,
      5,
      "0000011111222234445",
      0,
      1,
      3
    ],
    [
      181280,
      5,
      "0000011111222234455",
      0,
      1,
      3
    ],
    [
      115744,
      5,
      "0000011111222234555",
      0,
      1,
      3
    ],
    [
      377888,
      6,
      "0000011111222234556",
      0,
      1,
      3
    ],
    [
      9248,
      3,
      "0000011111222333333",
      0,
      1,
      3
    ],
    [
      140320,
      4,
      "0000011111222333344",
      0,
      1,
      3
    ],
    [
      74784,
      4,
      "0000011111222333444",
      0,
      1,
      3
    ],
    [
      205856,
      5,
      "0000011111222333455",
      0,
      1,
      3
    ],
    [
      42016,
      4,
      "0000011111222334444",
      0,
      1,
      3
    ],
    [
      173088,
      5,
      "0000011111222334455",
      0,
      1,
      3
    ],
    [
      107552,
      5,
      "0000011111222334555",
      0,
      1,
      3
    ],
    [
      238624,
      6,
      "0000011111222334566",
      0,
      1,
      3
    ],
    [
      25632,
      4,
      "0000011111222344444",
      0,
      1,
      3
    ],
    [
      91168,
      5,
      "0000011111222344555",
      0,
      1,
      3
    ],
    [
      58400,
      5,
      "0000011111222345555",
      0,
      1,
      3
    ],
    [
      5152,
      3,
      "0000011111223333333",
      0,
      1,
      3
    ],
    [
      267296,
      4,
      "0000011111223333334",
      0,
      1,
      3
    ],
    [
      70688,
      4,
      "0000011111223333444",
      0,
      1,
      3
    ],
    [
      37920,
      4,
      "0000011111223334444",
      0,
      1,
      3
    ],
    [
      300064,
      5,
      "0000011111223334445",
      0,
      1,
      3
    ],
    [
      103456,
      5,
      "0000011111223334555",
      0,
      1,
      3
    ],
    [
      21536,
      4,
      "0000011111223344444",
      0,
      1,
      3
    ],
    [
      283680,
      5,
      "0000011111223344445",
      0,
      1,
      3
    ],
    [
      54304,
      5,
      "0000011111223345555",
      0,
      1,
      3
    ],
    [
      316448,
      6,
      "0000011111223345556",
      0,
      1,
      3
    ],
    [
      13344,
      4,
      "0000011111223444444",
      0,
      1,
      3
    ],
    [
      78880,
      5,
      "0000011111223444555",
      0,
      1,
      3
    ],
    [
      29728,
      5,
      "0000011111223455555",
      0,
      1,
      3
    ],
    [
      3104,
      3,
      "0000011111233333333",
      0,
      1,
      3
    ],
    [
      265248,
      4,
      "0000011111233333334",
      0,
      1,
      3
    ],
    [
      134176,
      4,
      "0000011111233333344",
      0,
      1,
      3
    ],
    [
      35872,
      4,
      "0000011111233334444",
      0,
      1,
      3
    ],
    [
      298016,
      5,
      "0000011111233334445",
      0,
      1,
      3
    ],
    [
      166944,
      5,
      "0000011111233334455",
      0,
      1,
      3
    ],
    [
      19488,
      4,
      "0000011111233344444",
      0,
      1,
      3
    ],
    [
      281632,
      5,
      "0000011111233344445",
      0,
      1,
      3
    ],
    [
      150560,
      5,
      "0000011111233344455",
      0,
      1,
      3
    ],
    [
      11296,
      4,
      "0000011111233444444",
      0,
      1,
      3
    ],
    [
      142368,
      5,
      "0000011111233444455",
      0,
      1,
      3
    ],
    [
      44064,
      5,
      "0000011111233445555",
      0,
      1,
      3
    ],
    [
      7200,
      4,
      "0000011111234444444",
      0,
      1,
      3
    ],
    [
      39968,
      5,
      "0000011111234445555",
      0,
      1,
      3
    ],
    [
      23584,
      5,
      "0000011111234455555",
      0,
      1,
      3
    ],
    [
      544,
      2,
      "0000011112222222222",
      0,
      1,
      3
    ],
    [
      262688,
      3,
      "0000011112222222223",
      0,
      1,
      3
    ],
    [
      131616,
      3,
      "0000011112222222233",
      0,
      1,
      3
    ],
    [
      393760,
      4,
      "0000011112222222234",
      0,
      1,
      3
    ],
    [
      66080,
      3,
      "0000011112222222333",
      0,
      1,
      3
    ],
    [
      328224,
      4,
      "0000011112222222334",
      0,
      1,
      3
    ],
    [
      197152,
      4,
      "0000011112222222344",
      0,
      1,
      3
    ],
    [
      459296,
      5,
      "0000011112222222345",
      0,
      1,
      3
    ],
    [
      33312,
      3,
      "0000011112222223333",
      0,
      1,
      3
    ],
    [
      295456,
      4,
      "0000011112222223334",
      0,
      1,
      3
    ],
    [
      164384,
      4,
      "0000011112222223344",
      0,
      1,
      3
    ],
    [
      426528,
      5,
      "0000011112222223345",
      0,
      1,
      3
    ],
    [
      98848,
      4,
      "0000011112222223444",
      0,
      1,
      3
    ],
    [
      360992,
      5,
      "0000011112222223445",
      0,
      1,
      3
    ],
    [
      229920,
      5,
      "0000011112222223455",
      0,
      1,
      3
    ],
    [
      16928,
      3,
      "0000011112222233333",
      0,
      1,
      3
    ],
    [
      148000,
      4,
      "0000011112222233344",
      0,
      1,
      3
    ],
    [
      82464,
      4,
      "0000011112222233444",
      0,
      1,
      3
    ],
    [
      213536,
      5,
      "0000011112222233455",
      0,
      1,
      3
    ],
    [
      49696,
      4,
      "0000011112222234444",
      0,
      1,
      3
    ],
    [
      180768,
      5,
      "0000011112222234455",
      0,
      1,
      3
    ],
    [
      115232,
      5,
      "0000011112222234555",
      0,
      1,
      3
    ],
    [
      8736,
      3,
      "0000011112222333333",
      0,
      1,
      3
    ],
    [
      270880,
      4,
      "0000011112222333334",
      0,
      1,
      3
    ],
    [
      74272,
      4,
      "0000011112222333444",
      0,
      1,
      3
    ],
    [
      336416,
      5,
      "0000011112222333445",
      0,
      1,
      3
    ],
    [
      41504,
      4,
      "0000011112222334444",
      0,
      1,
      3
    ],
    [
      303648,
      5,
      "0000011112222334445",
      0,
      1,
      3
    ],
    [
      107040,
      5,
      "0000011112222334555",
      0,
      1,
      3
    ],
    [
      25120,
      4,
      "0000011112222344444",
      0,
      1,
      3
    ],
    [
      90656,
      5,
      "0000011112222344555",
      0,
      1,
      3
    ],
    [
      57888,
      5,
      "0000011112222345555",
      0,
      1,
      3
    ],
    [
      4640,
      3,
      "0000011112223333333",
      0,
      1,
      3
    ],
    [
      266784,
      4,
      "0000011112223333334",
      0,
      1,
      3
    ],
    [
      135712,
      4,
      "0000011112223333344",
      0,
      1,
      3
    ],
    [
      397856,
      5,
      "0000011112223333345",
      0,
      1,
      3
    ],
    [
      37408,
      4,
      "0000011112223334444",
      0,
      1,
      3
    ],
    [
      168480,
      5,
      "0000011112223334455",
      0,
      1,
      3
    ],
    [
      21024,
      4,
      "0000011112223344444",
      0,
      1,
      3
    ],
    [
      53792,
      5,
      "0000011112223345555",
      0,
      1,
      3
    ],
    [
      12832,
      4,
      "0000011112223444444",
      0,
      1,
      3
    ],
    [
      274976,
      5,
      "0000011112223444445",
      0,
      1,
      3
    ],
    [
      45600,
      5,
      "0000011112223445555",
      0,
      1,
      3
    ],
    [
      29216,
      5,
      "0000011112223455555",
      0,
      1,
      3
    ],
    [
      2592,
      3,
      "0000011112233333333",
      0,
      1,
      3
    ],
    [
      264736,
      4,
      "0000011112233333334",
      0,
      1,
      3
    ],
    [
      133664,
      4,
      "0000011112233333344",
      0,
      1,
      3
    ],
    [
      395808,
      5,
      "0000011112233333345",
      0,
      1,
      3
    ],
    [
      68128,
      4,
      "0000011112233333444",
      0,
      1,
      3
    ],
    [
      199200,
      5,
      "0000011112233333455",
      0,
      1,
      3
    ],
    [
      18976,
      4,
      "0000011112233344444",
      0,
      1,
      3
    ],
    [
      150048,
      5,
      "0000011112233344455",
      0,
      1,
      3
    ],
    [
      10784,
      4,
      "0000011112233444444",
      0,
      1,
      3
    ],
    [
      272928,
      5,
      "0000011112233444445",
      0,
      1,
      3
    ],
    [
      76320,
      5,
      "0000011112233444555",
      0,
      1,
      3
    ],
    [
      27168,
      5,
      "0000011112233455555",
      0,
      1,
      3
    ],
    [
      6688,
      4,
      "0000011112234444444",
      0,
      1,
      3
    ],
    [
      137760,
      5,
      "0000011112234444455",
      0,
      1,
      3
    ],
    [
      14880,
      5,
      "0000011112234555555",
      0,
      1,
      3
    ],
    [
      1568,
      3,
      "0000011112333333333",
      0,
      1,
      3
    ],
    [
      263712,
      4,
      "0000011112333333334",
      0,
      1,
      3
    ],
    [
      132640,
      4,
      "0000011112333333344",
      0,
      1,
      3
    ],
    [
      67104,
      4,
      "0000011112333333444",
      0,
      1,
      3
    ],
    [
      329248,
      5,
      "0000011112333333445",
      0,
      1,
      3
    ],
    [
      34336,
      4,
      "0000011112333334444",
      0,
      1,
      3
    ],
    [
      296480,
      5,
      "0000011112333334445",
      0,
      1,
      3
    ],
    [
      165408,
      5,
      "0000011112333334455",
      0,
      1,
      3
    ],
    [
      9760,
      4,
      "0000011112333444444",
      0,
      1,
      3
    ],
    [
      75296,
      5,
      "0000011112333444555",
      0,
      1,
      3
    ],
    [
      42528,
      5,
      "0000011112333445555",
      0,
      1,
      3
    ],
    [
      5664,
      4,
      "0000011112334444444",
      0,
      1,
      3
    ],
    [
      267808,
      5,
      "0000011112334444445",
      0,
      1,
      3
    ],
    [
      38432,
      5,
      "0000011112334445555",
      0,
      1,
      3
    ],
    [
      3616,
      4,
      "0000011112344444444",
      0,
      1,
      3
    ],
    [
      265760,
      5,
      "0000011112344444445",
      0,
      1,
      3
    ],
    [
      134688,
      5,
      "0000011112344444455",
      0,
      1,
      3
    ],
    [
      11808,
      5,
      "0000011112344555555",
      0,
      1,
      3
    ],
    [
      288,
      2,
      "0000011122222222222",
      0,
      1,
      3
    ],
    [
      262432,
      3,
      "0000011122222222223",
      0,
      1,
      3
    ],
    [
      131360,
      3,
      "0000011122222222233",
      0,
      1,
      3
    ],
    [
      393504,
      4,
      "0000011122222222234",
      0,
      1,
      3
    ],
    [
      65824,
      3,
      "0000011122222222333",
      0,
      1,
      3
    ],
    [
      327968,
      4,
      "0000011122222222334",
      0,
      1,
      3
    ],
    [
      196896,
      4,
      "0000011122222222344",
      0,
      1,
      3
    ],
    [
      459040,
      5,
      "0000011122222222345",
      0,
      1,
      3
    ],
    [
      33056,
      3,
      "0000011122222223333",
      0,
      1,
      3
    ],
    [
      164128,
      4,
      "0000011122222223344",
      0,
      1,
      3
    ],
    [
      98592,
      4,
      "0000011122222223444",
      0,
      1,
      3
    ],
    [
      229664,
      5,
      "0000011122222223455",
      0,
      1,
      3
    ],
    [
      16672,
      3,
      "0000011122222233333",
      0,
      1,
      3
    ],
    [
      278816,
      4,
      "0000011122222233334",
      0,
      1,
      3
    ],
    [
      82208,
      4,
      "0000011122222233444",
      0,
      1,
      3
    ],
    [
      344352,
      5,
      "0000011122222233445",
      0,
      1,
      3
    ],
    [
      49440,
      4,
      "0000011122222234444",
      0,
      1,
      3
    ],
    [
      114976,
      5,
      "0000011122222234555",
      0,
      1,
      3
    ],
    [
      8480,
      3,
      "0000011122222333333",
      0,
      1,
      3
    ],
    [
      270624,
      4,
      "0000011122222333334",
      0,
      1,
      3
    ],
    [
      139552,
      4,
      "0000011122222333344",
      0,
      1,
      3
    ],
    [
      401696,
      5,
      "0000011122222333345",
      0,
      1,
      3
    ],
    [
      41248,
      4,
      "0000011122222334444",
      0,
      1,
      3
    ],
    [
      172320,
      5,
      "0000011122222334455",
      0,
      1,
      3
    ],
    [
      24864,
      4,
      "0000011122222344444",
      0,
      1,
      3
    ],
    [
      287008,
      5,
      "0000011122222344445",
      0,
      1,
      3
    ],
    [
      57632,
      5,
      "0000011122222345555",
      0,
      1,
      3
    ],
    [
      4384,
      3,
      "0000011122223333333",
      0,
      1,
      3
    ],
    [
      266528,
      4,
      "0000011122223333334",
      0,
      1,
      3
    ],
    [
      135456,
      4,
      "0000011122223333344",
      0,
      1,
      3
    ],
    [
      397600,
      5,
      "0000011122223333345",
      0,
      1,
      3
    ],
    [
      69920,
      4,
      "0000011122223333444",
      0,
      1,
      3
    ],
    [
      332064,
      5,
      "0000011122223333445",
      0,
      1,
      3
    ],
    [
      200992,
      5,
      "0000011122223333455",
      0,
      1,
      3
    ],
    [
      463136,
      6,
      "0000011122223333456",
      0,
      1,
      3
    ],
    [
      20768,
      4,
      "0000011122223344444",
      0,
      1,
      3
    ],
    [
      86304,
      5,
      "0000011122223344555",
      0,
      1,
      3
    ],
    [
      12576,
      4,
      "0000011122223444444",
      0,
      1,
      3
    ],
    [
      274720,
      5,
      "0000011122223444445",
      0,
      1,
      3
    ],
    [
      28960,
      5,
      "0000011122223455555",
      0,
      1,
      3
    ],
    [
      2336,
      3,
      "0000011122233333333",
      0,
      1,
      3
    ],
    [
      264480,
      4,
      "0000011122233333334",
      0,
      1,
      3
    ],
    [
      133408,
      4,
      "0000011122233333344",
      0,
      1,
      3
    ],
    [
      395552,
      5,
      "0000011122233333345",
      0,
      1,
      3
    ],
    [
      67872,
      4,
      "0000011122233333444",
      0,
      1,
      3
    ],
    [
      330016,
      5,
      "0000011122233333445",
      0,
      1,
      3
    ],
    [
      198944,
      5,
      "0000011122233333455",
      0,
      1,
      3
    ],
    [
      461088,
      6,
      "0000011122233333456",
      0,
      1,
      3
    ],
    [
      35104,
      4,
      "0000011122233334444",
      0,
      1,
      3
    ],
    [
      166176,
      5,
      "0000011122233334455",
      0,
      1,
      3
    ],
    [
      100640,
      5,
      "0000011122233334555",
      0,
      1,
      3
    ],
    [
      231712,
      6,
      "0000011122233334566",
      0,
      1,
      3
    ],
    [
      10528,
      4,
      "0000011122233444444",
      0,
      1,
      3
    ],
    [
      272672,
      5,
      "0000011122233444445",
      0,
      1,
      3
    ],
    [
      141600,
      5,
      "0000011122233444455",
      0,
      1,
      3
    ],
    [
      403744,
      6,
      "0000011122233444456",
      0,
      1,
      3
    ],
    [
      43296,
      5,
      "0000011122233445555",
      0,
      1,
      3
    ],
    [
      6432,
      4,
      "0000011122234444444",
      0,
      1,
      3
    ],
    [
      137504,
      5,
      "0000011122234444455",
      0,
      1,
      3
    ],
    [
      71968,
      5,
      "0000011122234444555",
      0,
      1,
      3
    ],
    [
      14624,
      5,
      "0000011122234555555",
      0,
      1,
      3
    ],
    [
      1312,
      3,
      "0000011122333333333",
      0,
      1,
      3
    ],
    [
      263456,
      4,
      "0000011122333333334",
      0,
      1,
      3
    ],
    [
      132384,
      4,
      "0000011122333333344",
      0,
      1,
      3
    ],
    [
      394528,
      5,
      "0000011122333333345",
      0,
      1,
      3
    ],
    [
      66848,
      4,
      "0000011122333333444",
      0,
      1,
      3
    ],
    [
      197920,
      5,
      "0000011122333333455",
      0,
      1,
      3
    ],
    [
      34080,
      4,
      "0000011122333334444",
      0,
      1,
      3
    ],
    [
      99616,
      5,
      "0000011122333334555",
      0,
      1,
      3
    ],
    [
      17696,
      4,
      "0000011122333344444",
      0,
      1,
      3
    ],
    [
      279840,
      5,
      "0000011122333344445",
      0,
      1,
      3
    ],
    [
      50464,
      5,
      "0000011122333345555",
      0,
      1,
      3
    ],
    [
      5408,
      4,
      "0000011122334444444",
      0,
      1,
      3
    ],
    [
      267552,
      5,
      "0000011122334444445",
      0,
      1,
      3
    ],
    [
      70944,
      5,
      "0000011122334444555",
      0,
      1,
      3
    ],
    [
      3360,
      4,
      "0000011122344444444",
      0,
      1,
      3
    ],
    [
      265504,
      5,
      "0000011122344444445",
      0,
      1,
      3
    ],
    [
      134432,
      5,
      "0000011122344444455",
      0,
      1,
      3
    ],
    [
      36128,
      5,
      "0000011122344445555",
      0,
      1,
      3
    ],
    [
      7456,
      5,
      "0000011122345555555",
      0,
      1,
      3
    ],
    [
      800,
      3,
      "0000011123333333333",
      0,
      1,
      3
    ],
    [
      262944,
      4,
      "0000011123333333334",
      0,
      1,
      3
    ],
    [
      131872,
      4,
      "0000011123333333344",
      0,
      1,
      3
    ],
    [
      66336,
      4,
      "0000011123333333444",
      0,
      1,
      3
    ],
    [
      328480,
      5,
      "0000011123333333445",
      0,
      1,
      3
    ],
    [
      33568,
      4,
      "0000011123333334444",
      0,
      1,
      3
    ],
    [
      164640,
      5,
      "0000011123333334455",
      0,
      1,
      3
    ],
    [
      17184,
      4,
      "0000011123333344444",
      0,
      1,
      3
    ],
    [
      82720,
      5,
      "0000011123333344555",
      0,
      1,
      3
    ],
    [
      8992,
      4,
      "0000011123333444444",
      0,
      1,
      3
    ],
    [
      271136,
      5,
      "0000011123333444445",
      0,
      1,
      3
    ],
    [
      41760,
      5,
      "0000011123333445555",
      0,
      1,
      3
    ],
    [
      2848,
      4,
      "0000011123344444444",
      0,
      1,
      3
    ],
    [
      264992,
      5,
      "0000011123344444445",
      0,
      1,
      3
    ],
    [
      133920,
      5,
      "0000011123344444455",
      0,
      1,
      3
    ],
    [
      68384,
      5,
      "0000011123344444555",
      0,
      1,
      3
    ],
    [
      11040,
      5,
      "0000011123344555555",
      0,
      1,
      3
    ],
    [
      273184,
      6,
      "0000011123344555556",
      0,
      1,
      3
    ],
    [
      1824,
      4,
      "0000011123444444444",
      0,
      1,
      3
    ],
    [
      263968,
      5,
      "0000011123444444445",
      0,
      1,
      3
    ],
    [
      132896,
      5,
      "0000011123444444455",
      0,
      1,
      3
    ],
    [
      67360,
      5,
      "0000011123444444555",
      0,
      1,
      3
    ],
    [
      34592,
      5,
      "0000011123444445555",
      0,
      1,
      3
    ],
    [
      160,
      2,
      "0000011222222222222",
      0,
      1,
      3
    ],
    [
      262304,
      3,
      "0000011222222222223",
      0,
      1,
      3
    ],
    [
      131232,
      3,
      "0000011222222222233",
      0,
      1,
      3
    ],
    [
      393376,
      4,
      "0000011222222222234",
      0,
      1,
      3
    ],
    [
      65696,
      3,
      "0000011222222222333",
      0,
      1,
      3
    ],
    [
      196768,
      4,
      "0000011222222222344",
      0,
      1,
      3
    ],
    [
      32928,
      3,
      "0000011222222223333",
      0,
      1,
      3
    ],
    [
      295072,
      4,
      "0000011222222223334",
      0,
      1,
      3
    ],
    [
      98464,
      4,
      "0000011222222223444",
      0,
      1,
      3
    ],
    [
      16544,
      3,
      "0000011222222233333",
      0,
      1,
      3
    ],
    [
      278688,
      4,
      "0000011222222233334",
      0,
      1,
      3
    ],
    [
      147616,
      4,
      "0000011222222233344",
      0,
      1,
      3
    ],
    [
      409760,
      5,
      "0000011222222233345",
      0,
      1,
      3
    ],
    [
      49312,
      4,
      "0000011222222234444",
      0,
      1,
      3
    ],
    [
      311456,
      5,
      "0000011222222234445",
      0,
      1,
      3
    ],
    [
      8352,
      3,
      "0000011222222333333",
      0,
      1,
      3
    ],
    [
      270496,
      4,
      "0000011222222333334",
      0,
      1,
      3
    ],
    [
      139424,
      4,
      "0000011222222333344",
      0,
      1,
      3
    ],
    [
      401568,
      5,
      "0000011222222333345",
      0,
      1,
      3
    ],
    [
      73888,
      4,
      "0000011222222333444",
      0,
      1,
      3
    ],
    [
      204960,
      5,
      "0000011222222333455",
      0,
      1,
      3
    ],
    [
      24736,
      4,
      "0000011222222344444",
      0,
      1,
      3
    ],
    [
      286880,
      5,
      "0000011222222344445",
      0,
      1,
      3
    ],
    [
      155808,
      5,
      "0000011222222344455",
      0,
      1,
      3
    ],
    [
      4256,
      3,
      "0000011222223333333",
      0,
      1,
      3
    ],
    [
      266400,
      4,
      "0000011222223333334",
      0,
      1,
      3
    ],
    [
      135328,
      4,
      "0000011222223333344",
      0,
      1,
      3
    ],
    [
      397472,
      5,
      "0000011222223333345",
      0,
      1,
      3
    ],
    [
      69792,
      4,
      "0000011222223333444",
      0,
      1,
      3
    ],
    [
      200864,
      5,
      "0000011222223333455",
      0,
      1,
      3
    ],
    [
      37024,
      4,
      "0000011222223334444",
      0,
      1,
      3
    ],
    [
      299168,
      5,
      "0000011222223334445",
      0,
      1,
      3
    ],
    [
      102560,
      5,
      "0000011222223334555",
      0,
      1,
      3
    ],
    [
      12448,
      4,
      "0000011222223444444",
      0,
      1,
      3
    ],
    [
      143520,
      5,
      "0000011222223444455",
      0,
      1,
      3
    ],
    [
      77984,
      5,
      "0000011222223444555",
      0,
      1,
      3
    ],
    [
      2208,
      3,
      "0000011222233333333",
      0,
      1,
      3
    ],
    [
      264352,
      4,
      "0000011222233333334",
      0,
      1,
      3
    ],
    [
      133280,
      4,
      "0000011222233333344",
      0,
      1,
      3
    ],
    [
      395424,
      5,
      "0000011222233333345",
      0,
      1,
      3
    ],
    [
      67744,
      4,
      "0000011222233333444",
      0,
      1,
      3
    ],
    [
      198816,
      5,
      "0000011222233333455",
      0,
      1,
      3
    ],
    [
      34976,
      4,
      "0000011222233334444",
      0,
      1,
      3
    ],
    [
      297120,
      5,
      "0000011222233334445",
      0,
      1,
      3
    ],
    [
      100512,
      5,
      "0000011222233334555",
      0,
      1,
      3
    ],
    [
      18592,
      4,
      "0000011222233344444",
      0,
      1,
      3
    ],
    [
      149664,
      5,
      "0000011222233344455",
      0,
      1,
      3
    ],
    [
      51360,
      5,
      "0000011222233345555",
      0,
      1,
      3
    ],
    [
      6304,
      4,
      "0000011222234444444",
      0,
      1,
      3
    ],
    [
      137376,
      5,
      "0000011222234444455",
      0,
      1,
      3
    ],
    [
      39072,
      5,
      "0000011222234445555",
      0,
      1,
      3
    ],
    [
      1184,
      3,
      "0000011222333333333",
      0,
      1,
      3
    ],
    [
      263328,
      4,
      "0000011222333333334",
      0,
      1,
      3
    ],
    [
      132256,
      4,
      "0000011222333333344",
      0,
      1,
      3
    ],
    [
      394400,
      5,
      "0000011222333333345",
      0,
      1,
      3
    ],
    [
      66720,
      4,
      "0000011222333333444",
      0,
      1,
      3
    ],
    [
      197792,
      5,
      "0000011222333333455",
      0,
      1,
      3
    ],
    [
      33952,
      4,
      "0000011222333334444",
      0,
      1,
      3
    ],
    [
      99488,
      5,
      "0000011222333334555",
      0,
      1,
      3
    ],
    [
      17568,
      4,
      "0000011222333344444",
      0,
      1,
      3
    ],
    [
      279712,
      5,
      "0000011222333344445",
      0,
      1,
      3
    ],
    [
      50336,
      5,
      "0000011222333345555",
      0,
      1,
      3
    ],
    [
      9376,
      4,
      "0000011222333444444",
      0,
      1,
      3
    ],
    [
      140448,
      5,
      "0000011222333444455",
      0,
      1,
      3
    ],
    [
      25760,
      5,
      "0000011222333455555",
      0,
      1,
      3
    ],
    [
      3232,
      4,
      "0000011222344444444",
      0,
      1,
      3
    ],
    [
      265376,
      5,
      "0000011222344444445",
      0,
      1,
      3
    ],
    [
      134304,
      5,
      "0000011222344444455",
      0,
      1,
      3
    ],
    [
      36000,
      5,
      "0000011222344445555",
      0,
      1,
      3
    ],
    [
      672,
      3,
      "0000011223333333333",
      0,
      1,
      3
    ],
    [
      262816,
      4,
      "0000011223333333334",
      0,
      1,
      3
    ],
    [
      131744,
      4,
      "0000011223333333344",
      0,
      1,
      3
    ],
    [
      393888,
      5,
      "0000011223333333345",
      0,
      1,
      3
    ],
    [
      66208,
      4,
      "0000011223333333444",
      0,
      1,
      3
    ],
    [
      197280,
      5,
      "0000011223333333455",
      0,
      1,
      3
    ],
    [
      33440,
      4,
      "0000011223333334444",
      0,
      1,
      3
    ],
    [
      295584,
      5,
      "0000011223333334445",
      0,
      1,
      3
    ],
    [
      98976,
      5,
      "0000011223333334555",
      0,
      1,
      3
    ],
    [
      17056,
      4,
      "0000011223333344444",
      0,
      1,
      3
    ],
    [
      148128,
      5,
      "0000011223333344455",
      0,
      1,
      3
    ],
    [
      49824,
      5,
      "0000011223333345555",
      0,
      1,
      3
    ],
    [
      8864,
      4,
      "0000011223333444444",
      0,
      1,
      3
    ],
    [
      271008,
      5,
      "0000011223333444445",
      0,
      1,
      3
    ],
    [
      74400,
      5,
      "0000011223333444555",
      0,
      1,
      3
    ],
    [
      25248,
      5,
      "0000011223333455555",
      0,
      1,
      3
    ],
    [
      4768,
      4,
      "0000011223334444444",
      0,
      1,
      3
    ],
    [
      266912,
      5,
      "0000011223334444445",
      0,
      1,
      3
    ],
    [
      135840,
      5,
      "0000011223334444455",
      0,
      1,
      3
    ],
    [
      397984,
      6,
      "0000011223334444456",
      0,
      1,
      3
    ],
    [
      37536,
      5,
      "0000011223334445555",
      0,
      1,
      3
    ],
    [
      12960,
      5,
      "0000011223334555555",
      0,
      1,
      3
    ],
    [
      1696,
      4,
      "0000011223444444444",
      0,
      1,
      3
    ],
    [
      263840,
      5,
      "0000011223444444445",
      0,
      1,
      3
    ],
    [
      132768,
      5,
      "0000011223444444455",
      0,
      1,
      3
    ],
    [
      67232,
      5,
      "0000011223444444555",
      0,
      1,
      3
    ],
    [
      34464,
      5,
      "0000011223444445555",
      0,
      1,
      3
    ],
    [
      9888,
      5,
      "0000011223444555555",
      0,
      1,
      3
    ],
    [
      416,
      3,
      "0000011233333333333",
      0,
      1,
      3
    ],
    [
      262560,
      4,
      "0000011233333333334",
      0,
      1,
      3
    ],
    [
      131488,
      4,
      "0000011233333333344",
      0,
      1,
      3
    ],
    [
      65952,
      4,
      "0000011233333333444",
      0,
      1,
      3
    ],
    [
      33184,
      4,
      "0000011233333334444",
      0,
      1,
      3
    ],
    [
      16800,
      4,
      "0000011233333344444",
      0,
      1,
      3
    ],
    [
      278944,
      5,
      "0000011233333344445",
      0,
      1,
      3
    ],
    [
      8608,
      4,
      "0000011233333444444",
      0,
      1,
      3
    ],
    [
      270752,
      5,
      "0000011233333444445",
      0,
      1,
      3
    ],
    [
      139680,
      5,
      "0000011233333444455",
      0,
      1,
      3
    ],
    [
      4512,
      4,
      "0000011233334444444",
      0,
      1,
      3
    ],
    [
      266656,
      5,
      "0000011233334444445",
      0,
      1,
      3
    ],
    [
      135584,
      5,
      "0000011233334444455",
      0,
      1,
      3
    ],
    [
      70048,
      5,
      "0000011233334444555",
      0,
      1,
      3
    ],
    [
      2464,
      4,
      "0000011233344444444",
      0,
      1,
      3
    ],
    [
      264608,
      5,
      "0000011233344444445",
      0,
      1,
      3
    ],
    [
      133536,
      5,
      "0000011233344444455",
      0,
      1,
      3
    ],
    [
      68000,
      5,
      "0000011233344444555",
      0,
      1,
      3
    ],
    [
      35232,
      5,
      "0000011233344445555",
      0,
      1,
      3
    ],
    [
      928,
      4,
      "0000011234444444444",
      0,
      1,
      3
    ],
    [
      263072,
      5,
      "0000011234444444445",
      0,
      1,
      3
    ],
    [
      132000,
      5,
      "0000011234444444455",
      0,
      1,
      3
    ],
    [
      66464,
      5,
      "0000011234444444555",
      0,
      1,
      3
    ],
    [
      33696,
      5,
      "0000011234444445555",
      0,
      1,
      3
    ],
    [
      17312,
      5,
      "0000011234444455555",
      0,
      1,
      3
    ],
    [
      9120,
      5,
      "0000011234444555555",
      0,
      1,
      3
    ],
    [
      271264,
      6,
      "0000011234444555556",
      0,
      1,
      3
    ],
    [
      96,
      2,
      "0000012222222222222",
      0,
      1,
      3
    ],
    [
      262240,
      3,
      "0000012222222222223",
      0,
      1,
      3
    ],
    [
      131168,
      3,
      "0000012222222222233",
      0,
      1,
      3
    ],
    [
      65632,
      3,
      "0000012222222222333",
      0,
      1,
      3
    ],
    [
      327776,
      4,
      "0000012222222222334",
      0,
      1,
      3
    ],
    [
      32864,
      3,
      "0000012222222223333",
      0,
      1,
      3
    ],
    [
      295008,
      4,
      "0000012222222223334",
      0,
      1,
      3
    ],
    [
      163936,
      4,
      "0000012222222223344",
      0,
      1,
      3
    ],
    [
      16480,
      3,
      "0000012222222233333",
      0,
      1,
      3
    ],
    [
      278624,
      4,
      "0000012222222233334",
      0,
      1,
      3
    ],
    [
      147552,
      4,
      "0000012222222233344",
      0,
      1,
      3
    ],
    [
      82016,
      4,
      "0000012222222233444",
      0,
      1,
      3
    ],
    [
      344160,
      5,
      "0000012222222233445",
      0,
      1,
      3
    ],
    [
      8288,
      3,
      "0000012222222333333",
      0,
      1,
      3
    ],
    [
      270432,
      4,
      "0000012222222333334",
      0,
      1,
      3
    ],
    [
      139360,
      4,
      "0000012222222333344",
      0,
      1,
      3
    ],
    [
      73824,
      4,
      "0000012222222333444",
      0,
      1,
      3
    ],
    [
      335968,
      5,
      "0000012222222333445",
      0,
      1,
      3
    ],
    [
      41056,
      4,
      "0000012222222334444",
      0,
      1,
      3
    ],
    [
      303200,
      5,
      "0000012222222334445",
      0,
      1,
      3
    ],
    [
      172128,
      5,
      "0000012222222334455",
      0,
      1,
      3
    ],
    [
      4192,
      3,
      "0000012222223333333",
      0,
      1,
      3
    ],
    [
      266336,
      4,
      "0000012222223333334",
      0,
      1,
      3
    ],
    [
      135264,
      4,
      "0000012222223333344",
      0,
      1,
      3
    ],
    [
      69728,
      4,
      "0000012222223333444",
      0,
      1,
      3
    ],
    [
      331872,
      5,
      "0000012222223333445",
      0,
      1,
      3
    ],
    [
      36960,
      4,
      "0000012222223334444",
      0,
      1,
      3
    ],
    [
      299104,
      5,
      "0000012222223334445",
      0,
      1,
      3
    ],
    [
      168032,
      5,
      "0000012222223334455",
      0,
      1,
      3
    ],
    [
      20576,
      4,
      "0000012222223344444",
      0,
      1,
      3
    ],
    [
      282720,
      5,
      "0000012222223344445",
      0,
      1,
      3
    ],
    [
      151648,
      5,
      "0000012222223344455",
      0,
      1,
      3
    ],
    [
      86112,
      5,
      "0000012222223344555",
      0,
      1,
      3
    ],
    [
      2144,
      3,
      "0000012222233333333",
      0,
      1,
      3
    ],
    [
      264288,
      4,
      "0000012222233333334",
      0,
      1,
      3
    ],
    [
      133216,
      4,
      "0000012222233333344",
      0,
      1,
      3
    ],
    [
      67680,
      4,
      "0000012222233333444",
      0,
      1,
      3
    ],
    [
      329824,
      5,
      "0000012222233333445",
      0,
      1,
      3
    ],
    [
      34912,
      4,
      "0000012222233334444",
      0,
      1,
      3
    ],
    [
      297056,
      5,
      "0000012222233334445",
      0,
      1,
      3
    ],
    [
      165984,
      5,
      "0000012222233334455",
      0,
      1,
      3
    ],
    [
      18528,
      4,
      "0000012222233344444",
      0,
      1,
      3
    ],
    [
      280672,
      5,
      "0000012222233344445",
      0,
      1,
      3
    ],
    [
      149600,
      5,
      "0000012222233344455",
      0,
      1,
      3
    ],
    [
      84064,
      5,
      "0000012222233344555",
      0,
      1,
      3
    ],
    [
      346208,
      6,
      "0000012222233344556",
      0,
      1,
      3
    ],
    [
      10336,
      4,
      "0000012222233444444",
      0,
      1,
      3
    ],
    [
      141408,
      5,
      "0000012222233444455",
      0,
      1,
      3
    ],
    [
      75872,
      5,
      "0000012222233444555",
      0,
      1,
      3
    ],
    [
      43104,
      5,
      "0000012222233445555",
      0,
      1,
      3
    ],
    [
      1120,
      3,
      "0000012222333333333",
      0,
      1,
      3
    ],
    [
      263264,
      4,
      "0000012222333333334",
      0,
      1,
      3
    ],
    [
      132192,
      4,
      "0000012222333333344",
      0,
      1,
      3
    ],
    [
      66656,
      4,
      "0000012222333333444",
      0,
      1,
      3
    ],
    [
      328800,
      5,
      "0000012222333333445",
      0,
      1,
      3
    ],
    [
      33888,
      4,
      "0000012222333334444",
      0,
      1,
      3
    ],
    [
      296032,
      5,
      "0000012222333334445",
      0,
      1,
      3
    ],
    [
      164960,
      5,
      "0000012222333334455",
      0,
      1,
      3
    ],
    [
      17504,
      4,
      "0000012222333344444",
      0,
      1,
      3
    ],
    [
      148576,
      5,
      "0000012222333344455",
      0,
      1,
      3
    ],
    [
      83040,
      5,
      "0000012222333344555",
      0,
      1,
      3
    ],
    [
      9312,
      4,
      "0000012222333444444",
      0,
      1,
      3
    ],
    [
      74848,
      5,
      "0000012222333444555",
      0,
      1,
      3
    ],
    [
      42080,
      5,
      "0000012222333445555",
      0,
      1,
      3
    ],
    [
      5216,
      4,
      "0000012222334444444",
      0,
      1,
      3
    ],
    [
      267360,
      5,
      "0000012222334444445",
      0,
      1,
      3
    ],
    [
      37984,
      5,
      "0000012222334445555",
      0,
      1,
      3
    ],
    [
      300128,
      6,
      "0000012222334445556",
      0,
      1,
      3
    ],
    [
      21600,
      5,
      "0000012222334455555",
      0,
      1,
      3
    ],
    [
      608,
      3,
      "0000012223333333333",
      0,
      1,
      3
    ],
    [
      262752,
      4,
      "0000012223333333334",
      0,
      1,
      3
    ],
    [
      131680,
      4,
      "0000012223333333344",
      0,
      1,
      3
    ],
    [
      66144,
      4,
      "0000012223333333444",
      0,
      1,
      3
    ],
    [
      328288,
      5,
      "0000012223333333445",
      0,
      1,
      3
    ],
    [
      33376,
      4,
      "0000012223333334444",
      0,
      1,
      3
    ],
    [
      164448,
      5,
      "0000012223333334455",
      0,
      1,
      3
    ],
    [
      16992,
      4,
      "0000012223333344444",
      0,
      1,
      3
    ],
    [
      82528,
      5,
      "0000012223333344555",
      0,
      1,
      3
    ],
    [
      8800,
      4,
      "0000012223333444444",
      0,
      1,
      3
    ],
    [
      270944,
      5,
      "0000012223333444445",
      0,
      1,
      3
    ],
    [
      41568,
      5,
      "0000012223333445555",
      0,
      1,
      3
    ],
    [
      4704,
      4,
      "0000012223334444444",
      0,
      1,
      3
    ],
    [
      266848,
      5,
      "0000012223334444445",
      0,
      1,
      3
    ],
    [
      135776,
      5,
      "0000012223334444455",
      0,
      1,
      3
    ],
    [
      21088,
      5,
      "0000012223334455555",
      0,
      1,
      3
    ],
    [
      2656,
      4,
      "0000012223344444444",
      0,
      1,
      3
    ],
    [
      264800,
      5,
      "0000012223344444445",
      0,
      1,
      3
    ],
    [
      133728,
      5,
      "0000012223344444455",
      0,
      1,
      3
    ],
    [
      68192,
      5,
      "0000012223344444555",
      0,
      1,
      3
    ],
    [
      10848,
      5,
      "0000012223344555555",
      0,
      1,
      3
    ],
    [
      352,
      3,
      "0000012233333333333",
      0,
      1,
      3
    ],
    [
      262496,
      4,
      "0000012233333333334",
      0,
      1,
      3
    ],
    [
      131424,
      4,
      "0000012233333333344",
      0,
      1,
      3
    ],
    [
      65888,
      4,
      "0000012233333333444",
      0,
      1,
      3
    ],
    [
      33120,
      4,
      "0000012233333334444",
      0,
      1,
      3
    ],
    [
      16736,
      4,
      "0000012233333344444",
      0,
      1,
      3
    ],
    [
      278880,
      5,
      "0000012233333344445",
      0,
      1,
      3
    ],
    [
      8544,
      4,
      "0000012233333444444",
      0,
      1,
      3
    ],
    [
      270688,
      5,
      "0000012233333444445",
      0,
      1,
      3
    ],
    [
      139616,
      5,
      "0000012233333444455",
      0,
      1,
      3
    ],
    [
      4448,
      4,
      "0000012233334444444",
      0,
      1,
      3
    ],
    [
      266592,
      5,
      "0000012233334444445",
      0,
      1,
      3
    ],
    [
      135520,
      5,
      "0000012233334444455",
      0,
      1,
      3
    ],
    [
      69984,
      5,
      "0000012233334444555",
      0,
      1,
      3
    ],
    [
      2400,
      4,
      "0000012233344444444",
      0,
      1,
      3
    ],
    [
      264544,
      5,
      "0000012233344444445",
      0,
      1,
      3
    ],
    [
      133472,
      5,
      "0000012233344444455",
      0,
      1,
      3
    ],
    [
      67936,
      5,
      "0000012233344444555",
      0,
      1,
      3
    ],
    [
      35168,
      5,
      "0000012233344445555",
      0,
      1,
      3
    ],
    [
      1376,
      4,
      "0000012233444444444",
      0,
      1,
      3
    ],
    [
      263520,
      5,
      "0000012233444444445",
      0,
      1,
      3
    ],
    [
      132448,
      5,
      "0000012233444444455",
      0,
      1,
      3
    ],
    [
      66912,
      5,
      "0000012233444444555",
      0,
      1,
      3
    ],
    [
      34144,
      5,
      "0000012233444445555",
      0,
      1,
      3
    ],
    [
      17760,
      5,
      "0000012233444455555",
      0,
      1,
      3
    ],
    [
      224,
      3,
      "0000012333333333333",
      0,
      1,
      3
    ],
    [
      262368,
      4,
      "0000012333333333334",
      0,
      1,
      3
    ],
    [
      131296,
      4,
      "0000012333333333344",
      0,
      1,
      3
    ],
    [
      65760,
      4,
      "0000012333333333444",
      0,
      1,
      3
    ],
    [
      32992,
      4,
      "0000012333333334444",
      0,
      1,
      3
    ],
    [
      295136,
      5,
      "0000012333333334445",
      0,
      1,
      3
    ],
    [
      16608,
      4,
      "0000012333333344444",
      0,
      1,
      3
    ],
    [
      278752,
      5,
      "0000012333333344445",
      0,
      1,
      3
    ],
    [
      147680,
      5,
      "0000012333333344455",
      0,
      1,
      3
    ],
    [
      8416,
      4,
      "0000012333333444444",
      0,
      1,
      3
    ],
    [
      270560,
      5,
      "0000012333333444445",
      0,
      1,
      3
    ],
    [
      139488,
      5,
      "0000012333333444455",
      0,
      1,
      3
    ],
    [
      73952,
      5,
      "0000012333333444555",
      0,
      1,
      3
    ],
    [
      4320,
      4,
      "0000012333334444444",
      0,
      1,
      3
    ],
    [
      266464,
      5,
      "0000012333334444445",
      0,
      1,
      3
    ],
    [
      135392,
      5,
      "0000012333334444455",
      0,
      1,
      3
    ],
    [
      69856,
      5,
      "0000012333334444555",
      0,
      1,
      3
    ],
    [
      37088,
      5,
      "0000012333334445555",
      0,
      1,
      3
    ],
    [
      299232,
      6,
      "0000012333334445556",
      0,
      1,
      3
    ],
    [
      2272,
      4,
      "0000012333344444444",
      0,
      1,
      3
    ],
    [
      264416,
      5,
      "0000012333344444445",
      0,
      1,
      3
    ],
    [
      133344,
      5,
      "0000012333344444455",
      0,
      1,
      3
    ],
    [
      67808,
      5,
      "0000012333344444555",
      0,
      1,
      3
    ],
    [
      35040,
      5,
      "0000012333344445555",
      0,
      1,
      3
    ],
    [
      297184,
      6,
      "0000012333344445556",
      0,
      1,
      3
    ],
    [
      18656,
      5,
      "0000012333344455555",
      0,
      1,
      3
    ],
    [
      149728,
      6,
      "0000012333344455566",
      0,
      1,
      3
    ],
    [
      1248,
      4,
      "0000012333444444444",
      0,
      1,
      3
    ],
    [
      263392,
      5,
      "0000012333444444445",
      0,
      1,
      3
    ],
    [
      132320,
      5,
      "0000012333444444455",
      0,
      1,
      3
    ],
    [
      66784,
      5,
      "0000012333444444555",
      0,
      1,
      3
    ],
    [
      34016,
      5,
      "0000012333444445555",
      0,
      1,
      3
    ],
    [
      17632,
      5,
      "0000012333444455555",
      0,
      1,
      3
    ],
    [
      9440,
      5,
      "0000012333444555555",
      0,
      1,
      3
    ],
    [
      736,
      4,
      "0000012334444444444",
      0,
      1,
      3
    ],
    [
      262880,
      5,
      "0000012334444444445",
      0,
      1,
      3
    ],
    [
      131808,
      5,
      "0000012334444444455",
      0,
      1,
      3
    ],
    [
      66272,
      5,
      "0000012334444444555",
      0,
      1,
      3
    ],
    [
      33504,
      5,
      "0000012334444445555",
      0,
      1,
      3
    ],
    [
      17120,
      5,
      "0000012334444455555",
      0,
      1,
      3
    ],
    [
      8928,
      5,
      "0000012334444555555",
      0,
      1,
      3
    ],
    [
      271072,
      6,
      "0000012334444555556",
      0,
      1,
      3
    ],
    [
      4832,
      5,
      "0000012334445555555",
      0,
      1,
      3
    ],
    [
      266976,
      6,
      "0000012334445555556",
      0,
      1,
      3
    ],
    [
      135904,
      6,
      "0000012334445555566",
      0,
      1,
      3
    ],
    [
      16,
      1,
      "0000111111111111111",
      0,
      1,
      1
    ],
    [
      262160,
      2,
      "0000111111111111112",
      0,
      1,
      1
    ],
    [
      131088,
      2,
      "0000111111111111122",
      0,
      1,
      1
    ],
    [
      393232,
      3,
      "0000111111111111123",
      0,
      1,
      1
    ],
    [
      65552,
      2,
      "0000111111111111222",
      0,
      1,
      1
    ],
    [
      327696,
      3,
      "0000111111111111223",
      0,
      1,
      1
    ],
    [
      196624,
      3,
      "0000111111111111233",
      0,
      1,
      1
    ],
    [
      458768,
      4,
      "0000111111111111234",
      0,
      1,
      1
    ],
    [
      32784,
      2,
      "0000111111111112222",
      0,
      1,
      1
    ],
    [
      294928,
      3,
      "0000111111111112223",
      0,
      1,
      1
    ],
    [
      163856,
      3,
      "0000111111111112233",
      0,
      1,
      1
    ],
    [
      426000,
      4,
      "0000111111111112234",
      0,
      1,
      1
    ],
    [
      98320,
      3,
      "0000111111111112333",
      0,
      1,
      1
    ],
    [
      360464,
      4,
      "0000111111111112334",
      0,
      1,
      1
    ],
    [
      229392,
      4,
      "0000111111111112344",
      0,
      1,
      1
    ],
    [
      16400,
      2,
      "0000111111111122222",
      0,
      1,
      1
    ],
    [
      278544,
      3,
      "0000111111111122223",
      0,
      1,
      1
    ],
    [
      147472,
      3,
      "0000111111111122233",
      0,
      1,
      1
    ],
    [
      409616,
      4,
      "0000111111111122234",
      0,
      1,
      1
    ],
    [
      81936,
      3,
      "0000111111111122333",
      0,
      1,
      1
    ],
    [
      344080,
      4,
      "0000111111111122334",
      0,
      1,
      1
    ],
    [
      213008,
      4,
      "0000111111111122344",
      0,
      1,
      1
    ],
    [
      475152,
      5,
      "0000111111111122345",
      0,
      1,
      1
    ],
    [
      49168,
      3,
      "0000111111111123333",
      0,
      1,
      1
    ],
    [
      311312,
      4,
      "0000111111111123334",
      0,
      1,
      1
    ],
    [
      180240,
      4,
      "0000111111111123344",
      0,
      1,
      1
    ],
    [
      114704,
      4,
      "0000111111111123444",
      0,
      1,
      1
    ],
    [
      376848,
      5,
      "0000111111111123445",
      0,
      1,
      1
    ],
    [
      8208,
      2,
      "0000111111111222222",
      0,
      1,
      1
    ],
    [
      270352,
      3,
      "0000111111111222223",
      0,
      1,
      1
    ],
    [
      139280,
      3,
      "0000111111111222233",
      0,
      1,
      1
    ],
    [
      401424,
      4,
      "0000111111111222234",
      0,
      1,
      1
    ],
    [
      73744,
      3,
      "0000111111111222333",
      0,
      1,
      1
    ],
    [
      335888,
      4,
      "0000111111111222334",
      0,
      1,
      1
    ],
    [
      204816,
      4,
      "0000111111111222344",
      0,
      1,
      1
    ],
    [
      466960,
      5,
      "0000111111111222345",
      0,
      1,
      1
    ],
    [
      40976,
      3,
      "0000111111111223333",
      0,
      1,
      1
    ],
    [
      303120,
      4,
      "0000111111111223334",
      0,
      1,
      1
    ],
    [
      172048,
      4,
      "0000111111111223344",
      0,
      1,
      1
    ],
    [
      434192,
      5,
      "0000111111111223345",
      0,
      1,
      1
    ],
    [
      106512,
      4,
      "0000111111111223444",
      0,
      1,
      1
    ],
    [
      237584,
      5,
      "0000111111111223455",
      0,
      1,
      1
    ],
    [
      24592,
      3,
      "0000111111111233333",
      0,
      1,
      1
    ],
    [
      286736,
      4,
      "0000111111111233334",
      0,
      1,
      1
    ],
    [
      155664,
      4,
      "0000111111111233344",
      0,
      1,
      1
    ],
    [
      90128,
      4,
      "0000111111111233444",
      0,
      1,
      1
    ],
    [
      352272,
      5,
      "0000111111111233445",
      0,
      1,
      1
    ],
    [
      57360,
      4,
      "0000111111111234444",
      0,
      1,
      1
    ],
    [
      319504,
      5,
      "0000111111111234445",
      0,
      1,
      1
    ],
    [
      188432,
      5,
      "0000111111111234455",
      0,
      1,
      1
    ],
    [
      4112,
      2,
      "0000111111112222222",
      0,
      1,
      1
    ],
    [
      266256,
      3,
      "0000111111112222223",
      0,
      1,
      1
    ],
    [
      135184,
      3,
      "0000111111112222233",
      0,
      1,
      1
    ],
    [
      397328,
      4,
      "0000111111112222234",
      0,
      1,
      1
    ],
    [
      69648,
      3,
      "0000111111112222333",
      0,
      1,
      1
    ],
    [
      331792,
      4,
      "0000111111112222334",
      0,
      1,
      1
    ],
    [
      200720,
      4,
      "0000111111112222344",
      0,
      1,
      1
    ],
    [
      462864,
      5,
      "0000111111112222345",
      0,
      1,
      1
    ],
    [
      36880,
      3,
      "0000111111112223333",
      0,
      1,
      1
    ],
    [
      299024,
      4,
      "0000111111112223334",
      0,
      1,
      1
    ],
    [
      167952,
      4,
      "0000111111112223344",
      0,
      1,
      1
    ],
    [
      430096,
      5,
      "0000111111112223345",
      0,
      1,
      1
    ],
    [
      102416,
      4,
      "0000111111112223444",
      0,
      1,
      1
    ],
    [
      364560,
      5,
      "0000111111112223445",
      0,
      1,
      1
    ],
    [
      233488,
      5,
      "0000111111112223455",
      0,
      1,
      1
    ],
    [
      20496,
      3,
      "0000111111112233333",
      0,
      1,
      1
    ],
    [
      282640,
      4,
      "0000111111112233334",
      0,
      1,
      1
    ],
    [
      151568,
      4,
      "0000111111112233344",
      0,
      1,
      1
    ],
    [
      413712,
      5,
      "0000111111112233345",
      0,
      1,
      1
    ],
    [
      86032,
      4,
      "0000111111112233444",
      0,
      1,
      1
    ],
    [
      217104,
      5,
      "0000111111112233455",
      0,
      1,
      1
    ],
    [
      53264,
      4,
      "0000111111112234444",
      0,
      1,
      1
    ],
    [
      315408,
      5,
      "0000111111112234445",
      0,
      1,
      1
    ],
    [
      118800,
      5,
      "0000111111112234555",
      0,
      1,
      1
    ],
    [
      12304,
      3,
      "0000111111112333333",
      0,
      1,
      1
    ],
    [
      274448,
      4,
      "0000111111112333334",
      0,
      1,
      1
    ],
    [
      143376,
      4,
      "0000111111112333344",
      0,
      1,
      1
    ],
    [
      77840,
      4,
      "0000111111112333444",
      0,
      1,
      1
    ],
    [
      339984,
      5,
      "0000111111112333445",
      0,
      1,
      1
    ],
    [
      45072,
      4,
      "0000111111112334444",
      0,
      1,
      1
    ],
    [
      307216,
      5,
      "0000111111112334445",
      0,
      1,
      1
    ],
    [
      176144,
      5,
      "0000111111112334455",
      0,
      1,
      1
    ],
    [
      28688,
      4,
      "0000111111112344444",
      0,
      1,
      1
    ],
    [
      290832,
      5,
      "0000111111112344445",
      0,
      1,
      1
    ],
    [
      159760,
      5,
      "0000111111112344455",
      0,
      1,
      1
    ],
    [
      94224,
      5,
      "0000111111112344555",
      0,
      1,
      1
    ],
    [
      2064,
      2,
      "0000111111122222222",
      0,
      1,
      1
    ],
    [
      264208,
      3,
      "0000111111122222223",
      0,
      1,
      1
    ],
    [
      133136,
      3,
      "0000111111122222233",
      0,
      1,
      1
    ],
    [
      395280,
      4,
      "0000111111122222234",
      0,
      1,
      1
    ],
    [
      67600,
      3,
      "0000111111122222333",
      0,
      1,
      1
    ],
    [
      329744,
      4,
      "0000111111122222334",
      0,
      1,
      1
    ],
    [
      198672,
      4,
      "0000111111122222344",
      0,
      1,
      1
    ],
    [
      460816,
      5,
      "0000111111122222345",
      0,
      1,
      1
    ],
    [
      34832,
      3,
      "0000111111122223333",
      0,
      1,
      1
    ],
    [
      296976,
      4,
      "0000111111122223334",
      0,
      1,
      1
    ],
    [
      165904,
      4,
      "0000111111122223344",
      0,
      1,
      1
    ],
    [
      428048,
      5,
      "0000111111122223345",
      0,
      1,
      1
    ],
    [
      100368,
      4,
      "0000111111122223444",
      0,
      1,
      1
    ],
    [
      362512,
      5,
      "0000111111122223445",
      0,
      1,
      1
    ],
    [
      231440,
      5,
      "0000111111122223455",
      0,
      1,
      1
    ],
    [
      18448,
      3,
      "0000111111122233333",
      0,
      1,
      1
    ],
    [
      280592,
      4,
      "0000111111122233334",
      0,
      1,
      1
    ],
    [
      149520,
      4,
      "0000111111122233344",
      0,
      1,
      1
    ],
    [
      411664,
      5,
      "0000111111122233345",
      0,
      1,
      1
    ],
    [
      83984,
      4,
      "0000111111122233444",
      0,
      1,
      1
    ],
    [
      346128,
      5,
      "0000111111122233445",
      0,
      1,
      1
    ],
    [
      215056,
      5,
      "0000111111122233455",
      0,
      1,
      1
    ],
    [
      477200,
      6,
      "0000111111122233456",
      0,
      1,
      1
    ],
    [
      51216,
      4,
      "0000111111122234444",
      0,
      1,
      1
    ],
    [
      182288,
      5,
      "0000111111122234455",
      0,
      1,
      1
    ],
    [
      116752,
      5,
      "0000111111122234555",
      0,
      1,
      1
    ],
    [
      10256,
      3,
      "0000111111122333333",
      0,
      1,
      1
    ],
    [
      272400,
      4,
      "0000111111122333334",
      0,
      1,
      1
    ],
    [
      141328,
      4,
      "0000111111122333344",
      0,
      1,
      1
    ],
    [
      403472,
      5,
      "0000111111122333345",
      0,
      1,
      1
    ],
    [
      75792,
      4,
      "0000111111122333444",
      0,
      1,
      1
    ],
    [
      206864,
      5,
      "0000111111122333455",
      0,
      1,
      1
    ],
    [
      43024,
      4,
      "0000111111122334444",
      0,
      1,
      1
    ],
    [
      305168,
      5,
      "0000111111122334445",
      0,
      1,
      1
    ],
    [
      108560,
      5,
      "0000111111122334555",
      0,
      1,
      1
    ],
    [
      26640,
      4,
      "0000111111122344444",
      0,
      1,
      1
    ],
    [
      288784,
      5,
      "0000111111122344445",
      0,
      1,
      1
    ],
    [
      157712,
      5,
      "0000111111122344455",
      0,
      1,
      1
    ],
    [
      59408,
      5,
      "0000111111122345555",
      0,
      1,
      1
    ],
    [
      6160,
      3,
      "0000111111123333333",
      0,
      1,
      1
    ],
    [
      268304,
      4,
      "0000111111123333334",
      0,
      1,
      1
    ],
    [
      137232,
      4,
      "0000111111123333344",
      0,
      1,
      1
    ],
    [
      71696,
      4,
      "0000111111123333444",
      0,
      1,
      1
    ],
    [
      333840,
      5,
      "0000111111123333445",
      0,
      1,
      1
    ],
    [
      38928,
      4,
      "0000111111123334444",
      0,
      1,
      1
    ],
    [
      301072,
      5,
      "0000111111123334445",
      0,
      1,
      1
    ],
    [
      170000,
      5,
      "0000111111123334455",
      0,
      1,
      1
    ],
    [
      22544,
      4,
      "0000111111123344444",
      0,
      1,
      1
    ],
    [
      284688,
      5,
      "0000111111123344445",
      0,
      1,
      1
    ],
    [
      153616,
      5,
      "0000111111123344455",
      0,
      1,
      1
    ],
    [
      88080,
      5,
      "0000111111123344555",
      0,
      1,
      1
    ],
    [
      14352,
      4,
      "0000111111123444444",
      0,
      1,
      1
    ],
    [
      276496,
      5,
      "0000111111123444445",
      0,
      1,
      1
    ],
    [
      145424,
      5,
      "0000111111123444455",
      0,
      1,
      1
    ],
    [
      79888,
      5,
      "0000111111123444555",
      0,
      1,
      1
    ],
    [
      47120,
      5,
      "0000111111123445555",
      0,
      1,
      1
    ],
    [
      309264,
      6,
      "0000111111123445556",
      0,
      1,
      1
    ],
    [
      1040,
      2,
      "0000111111222222222",
      0,
      1,
      1
    ],
    [
      263184,
      3,
      "0000111111222222223",
      0,
      1,
      1
    ],
    [
      132112,
      3,
      "0000111111222222233",
      0,
      1,
      1
    ],
    [
      394256,
      4,
      "0000111111222222234",
      0,
      1,
      1
    ],
    [
      66576,
      3,
      "0000111111222222333",
      0,
      1,
      1
    ],
    [
      328720,
      4,
      "0000111111222222334",
      0,
      1,
      1
    ],
    [
      197648,
      4,
      "0000111111222222344",
      0,
      1,
      1
    ],
    [
      459792,
      5,
      "0000111111222222345",
      0,
      1,
      1
    ],
    [
      33808,
      3,
      "0000111111222223333",
      0,
      1,
      1
    ],
    [
      295952,
      4,
      "0000111111222223334",
      0,
      1,
      1
    ],
    [
      164880,
      4,
      "0000111111222223344",
      0,
      1,
      1
    ],
    [
      427024,
      5,
      "0000111111222223345",
      0,
      1,
      1
    ],
    [
      99344,
      4,
      "0000111111222223444",
      0,
      1,
      1
    ],
    [
      361488,
      5,
      "0000111111222223445",
      0,
      1,
      1
    ],
    [
      230416,
      5,
      "0000111111222223455",
      0,
      1,
      1
    ],
    [
      17424,
      3,
      "0000111111222233333",
      0,
      1,
      1
    ],
    [
      279568,
      4,
      "0000111111222233334",
      0,
      1,
      1
    ],
    [
      148496,
      4,
      "0000111111222233344",
      0,
      1,
      1
    ],
    [
      410640,
      5,
      "0000111111222233345",
      0,
      1,
      1
    ],
    [
      82960,
      4,
      "0000111111222233444",
      0,
      1,
      1
    ],
    [
      345104,
      5,
      "0000111111222233445",
      0,
      1,
      1
    ],
    [
      214032,
      5,
      "0000111111222233455",
      0,
      1,
      1
    ],
    [
      476176,
      6,
      "0000111111222233456",
      0,
      1,
      1
    ],
    [
      50192,
      4,
      "0000111111222234444",
      0,
      1,
      1
    ],
    [
      312336,
      5,
      "0000111111222234445",
      0,
      1,
      1
    ],
    [
      181264,
      5,
      "0000111111222234455",
      0,
      1,
      1
    ],
    [
      115728,
      5,
      "0000111111222234555",
      0,
      1,
      1
    ],
    [
      377872,
      6,
      "0000111111222234556",
      0,
      1,
      1
    ],
    [
      9232,
      3,
      "0000111111222333333",
      0,
      1,
      1
    ],
    [
      271376,
      4,
      "0000111111222333334",
      0,
      1,
      1
    ],
    [
      140304,
      4,
      "0000111111222333344",
      0,
      1,
      1
    ],
    [
      402448,
      5,
      "0000111111222333345",
      0,
      1,
      1
    ],
    [
      74768,
      4,
      "0000111111222333444",
      0,
      1,
      1
    ],
    [
      336912,
      5,
      "0000111111222333445",
      0,
      1,
      1
    ],
    [
      205840,
      5,
      "0000111111222333455",
      0,
      1,
      1
    ],
    [
      467984,
      6,
      "0000111111222333456",
      0,
      1,
      1
    ],
    [
      42000,
      4,
      "0000111111222334444",
      0,
      1,
      1
    ],
    [
      173072,
      5,
      "0000111111222334455",
      0,
      1,
      1
    ],
    [
      107536,
      5,
      "0000111111222334555",
      0,
      1,
      1
    ],
    [
      238608,
      6,
      "0000111111222334566",
      0,
      1,
      1
    ],
    [
      25616,
      4,
      "0000111111222344444",
      0,
      1,
      1
    ],
    [
      287760,
      5,
      "0000111111222344445",
      0,
      1,
      1
    ],
    [
      91152,
      5,
      "0000111111222344555",
      0,
      1,
      1
    ],
    [
      353296,
      6,
      "0000111111222344556",
      0,
      1,
      1
    ],
    [
      58384,
      5,
      "0000111111222345555",
      0,
      1,
      1
    ],
    [
      5136,
      3,
      "0000111111223333333",
      0,
      1,
      1
    ],
    [
      136208,
      4,
      "0000111111223333344",
      0,
      1,
      1
    ],
    [
      70672,
      4,
      "0000111111223333444",
      0,
      1,
      1
    ],
    [
      201744,
      5,
      "0000111111223333455",
      0,
      1,
      1
    ],
    [
      37904,
      4,
      "0000111111223334444",
      0,
      1,
      1
    ],
    [
      103440,
      5,
      "0000111111223334555",
      0,
      1,
      1
    ],
    [
      21520,
      4,
      "0000111111223344444",
      0,
      1,
      1
    ],
    [
      152592,
      5,
      "0000111111223344455",
      0,
      1,
      1
    ],
    [
      54288,
      5,
      "0000111111223345555",
      0,
      1,
      1
    ],
    [
      13328,
      4,
      "0000111111223444444",
      0,
      1,
      1
    ],
    [
      144400,
      5,
      "0000111111223444455",
      0,
      1,
      1
    ],
    [
      78864,
      5,
      "0000111111223444555",
      0,
      1,
      1
    ],
    [
      29712,
      5,
      "0000111111223455555",
      0,
      1,
      1
    ],
    [
      3088,
      3,
      "0000111111233333333",
      0,
      1,
      1
    ],
    [
      265232,
      4,
      "0000111111233333334",
      0,
      1,
      1
    ],
    [
      68624,
      4,
      "0000111111233333444",
      0,
      1,
      1
    ],
    [
      330768,
      5,
      "0000111111233333445",
      0,
      1,
      1
    ],
    [
      35856,
      4,
      "0000111111233334444",
      0,
      1,
      1
    ],
    [
      298000,
      5,
      "0000111111233334445",
      0,
      1,
      1
    ],
    [
      19472,
      4,
      "0000111111233344444",
      0,
      1,
      1
    ],
    [
      281616,
      5,
      "0000111111233344445",
      0,
      1,
      1
    ],
    [
      85008,
      5,
      "0000111111233344555",
      0,
      1,
      1
    ],
    [
      347152,
      6,
      "0000111111233344556",
      0,
      1,
      1
    ],
    [
      11280,
      4,
      "0000111111233444444",
      0,
      1,
      1
    ],
    [
      273424,
      5,
      "0000111111233444445",
      0,
      1,
      1
    ],
    [
      76816,
      5,
      "0000111111233444555",
      0,
      1,
      1
    ],
    [
      44048,
      5,
      "0000111111233445555",
      0,
      1,
      1
    ],
    [
      7184,
      4,
      "0000111111234444444",
      0,
      1,
      1
    ],
    [
      72720,
      5,
      "0000111111234444555",
      0,
      1,
      1
    ],
    [
      39952,
      5,
      "0000111111234445555",
      0,
      1,
      1
    ],
    [
      23568,
      5,
      "0000111111234455555",
      0,
      1,
      1
    ],
    [
      528,
      2,
      "0000111112222222222",
      0,
      1,
      1
    ],
    [
      262672,
      3,
      "0000111112222222223",
      0,
      1,
      1
    ],
    [
      131600,
      3,
      "0000111112222222233",
      0,
      1,
      1
    ],
    [
      393744,
      4,
      "0000111112222222234",
      0,
      1,
      1
    ],
    [
      66064,
      3,
      "0000111112222222333",
      0,
      1,
      1
    ],
    [
      328208,
      4,
      "0000111112222222334",
      0,
      1,
      1
    ],
    [
      197136,
      4,
      "0000111112222222344",
      0,
      1,
      1
    ],
    [
      459280,
      5,
      "0000111112222222345",
      0,
      1,
      1
    ],
    [
      33296,
      3,
      "0000111112222223333",
      0,
      1,
      1
    ],
    [
      295440,
      4,
      "0000111112222223334",
      0,
      1,
      1
    ],
    [
      164368,
      4,
      "0000111112222223344",
      0,
      1,
      1
    ],
    [
      426512,
      5,
      "0000111112222223345",
      0,
      1,
      1
    ],
    [
      98832,
      4,
      "0000111112222223444",
      0,
      1,
      1
    ],
    [
      360976,
      5,
      "0000111112222223445",
      0,
      1,
      1
    ],
    [
      229904,
      5,
      "0000111112222223455",
      0,
      1,
      1
    ],
    [
      16912,
      3,
      "0000111112222233333",
      0,
      1,
      1
    ],
    [
      279056,
      4,
      "0000111112222233334",
      0,
      1,
      1
    ],
    [
      147984,
      4,
      "0000111112222233344",
      0,
      1,
      1
    ],
    [
      410128,
      5,
      "0000111112222233345",
      0,
      1,
      1
    ],
    [
      82448,
      4,
      "0000111112222233444",
      0,
      1,
      1
    ],
    [
      344592,
      5,
      "0000111112222233445",
      0,
      1,
      1
    ],
    [
      213520,
      5,
      "0000111112222233455",
      0,
      1,
      1
    ],
    [
      475664,
      6,
      "0000111112222233456",
      0,
      1,
      1
    ],
    [
      49680,
      4,
      "0000111112222234444",
      0,
      1,
      1
    ],
    [
      311824,
      5,
      "0000111112222234445",
      0,
      1,
      1
    ],
    [
      180752,
      5,
      "0000111112222234455",
      0,
      1,
      1
    ],
    [
      115216,
      5,
      "0000111112222234555",
      0,
      1,
      1
    ],
    [
      377360,
      6,
      "0000111112222234556",
      0,
      1,
      1
    ],
    [
      8720,
      3,
      "0000111112222333333",
      0,
      1,
      1
    ],
    [
      139792,
      4,
      "0000111112222333344",
      0,
      1,
      1
    ],
    [
      74256,
      4,
      "0000111112222333444",
      0,
      1,
      1
    ],
    [
      205328,
      5,
      "0000111112222333455",
      0,
      1,
      1
    ],
    [
      41488,
      4,
      "0000111112222334444",
      0,
      1,
      1
    ],
    [
      172560,
      5,
      "0000111112222334455",
      0,
      1,
      1
    ],
    [
      107024,
      5,
      "0000111112222334555",
      0,
      1,
      1
    ],
    [
      238096,
      6,
      "0000111112222334566",
      0,
      1,
      1
    ],
    [
      25104,
      4,
      "0000111112222344444",
      0,
      1,
      1
    ],
    [
      156176,
      5,
      "0000111112222344455",
      0,
      1,
      1
    ],
    [
      90640,
      5,
      "0000111112222344555",
      0,
      1,
      1
    ],
    [
      57872,
      5,
      "0000111112222345555",
      0,
      1,
      1
    ],
    [
      188944,
      6,
      "0000111112222345566",
      0,
      1,
      1
    ],
    [
      4624,
      3,
      "0000111112223333333",
      0,
      1,
      1
    ],
    [
      266768,
      4,
      "0000111112223333334",
      0,
      1,
      1
    ],
    [
      70160,
      4,
      "0000111112223333444",
      0,
      1,
      1
    ],
    [
      332304,
      5,
      "0000111112223333445",
      0,
      1,
      1
    ],
    [
      37392,
      4,
      "0000111112223334444",
      0,
      1,
      1
    ],
    [
      102928,
      5,
      "0000111112223334555",
      0,
      1,
      1
    ],
    [
      21008,
      4,
      "0000111112223344444",
      0,
      1,
      1
    ],
    [
      283152,
      5,
      "0000111112223344445",
      0,
      1,
      1
    ],
    [
      86544,
      5,
      "0000111112223344555",
      0,
      1,
      1
    ],
    [
      53776,
      5,
      "0000111112223345555",
      0,
      1,
      1
    ],
    [
      119312,
      6,
      "0000111112223345666",
      0,
      1,
      1
    ],
    [
      12816,
      4,
      "0000111112223444444",
      0,
      1,
      1
    ],
    [
      45584,
      5,
      "0000111112223445555",
      0,
      1,
      1
    ],
    [
      29200,
      5,
      "0000111112223455555",
      0,
      1,
      1
    ],
    [
      2576,
      3,
      "0000111112233333333",
      0,
      1,
      1
    ],
    [
      264720,
      4,
      "0000111112233333334",
      0,
      1,
      1
    ],
    [
      133648,
      4,
      "0000111112233333344",
      0,
      1,
      1
    ],
    [
      395792,
      5,
      "0000111112233333345",
      0,
      1,
      1
    ],
    [
      35344,
      4,
      "0000111112233334444",
      0,
      1,
      1
    ],
    [
      297488,
      5,
      "0000111112233334445",
      0,
      1,
      1
    ],
    [
      18960,
      4,
      "0000111112233344444",
      0,
      1,
      1
    ],
    [
      281104,
      5,
      "0000111112233344445",
      0,
      1,
      1
    ],
    [
      150032,
      5,
      "0000111112233344455",
      0,
      1,
      1
    ],
    [
      412176,
      6,
      "0000111112233344456",
      0,
      1,
      1
    ],
    [
      51728,
      5,
      "0000111112233345555",
      0,
      1,
      1
    ],
    [
      10768,
      4,
      "0000111112233444444",
      0,
      1,
      1
    ],
    [
      141840,
      5,
      "0000111112233444455",
      0,
      1,
      1
    ],
    [
      27152,
      5,
      "0000111112233455555",
      0,
      1,
      1
    ],
    [
      158224,
      6,
      "0000111112233455566",
      0,
      1,
      1
    ],
    [
      6672,
      4,
      "0000111112234444444",
      0,
      1,
      1
    ],
    [
      268816,
      5,
      "0000111112234444445",
      0,
      1,
      1
    ],
    [
      39440,
      5,
      "0000111112234445555",
      0,
      1,
      1
    ],
    [
      14864,
      5,
      "0000111112234555555",
      0,
      1,
      1
    ],
    [
      1552,
      3,
      "0000111112333333333",
      0,
      1,
      1
    ],
    [
      263696,
      4,
      "0000111112333333334",
      0,
      1,
      1
    ],
    [
      132624,
      4,
      "0000111112333333344",
      0,
      1,
      1
    ],
    [
      67088,
      4,
      "0000111112333333444",
      0,
      1,
      1
    ],
    [
      329232,
      5,
      "0000111112333333445",
      0,
      1,
      1
    ],
    [
      17936,
      4,
      "0000111112333344444",
      0,
      1,
      1
    ],
    [
      280080,
      5,
      "0000111112333344445",
      0,
      1,
      1
    ],
    [
      149008,
      5,
      "0000111112333344455",
      0,
      1,
      1
    ],
    [
      83472,
      5,
      "0000111112333344555",
      0,
      1,
      1
    ],
    [
      345616,
      6,
      "0000111112333344556",
      0,
      1,
      1
    ],
    [
      9744,
      4,
      "0000111112333444444",
      0,
      1,
      1
    ],
    [
      140816,
      5,
      "0000111112333444455",
      0,
      1,
      1
    ],
    [
      75280,
      5,
      "0000111112333444555",
      0,
      1,
      1
    ],
    [
      5648,
      4,
      "0000111112334444444",
      0,
      1,
      1
    ],
    [
      71184,
      5,
      "0000111112334444555",
      0,
      1,
      1
    ],
    [
      22032,
      5,
      "0000111112334455555",
      0,
      1,
      1
    ],
    [
      3600,
      4,
      "0000111112344444444",
      0,
      1,
      1
    ],
    [
      265744,
      5,
      "0000111112344444445",
      0,
      1,
      1
    ],
    [
      19984,
      5,
      "0000111112344455555",
      0,
      1,
      1
    ],
    [
      282128,
      6,
      "0000111112344455556",
      0,
      1,
      1
    ],
    [
      11792,
      5,
      "0000111112344555555",
      0,
      1,
      1
    ],
    [
      272,
      2,
      "0000111122222222222",
      0,
      1,
      1
    ],
    [
      262416,
      3,
      "0000111122222222223",
      0,
      1,
      1
    ],
    [
      131344,
      3,
      "0000111122222222233",
      0,
      1,
      1
    ],
    [
      393488,
      4,
      "0000111122222222234",
      0,
      1,
      1
    ],
    [
      65808,
      3,
      "0000111122222222333",
      0,
      1,
      1
    ],
    [
      327952,
      4,
      "0000111122222222334",
      0,
      1,
      1
    ],
    [
      196880,
      4,
      "0000111122222222344",
      0,
      1,
      1
    ],
    [
      459024,
      5,
      "0000111122222222345",
      0,
      1,
      1
    ],
    [
      33040,
      3,
      "0000111122222223333",
      0,
      1,
      1
    ],
    [
      295184,
      4,
      "0000111122222223334",
      0,
      1,
      1
    ],
    [
      164112,
      4,
      "0000111122222223344",
      0,
      1,
      1
    ],
    [
      426256,
      5,
      "0000111122222223345",
      0,
      1,
      1
    ],
    [
      98576,
      4,
      "0000111122222223444",
      0,
      1,
      1
    ],
    [
      360720,
      5,
      "0000111122222223445",
      0,
      1,
      1
    ],
    [
      229648,
      5,
      "0000111122222223455",
      0,
      1,
      1
    ],
    [
      16656,
      3,
      "0000111122222233333",
      0,
      1,
      1
    ],
    [
      147728,
      4,
      "0000111122222233344",
      0,
      1,
      1
    ],
    [
      82192,
      4,
      "0000111122222233444",
      0,
      1,
      1
    ],
    [
      213264,
      5,
      "0000111122222233455",
      0,
      1,
      1
    ],
    [
      49424,
      4,
      "0000111122222234444",
      0,
      1,
      1
    ],
    [
      180496,
      5,
      "0000111122222234455",
      0,
      1,
      1
    ],
    [
      114960,
      5,
      "0000111122222234555",
      0,
      1,
      1
    ],
    [
      8464,
      3,
      "0000111122222333333",
      0,
      1,
      1
    ],
    [
      270608,
      4,
      "0000111122222333334",
      0,
      1,
      1
    ],
    [
      74000,
      4,
      "0000111122222333444",
      0,
      1,
      1
    ],
    [
      336144,
      5,
      "0000111122222333445",
      0,
      1,
      1
    ],
    [
      41232,
      4,
      "0000111122222334444",
      0,
      1,
      1
    ],
    [
      303376,
      5,
      "0000111122222334445",
      0,
      1,
      1
    ],
    [
      106768,
      5,
      "0000111122222334555",
      0,
      1,
      1
    ],
    [
      24848,
      4,
      "0000111122222344444",
      0,
      1,
      1
    ],
    [
      90384,
      5,
      "0000111122222344555",
      0,
      1,
      1
    ],
    [
      57616,
      5,
      "0000111122222345555",
      0,
      1,
      1
    ],
    [
      4368,
      3,
      "0000111122223333333",
      0,
      1,
      1
    ],
    [
      266512,
      4,
      "0000111122223333334",
      0,
      1,
      1
    ],
    [
      135440,
      4,
      "0000111122223333344",
      0,
      1,
      1
    ],
    [
      397584,
      5,
      "0000111122223333345",
      0,
      1,
      1
    ],
    [
      37136,
      4,
      "0000111122223334444",
      0,
      1,
      1
    ],
    [
      299280,
      5,
      "0000111122223334445",
      0,
      1,
      1
    ],
    [
      168208,
      5,
      "0000111122223334455",
      0,
      1,
      1
    ],
    [
      430352,
      6,
      "0000111122223334456",
      0,
      1,
      1
    ],
    [
      20752,
      4,
      "0000111122223344444",
      0,
      1,
      1
    ],
    [
      151824,
      5,
      "0000111122223344455",
      0,
      1,
      1
    ],
    [
      53520,
      5,
      "0000111122223345555",
      0,
      1,
      1
    ],
    [
      12560,
      4,
      "0000111122223444444",
      0,
      1,
      1
    ],
    [
      274704,
      5,
      "0000111122223444445",
      0,
      1,
      1
    ],
    [
      45328,
      5,
      "0000111122223445555",
      0,
      1,
      1
    ],
    [
      307472,
      6,
      "0000111122223445556",
      0,
      1,
      1
    ],
    [
      28944,
      5,
      "0000111122223455555",
      0,
      1,
      1
    ],
    [
      2320,
      3,
      "0000111122233333333",
      0,
      1,
      1
    ],
    [
      264464,
      4,
      "0000111122233333334",
      0,
      1,
      1
    ],
    [
      133392,
      4,
      "0000111122233333344",
      0,
      1,
      1
    ],
    [
      395536,
      5,
      "0000111122233333345",
      0,
      1,
      1
    ],
    [
      67856,
      4,
      "0000111122233333444",
      0,
      1,
      1
    ],
    [
      330000,
      5,
      "0000111122233333445",
      0,
      1,
      1
    ],
    [
      198928,
      5,
      "0000111122233333455",
      0,
      1,
      1
    ],
    [
      461072,
      6,
      "0000111122233333456",
      0,
      1,
      1
    ],
    [
      18704,
      4,
      "0000111122233344444",
      0,
      1,
      1
    ],
    [
      84240,
      5,
      "0000111122233344555",
      0,
      1,
      1
    ],
    [
      10512,
      4,
      "0000111122233444444",
      0,
      1,
      1
    ],
    [
      272656,
      5,
      "0000111122233444445",
      0,
      1,
      1
    ],
    [
      26896,
      5,
      "0000111122233455555",
      0,
      1,
      1
    ],
    [
      6416,
      4,
      "0000111122234444444",
      0,
      1,
      1
    ],
    [
      268560,
      5,
      "0000111122234444445",
      0,
      1,
      1
    ],
    [
      137488,
      5,
      "0000111122234444455",
      0,
      1,
      1
    ],
    [
      22800,
      5,
      "0000111122234455555",
      0,
      1,
      1
    ],
    [
      14608,
      5,
      "0000111122234555555",
      0,
      1,
      1
    ],
    [
      276752,
      6,
      "0000111122234555556",
      0,
      1,
      1
    ],
    [
      1296,
      3,
      "0000111122333333333",
      0,
      1,
      1
    ],
    [
      263440,
      4,
      "0000111122333333334",
      0,
      1,
      1
    ],
    [
      132368,
      4,
      "0000111122333333344",
      0,
      1,
      1
    ],
    [
      394512,
      5,
      "0000111122333333345",
      0,
      1,
      1
    ],
    [
      66832,
      4,
      "0000111122333333444",
      0,
      1,
      1
    ],
    [
      197904,
      5,
      "0000111122333333455",
      0,
      1,
      1
    ],
    [
      34064,
      4,
      "0000111122333334444",
      0,
      1,
      1
    ],
    [
      296208,
      5,
      "0000111122333334445",
      0,
      1,
      1
    ],
    [
      99600,
      5,
      "0000111122333334555",
      0,
      1,
      1
    ],
    [
      9488,
      4,
      "0000111122333444444",
      0,
      1,
      1
    ],
    [
      271632,
      5,
      "0000111122333444445",
      0,
      1,
      1
    ],
    [
      75024,
      5,
      "0000111122333444555",
      0,
      1,
      1
    ],
    [
      5392,
      4,
      "0000111122334444444",
      0,
      1,
      1
    ],
    [
      136464,
      5,
      "0000111122334444455",
      0,
      1,
      1
    ],
    [
      38160,
      5,
      "0000111122334445555",
      0,
      1,
      1
    ],
    [
      13584,
      5,
      "0000111122334555555",
      0,
      1,
      1
    ],
    [
      3344,
      4,
      "0000111122344444444",
      0,
      1,
      1
    ],
    [
      265488,
      5,
      "0000111122344444445",
      0,
      1,
      1
    ],
    [
      68880,
      5,
      "0000111122344444555",
      0,
      1,
      1
    ],
    [
      7440,
      5,
      "0000111122345555555",
      0,
      1,
      1
    ],
    [
      784,
      3,
      "0000111123333333333",
      0,
      1,
      1
    ],
    [
      262928,
      4,
      "0000111123333333334",
      0,
      1,
      1
    ],
    [
      131856,
      4,
      "0000111123333333344",
      0,
      1,
      1
    ],
    [
      66320,
      4,
      "0000111123333333444",
      0,
      1,
      1
    ],
    [
      328464,
      5,
      "0000111123333333445",
      0,
      1,
      1
    ],
    [
      33552,
      4,
      "0000111123333334444",
      0,
      1,
      1
    ],
    [
      295696,
      5,
      "0000111123333334445",
      0,
      1,
      1
    ],
    [
      164624,
      5,
      "0000111123333334455",
      0,
      1,
      1
    ],
    [
      17168,
      4,
      "0000111123333344444",
      0,
      1,
      1
    ],
    [
      148240,
      5,
      "0000111123333344455",
      0,
      1,
      1
    ],
    [
      82704,
      5,
      "0000111123333344555",
      0,
      1,
      1
    ],
    [
      4880,
      4,
      "0000111123334444444",
      0,
      1,
      1
    ],
    [
      267024,
      5,
      "0000111123334444445",
      0,
      1,
      1
    ],
    [
      37648,
      5,
      "0000111123334445555",
      0,
      1,
      1
    ],
    [
      21264,
      5,
      "0000111123334455555",
      0,
      1,
      1
    ],
    [
      2832,
      4,
      "0000111123344444444",
      0,
      1,
      1
    ],
    [
      264976,
      5,
      "0000111123344444445",
      0,
      1,
      1
    ],
    [
      133904,
      5,
      "0000111123344444455",
      0,
      1,
      1
    ],
    [
      19216,
      5,
      "0000111123344455555",
      0,
      1,
      1
    ],
    [
      1808,
      4,
      "0000111123444444444",
      0,
      1,
      1
    ],
    [
      263952,
      5,
      "0000111123444444445",
      0,
      1,
      1
    ],
    [
      132880,
      5,
      "0000111123444444455",
      0,
      1,
      1
    ],
    [
      67344,
      5,
      "0000111123444444555",
      0,
      1,
      1
    ],
    [
      5904,
      5,
      "0000111123445555555",
      0,
      1,
      1
    ],
    [
      144,
      2,
      "0000111222222222222",
      0,
      1,
      1
    ],
    [
      262288,
      3,
      "0000111222222222223",
      0,
      1,
      1
    ],
    [
      131216,
      3,
      "0000111222222222233",
      0,
      1,
      1
    ],
    [
      393360,
      4,
      "0000111222222222234",
      0,
      1,
      1
    ],
    [
      65680,
      3,
      "0000111222222222333",
      0,
      1,
      1
    ],
    [
      327824,
      4,
      "0000111222222222334",
      0,
      1,
      1
    ],
    [
      196752,
      4,
      "0000111222222222344",
      0,
      1,
      1
    ],
    [
      458896,
      5,
      "0000111222222222345",
      0,
      1,
      1
    ],
    [
      32912,
      3,
      "0000111222222223333",
      0,
      1,
      1
    ],
    [
      163984,
      4,
      "0000111222222223344",
      0,
      1,
      1
    ],
    [
      98448,
      4,
      "0000111222222223444",
      0,
      1,
      1
    ],
    [
      229520,
      5,
      "0000111222222223455",
      0,
      1,
      1
    ],
    [
      16528,
      3,
      "0000111222222233333",
      0,
      1,
      1
    ],
    [
      278672,
      4,
      "0000111222222233334",
      0,
      1,
      1
    ],
    [
      82064,
      4,
      "0000111222222233444",
      0,
      1,
      1
    ],
    [
      344208,
      5,
      "0000111222222233445",
      0,
      1,
      1
    ],
    [
      49296,
      4,
      "0000111222222234444",
      0,
      1,
      1
    ],
    [
      114832,
      5,
      "0000111222222234555",
      0,
      1,
      1
    ],
    [
      8336,
      3,
      "0000111222222333333",
      0,
      1,
      1
    ],
    [
      270480,
      4,
      "0000111222222333334",
      0,
      1,
      1
    ],
    [
      139408,
      4,
      "0000111222222333344",
      0,
      1,
      1
    ],
    [
      401552,
      5,
      "0000111222222333345",
      0,
      1,
      1
    ],
    [
      41104,
      4,
      "0000111222222334444",
      0,
      1,
      1
    ],
    [
      172176,
      5,
      "0000111222222334455",
      0,
      1,
      1
    ],
    [
      24720,
      4,
      "0000111222222344444",
      0,
      1,
      1
    ],
    [
      286864,
      5,
      "0000111222222344445",
      0,
      1,
      1
    ],
    [
      57488,
      5,
      "0000111222222345555",
      0,
      1,
      1
    ],
    [
      4240,
      3,
      "0000111222223333333",
      0,
      1,
      1
    ],
    [
      266384,
      4,
      "0000111222223333334",
      0,
      1,
      1
    ],
    [
      135312,
      4,
      "0000111222223333344",
      0,
      1,
      1
    ],
    [
      397456,
      5,
      "0000111222223333345",
      0,
      1,
      1
    ],
    [
      69776,
      4,
      "0000111222223333444",
      0,
      1,
      1
    ],
    [
      331920,
      5,
      "0000111222223333445",
      0,
      1,
      1
    ],
    [
      200848,
      5,
      "0000111222223333455",
      0,
      1,
      1
    ],
    [
      462992,
      6,
      "0000111222223333456",
      0,
      1,
      1
    ],
    [
      20624,
      4,
      "0000111222223344444",
      0,
      1,
      1
    ],
    [
      282768,
      5,
      "0000111222223344445",
      0,
      1,
      1
    ],
    [
      86160,
      5,
      "0000111222223344555",
      0,
      1,
      1
    ],
    [
      12432,
      4,
      "0000111222223444444",
      0,
      1,
      1
    ],
    [
      143504,
      5,
      "0000111222223444455",
      0,
      1,
      1
    ],
    [
      28816,
      5,
      "0000111222223455555",
      0,
      1,
      1
    ],
    [
      2192,
      3,
      "0000111222233333333",
      0,
      1,
      1
    ],
    [
      264336,
      4,
      "0000111222233333334",
      0,
      1,
      1
    ],
    [
      133264,
      4,
      "0000111222233333344",
      0,
      1,
      1
    ],
    [
      395408,
      5,
      "0000111222233333345",
      0,
      1,
      1
    ],
    [
      67728,
      4,
      "0000111222233333444",
      0,
      1,
      1
    ],
    [
      329872,
      5,
      "0000111222233333445",
      0,
      1,
      1
    ],
    [
      198800,
      5,
      "0000111222233333455",
      0,
      1,
      1
    ],
    [
      460944,
      6,
      "0000111222233333456",
      0,
      1,
      1
    ],
    [
      34960,
      4,
      "0000111222233334444",
      0,
      1,
      1
    ],
    [
      166032,
      5,
      "0000111222233334455",
      0,
      1,
      1
    ],
    [
      100496,
      5,
      "0000111222233334555",
      0,
      1,
      1
    ],
    [
      231568,
      6,
      "0000111222233334566",
      0,
      1,
      1
    ],
    [
      10384,
      4,
      "0000111222233444444",
      0,
      1,
      1
    ],
    [
      272528,
      5,
      "0000111222233444445",
      0,
      1,
      1
    ],
    [
      43152,
      5,
      "0000111222233445555",
      0,
      1,
      1
    ],
    [
      6288,
      4,
      "0000111222234444444",
      0,
      1,
      1
    ],
    [
      268432,
      5,
      "0000111222234444445",
      0,
      1,
      1
    ],
    [
      137360,
      5,
      "0000111222234444455",
      0,
      1,
      1
    ],
    [
      14480,
      5,
      "0000111222234555555",
      0,
      1,
      1
    ],
    [
      1168,
      3,
      "0000111222333333333",
      0,
      1,
      1
    ],
    [
      263312,
      4,
      "0000111222333333334",
      0,
      1,
      1
    ],
    [
      132240,
      4,
      "0000111222333333344",
      0,
      1,
      1
    ],
    [
      394384,
      5,
      "0000111222333333345",
      0,
      1,
      1
    ],
    [
      66704,
      4,
      "0000111222333333444",
      0,
      1,
      1
    ],
    [
      328848,
      5,
      "0000111222333333445",
      0,
      1,
      1
    ],
    [
      197776,
      5,
      "0000111222333333455",
      0,
      1,
      1
    ],
    [
      459920,
      6,
      "0000111222333333456",
      0,
      1,
      1
    ],
    [
      33936,
      4,
      "0000111222333334444",
      0,
      1,
      1
    ],
    [
      165008,
      5,
      "0000111222333334455",
      0,
      1,
      1
    ],
    [
      99472,
      5,
      "0000111222333334555",
      0,
      1,
      1
    ],
    [
      230544,
      6,
      "0000111222333334566",
      0,
      1,
      1
    ],
    [
      17552,
      4,
      "0000111222333344444",
      0,
      1,
      1
    ],
    [
      279696,
      5,
      "0000111222333344445",
      0,
      1,
      1
    ],
    [
      83088,
      5,
      "0000111222333344555",
      0,
      1,
      1
    ],
    [
      345232,
      6,
      "0000111222333344556",
      0,
      1,
      1
    ],
    [
      50320,
      5,
      "0000111222333345555",
      0,
      1,
      1
    ],
    [
      115856,
      6,
      "0000111222333345666",
      0,
      1,
      1
    ],
    [
      5264,
      4,
      "0000111222334444444",
      0,
      1,
      1
    ],
    [
      136336,
      5,
      "0000111222334444455",
      0,
      1,
      1
    ],
    [
      70800,
      5,
      "0000111222334444555",
      0,
      1,
      1
    ],
    [
      201872,
      6,
      "0000111222334444566",
      0,
      1,
      1
    ],
    [
      21648,
      5,
      "0000111222334455555",
      0,
      1,
      1
    ],
    [
      3216,
      4,
      "0000111222344444444",
      0,
      1,
      1
    ],
    [
      265360,
      5,
      "0000111222344444445",
      0,
      1,
      1
    ],
    [
      68752,
      5,
      "0000111222344444555",
      0,
      1,
      1
    ],
    [
      330896,
      6,
      "0000111222344444556",
      0,
      1,
      1
    ],
    [
      35984,
      5,
      "0000111222344445555",
      0,
      1,
      1
    ],
    [
      7312,
      5,
      "0000111222345555555",
      0,
      1,
      1
    ],
    [
      656,
      3,
      "0000111223333333333",
      0,
      1,
      1
    ],
    [
      262800,
      4,
      "0000111223333333334",
      0,
      1,
      1
    ],
    [
      131728,
      4,
      "0000111223333333344",
      0,
      1,
      1
    ],
    [
      393872,
      5,
      "0000111223333333345",
      0,
      1,
      1
    ],
    [
      66192,
      4,
      "0000111223333333444",
      0,
      1,
      1
    ],
    [
      197264,
      5,
      "0000111223333333455",
      0,
      1,
      1
    ],
    [
      33424,
      4,
      "0000111223333334444",
      0,
      1,
      1
    ],
    [
      98960,
      5,
      "0000111223333334555",
      0,
      1,
      1
    ],
    [
      17040,
      4,
      "0000111223333344444",
      0,
      1,
      1
    ],
    [
      279184,
      5,
      "0000111223333344445",
      0,
      1,
      1
    ],
    [
      49808,
      5,
      "0000111223333345555",
      0,
      1,
      1
    ],
    [
      8848,
      4,
      "0000111223333444444",
      0,
      1,
      1
    ],
    [
      139920,
      5,
      "0000111223333444455",
      0,
      1,
      1
    ],
    [
      25232,
      5,
      "0000111223333455555",
      0,
      1,
      1
    ],
    [
      2704,
      4,
      "0000111223344444444",
      0,
      1,
      1
    ],
    [
      264848,
      5,
      "0000111223344444445",
      0,
      1,
      1
    ],
    [
      133776,
      5,
      "0000111223344444455",
      0,
      1,
      1
    ],
    [
      395920,
      6,
      "0000111223344444456",
      0,
      1,
      1
    ],
    [
      35472,
      5,
      "0000111223344445555",
      0,
      1,
      1
    ],
    [
      1680,
      4,
      "0000111223444444444",
      0,
      1,
      1
    ],
    [
      263824,
      5,
      "0000111223444444445",
      0,
      1,
      1
    ],
    [
      132752,
      5,
      "0000111223444444455",
      0,
      1,
      1
    ],
    [
      67216,
      5,
      "0000111223444444555",
      0,
      1,
      1
    ],
    [
      18064,
      5,
      "0000111223444455555",
      0,
      1,
      1
    ],
    [
      280208,
      6,
      "0000111223444455556",
      0,
      1,
      1
    ],
    [
      3728,
      5,
      "0000111223455555555",
      0,
      1,
      1
    ],
    [
      265872,
      6,
      "0000111223455555556",
      0,
      1,
      1
    ],
    [
      400,
      3,
      "0000111233333333333",
      0,
      1,
      1
    ],
    [
      262544,
      4,
      "0000111233333333334",
      0,
      1,
      1
    ],
    [
      131472,
      4,
      "0000111233333333344",
      0,
      1,
      1
    ],
    [
      65936,
      4,
      "0000111233333333444",
      0,
      1,
      1
    ],
    [
      328080,
      5,
      "0000111233333333445",
      0,
      1,
      1
    ],
    [
      33168,
      4,
      "0000111233333334444",
      0,
      1,
      1
    ],
    [
      164240,
      5,
      "0000111233333334455",
      0,
      1,
      1
    ],
    [
      16784,
      4,
      "0000111233333344444",
      0,
      1,
      1
    ],
    [
      82320,
      5,
      "0000111233333344555",
      0,
      1,
      1
    ],
    [
      8592,
      4,
      "0000111233333444444",
      0,
      1,
      1
    ],
    [
      270736,
      5,
      "0000111233333444445",
      0,
      1,
      1
    ],
    [
      41360,
      5,
      "0000111233333445555",
      0,
      1,
      1
    ],
    [
      4496,
      4,
      "0000111233334444444",
      0,
      1,
      1
    ],
    [
      266640,
      5,
      "0000111233334444445",
      0,
      1,
      1
    ],
    [
      135568,
      5,
      "0000111233334444455",
      0,
      1,
      1
    ],
    [
      20880,
      5,
      "0000111233334455555",
      0,
      1,
      1
    ],
    [
      1424,
      4,
      "0000111233444444444",
      0,
      1,
      1
    ],
    [
      263568,
      5,
      "0000111233444444445",
      0,
      1,
      1
    ],
    [
      132496,
      5,
      "0000111233444444455",
      0,
      1,
      1
    ],
    [
      66960,
      5,
      "0000111233444444555",
      0,
      1,
      1
    ],
    [
      34192,
      5,
      "0000111233444445555",
      0,
      1,
      1
    ],
    [
      5520,
      5,
      "0000111233445555555",
      0,
      1,
      1
    ],
    [
      136592,
      6,
      "0000111233445555566",
      0,
      1,
      1
    ],
    [
      912,
      4,
      "0000111234444444444",
      0,
      1,
      1
    ],
    [
      263056,
      5,
      "0000111234444444445",
      0,
      1,
      1
    ],
    [
      131984,
      5,
      "0000111234444444455",
      0,
      1,
      1
    ],
    [
      66448,
      5,
      "0000111234444444555",
      0,
      1,
      1
    ],
    [
      33680,
      5,
      "0000111234444445555",
      0,
      1,
      1
    ],
    [
      17296,
      5,
      "0000111234444455555",
      0,
      1,
      1
    ],
    [
      80,
      2,
      "0000112222222222222",
      0,
      1,
      1
    ],
    [
      262224,
      3,
      "0000112222222222223",
      0,
      1,
      1
    ],
    [
      131152,
      3,
      "0000112222222222233",
      0,
      1,
      1
    ],
    [
      393296,
      4,
      "0000112222222222234",
      0,
      1,
      1
    ],
    [
      65616,
      3,
      "0000112222222222333",
      0,
      1,
      1
    ],
    [
      196688,
      4,
      "0000112222222222344",
      0,
      1,
      1
    ],
    [
      32848,
      3,
      "0000112222222223333",
      0,
      1,
      1
    ],
    [
      294992,
      4,
      "0000112222222223334",
      0,
      1,
      1
    ],
    [
      98384,
      4,
      "0000112222222223444",
      0,
      1,
      1
    ],
    [
      16464,
      3,
      "0000112222222233333",
      0,
      1,
      1
    ],
    [
      278608,
      4,
      "0000112222222233334",
      0,
      1,
      1
    ],
    [
      147536,
      4,
      "0000112222222233344",
      0,
      1,
      1
    ],
    [
      409680,
      5,
      "0000112222222233345",
      0,
      1,
      1
    ],
    [
      49232,
      4,
      "0000112222222234444",
      0,
      1,
      1
    ],
    [
      311376,
      5,
      "0000112222222234445",
      0,
      1,
      1
    ],
    [
      8272,
      3,
      "0000112222222333333",
      0,
      1,
      1
    ],
    [
      270416,
      4,
      "0000112222222333334",
      0,
      1,
      1
    ],
    [
      139344,
      4,
      "0000112222222333344",
      0,
      1,
      1
    ],
    [
      401488,
      5,
      "0000112222222333345",
      0,
      1,
      1
    ],
    [
      73808,
      4,
      "0000112222222333444",
      0,
      1,
      1
    ],
    [
      204880,
      5,
      "0000112222222333455",
      0,
      1,
      1
    ],
    [
      24656,
      4,
      "0000112222222344444",
      0,
      1,
      1
    ],
    [
      286800,
      5,
      "0000112222222344445",
      0,
      1,
      1
    ],
    [
      155728,
      5,
      "0000112222222344455",
      0,
      1,
      1
    ],
    [
      4176,
      3,
      "0000112222223333333",
      0,
      1,
      1
    ],
    [
      266320,
      4,
      "0000112222223333334",
      0,
      1,
      1
    ],
    [
      135248,
      4,
      "0000112222223333344",
      0,
      1,
      1
    ],
    [
      397392,
      5,
      "0000112222223333345",
      0,
      1,
      1
    ],
    [
      69712,
      4,
      "0000112222223333444",
      0,
      1,
      1
    ],
    [
      200784,
      5,
      "0000112222223333455",
      0,
      1,
      1
    ],
    [
      36944,
      4,
      "0000112222223334444",
      0,
      1,
      1
    ],
    [
      299088,
      5,
      "0000112222223334445",
      0,
      1,
      1
    ],
    [
      102480,
      5,
      "0000112222223334555",
      0,
      1,
      1
    ],
    [
      12368,
      4,
      "0000112222223444444",
      0,
      1,
      1
    ],
    [
      274512,
      5,
      "0000112222223444445",
      0,
      1,
      1
    ],
    [
      143440,
      5,
      "0000112222223444455",
      0,
      1,
      1
    ],
    [
      77904,
      5,
      "0000112222223444555",
      0,
      1,
      1
    ],
    [
      2128,
      3,
      "0000112222233333333",
      0,
      1,
      1
    ],
    [
      264272,
      4,
      "0000112222233333334",
      0,
      1,
      1
    ],
    [
      133200,
      4,
      "0000112222233333344",
      0,
      1,
      1
    ],
    [
      395344,
      5,
      "0000112222233333345",
      0,
      1,
      1
    ],
    [
      67664,
      4,
      "0000112222233333444",
      0,
      1,
      1
    ],
    [
      198736,
      5,
      "0000112222233333455",
      0,
      1,
      1
    ],
    [
      34896,
      4,
      "0000112222233334444",
      0,
      1,
      1
    ],
    [
      297040,
      5,
      "0000112222233334445",
      0,
      1,
      1
    ],
    [
      100432,
      5,
      "0000112222233334555",
      0,
      1,
      1
    ],
    [
      18512,
      4,
      "0000112222233344444",
      0,
      1,
      1
    ],
    [
      280656,
      5,
      "0000112222233344445",
      0,
      1,
      1
    ],
    [
      149584,
      5,
      "0000112222233344455",
      0,
      1,
      1
    ],
    [
      411728,
      6,
      "0000112222233344456",
      0,
      1,
      1
    ],
    [
      51280,
      5,
      "0000112222233345555",
      0,
      1,
      1
    ],
    [
      6224,
      4,
      "0000112222234444444",
      0,
      1,
      1
    ],
    [
      268368,
      5,
      "0000112222234444445",
      0,
      1,
      1
    ],
    [
      71760,
      5,
      "0000112222234444555",
      0,
      1,
      1
    ],
    [
      38992,
      5,
      "0000112222234445555",
      0,
      1,
      1
    ],
    [
      301136,
      6,
      "0000112222234445556",
      0,
      1,
      1
    ],
    [
      1104,
      3,
      "0000112222333333333",
      0,
      1,
      1
    ],
    [
      263248,
      4,
      "0000112222333333334",
      0,
      1,
      1
    ],
    [
      132176,
      4,
      "0000112222333333344",
      0,
      1,
      1
    ],
    [
      394320,
      5,
      "0000112222333333345",
      0,
      1,
      1
    ],
    [
      66640,
      4,
      "0000112222333333444",
      0,
      1,
      1
    ],
    [
      197712,
      5,
      "0000112222333333455",
      0,
      1,
      1
    ],
    [
      33872,
      4,
      "0000112222333334444",
      0,
      1,
      1
    ],
    [
      296016,
      5,
      "0000112222333334445",
      0,
      1,
      1
    ],
    [
      99408,
      5,
      "0000112222333334555",
      0,
      1,
      1
    ],
    [
      17488,
      4,
      "0000112222333344444",
      0,
      1,
      1
    ],
    [
      148560,
      5,
      "0000112222333344455",
      0,
      1,
      1
    ],
    [
      50256,
      5,
      "0000112222333345555",
      0,
      1,
      1
    ],
    [
      9296,
      4,
      "0000112222333444444",
      0,
      1,
      1
    ],
    [
      271440,
      5,
      "0000112222333444445",
      0,
      1,
      1
    ],
    [
      74832,
      5,
      "0000112222333444555",
      0,
      1,
      1
    ],
    [
      25680,
      5,
      "0000112222333455555",
      0,
      1,
      1
    ],
    [
      3152,
      4,
      "0000112222344444444",
      0,
      1,
      1
    ],
    [
      265296,
      5,
      "0000112222344444445",
      0,
      1,
      1
    ],
    [
      68688,
      5,
      "0000112222344444555",
      0,
      1,
      1
    ],
    [
      19536,
      5,
      "0000112222344455555",
      0,
      1,
      1
    ],
    [
      592,
      3,
      "0000112223333333333",
      0,
      1,
      1
    ],
    [
      262736,
      4,
      "0000112223333333334",
      0,
      1,
      1
    ],
    [
      131664,
      4,
      "0000112223333333344",
      0,
      1,
      1
    ],
    [
      393808,
      5,
      "0000112223333333345",
      0,
      1,
      1
    ],
    [
      66128,
      4,
      "0000112223333333444",
      0,
      1,
      1
    ],
    [
      197200,
      5,
      "0000112223333333455",
      0,
      1,
      1
    ],
    [
      33360,
      4,
      "0000112223333334444",
      0,
      1,
      1
    ],
    [
      98896,
      5,
      "0000112223333334555",
      0,
      1,
      1
    ],
    [
      16976,
      4,
      "0000112223333344444",
      0,
      1,
      1
    ],
    [
      279120,
      5,
      "0000112223333344445",
      0,
      1,
      1
    ],
    [
      49744,
      5,
      "0000112223333345555",
      0,
      1,
      1
    ],
    [
      8784,
      4,
      "0000112223333444444",
      0,
      1,
      1
    ],
    [
      139856,
      5,
      "0000112223333444455",
      0,
      1,
      1
    ],
    [
      25168,
      5,
      "0000112223333455555",
      0,
      1,
      1
    ],
    [
      4688,
      4,
      "0000112223334444444",
      0,
      1,
      1
    ],
    [
      266832,
      5,
      "0000112223334444445",
      0,
      1,
      1
    ],
    [
      70224,
      5,
      "0000112223334444555",
      0,
      1,
      1
    ],
    [
      12880,
      5,
      "0000112223334555555",
      0,
      1,
      1
    ],
    [
      1616,
      4,
      "0000112223444444444",
      0,
      1,
      1
    ],
    [
      263760,
      5,
      "0000112223444444445",
      0,
      1,
      1
    ],
    [
      132688,
      5,
      "0000112223444444455",
      0,
      1,
      1
    ],
    [
      67152,
      5,
      "0000112223444444555",
      0,
      1,
      1
    ],
    [
      18000,
      5,
      "0000112223444455555",
      0,
      1,
      1
    ],
    [
      336,
      3,
      "0000112233333333333",
      0,
      1,
      1
    ],
    [
      262480,
      4,
      "0000112233333333334",
      0,
      1,
      1
    ],
    [
      131408,
      4,
      "0000112233333333344",
      0,
      1,
      1
    ],
    [
      393552,
      5,
      "0000112233333333345",
      0,
      1,
      1
    ],
    [
      65872,
      4,
      "0000112233333333444",
      0,
      1,
      1
    ],
    [
      196944,
      5,
      "0000112233333333455",
      0,
      1,
      1
    ],
    [
      33104,
      4,
      "0000112233333334444",
      0,
      1,
      1
    ],
    [
      295248,
      5,
      "0000112233333334445",
      0,
      1,
      1
    ],
    [
      98640,
      5,
      "0000112233333334555",
      0,
      1,
      1
    ],
    [
      16720,
      4,
      "0000112233333344444",
      0,
      1,
      1
    ],
    [
      147792,
      5,
      "0000112233333344455",
      0,
      1,
      1
    ],
    [
      49488,
      5,
      "0000112233333345555",
      0,
      1,
      1
    ],
    [
      8528,
      4,
      "0000112233333444444",
      0,
      1,
      1
    ],
    [
      270672,
      5,
      "0000112233333444445",
      0,
      1,
      1
    ],
    [
      74064,
      5,
      "0000112233333444555",
      0,
      1,
      1
    ],
    [
      24912,
      5,
      "0000112233333455555",
      0,
      1,
      1
    ],
    [
      4432,
      4,
      "0000112233334444444",
      0,
      1,
      1
    ],
    [
      266576,
      5,
      "0000112233334444445",
      0,
      1,
      1
    ],
    [
      135504,
      5,
      "0000112233334444455",
      0,
      1,
      1
    ],
    [
      397648,
      6,
      "0000112233334444456",
      0,
      1,
      1
    ],
    [
      37200,
      5,
      "0000112233334445555",
      0,
      1,
      1
    ],
    [
      299344,
      6,
      "0000112233334445556",
      0,
      1,
      1
    ],
    [
      12624,
      5,
      "0000112233334555555",
      0,
      1,
      1
    ],
    [
      274768,
      6,
      "0000112233334555556",
      0,
      1,
      1
    ],
    [
      2384,
      4,
      "0000112233344444444",
      0,
      1,
      1
    ],
    [
      264528,
      5,
      "0000112233344444445",
      0,
      1,
      1
    ],
    [
      133456,
      5,
      "0000112233344444455",
      0,
      1,
      1
    ],
    [
      395600,
      6,
      "0000112233344444456",
      0,
      1,
      1
    ],
    [
      67920,
      5,
      "0000112233344444555",
      0,
      1,
      1
    ],
    [
      198992,
      6,
      "0000112233344444566",
      0,
      1,
      1
    ],
    [
      18768,
      5,
      "0000112233344455555",
      0,
      1,
      1
    ],
    [
      6480,
      5,
      "0000112233345555555",
      0,
      1,
      1
    ],
    [
      268624,
      6,
      "0000112233345555556",
      0,
      1,
      1
    ],
    [
      848,
      4,
      "0000112234444444444",
      0,
      1,
      1
    ],
    [
      262992,
      5,
      "0000112234444444445",
      0,
      1,
      1
    ],
    [
      131920,
      5,
      "0000112234444444455",
      0,
      1,
      1
    ],
    [
      66384,
      5,
      "0000112234444444555",
      0,
      1,
      1
    ],
    [
      33616,
      5,
      "0000112234444445555",
      0,
      1,
      1
    ],
    [
      17232,
      5,
      "0000112234444455555",
      0,
      1,
      1
    ],
    [
      4944,
      5,
      "0000112234445555555",
      0,
      1,
      1
    ],
    [
      267088,
      6,
      "0000112234445555556",
      0,
      1,
      1
    ],
    [
      208,
      3,
      "0000112333333333333",
      0,
      1,
      1
    ],
    [
      262352,
      4,
      "0000112333333333334",
      0,
      1,
      1
    ],
    [
      131280,
      4,
      "0000112333333333344",
      0,
      1,
      1
    ],
    [
      65744,
      4,
      "0000112333333333444",
      0,
      1,
      1
    ],
    [
      32976,
      4,
      "0000112333333334444",
      0,
      1,
      1
    ],
    [
      16592,
      4,
      "0000112333333344444",
      0,
      1,
      1
    ],
    [
      278736,
      5,
      "0000112333333344445",
      0,
      1,
      1
    ],
    [
      8400,
      4,
      "0000112333333444444",
      0,
      1,
      1
    ],
    [
      270544,
      5,
      "0000112333333444445",
      0,
      1,
      1
    ],
    [
      139472,
      5,
      "0000112333333444455",
      0,
      1,
      1
    ],
    [
      4304,
      4,
      "0000112333334444444",
      0,
      1,
      1
    ],
    [
      266448,
      5,
      "0000112333334444445",
      0,
      1,
      1
    ],
    [
      135376,
      5,
      "0000112333334444455",
      0,
      1,
      1
    ],
    [
      69840,
      5,
      "0000112333334444555",
      0,
      1,
      1
    ],
    [
      2256,
      4,
      "0000112333344444444",
      0,
      1,
      1
    ],
    [
      264400,
      5,
      "0000112333344444445",
      0,
      1,
      1
    ],
    [
      133328,
      5,
      "0000112333344444455",
      0,
      1,
      1
    ],
    [
      67792,
      5,
      "0000112333344444555",
      0,
      1,
      1
    ],
    [
      35024,
      5,
      "0000112333344445555",
      0,
      1,
      1
    ],
    [
      1232,
      4,
      "0000112333444444444",
      0,
      1,
      1
    ],
    [
      263376,
      5,
      "0000112333444444445",
      0,
      1,
      1
    ],
    [
      132304,
      5,
      "0000112333444444455",
      0,
      1,
      1
    ],
    [
      66768,
      5,
      "0000112333444444555",
      0,
      1,
      1
    ],
    [
      34000,
      5,
      "0000112333444445555",
      0,
      1,
      1
    ],
    [
      17616,
      5,
      "0000112333444455555",
      0,
      1,
      1
    ],
    [
      464,
      4,
      "0000112344444444444",
      0,
      1,
      1
    ],
    [
      262608,
      5,
      "0000112344444444445",
      0,
      1,
      1
    ],
    [
      131536,
      5,
      "0000112344444444455",
      0,
      1,
      1
    ],
    [
      66000,
      5,
      "0000112344444444555",
      0,
      1,
      1
    ],
    [
      33232,
      5,
      "0000112344444445555",
      0,
      1,
      1
    ],
    [
      16848,
      5,
      "0000112344444455555",
      0,
      1,
      1
    ],
    [
      8656,
      5,
      "0000112344444555555",
      0,
      1,
      1
    ],
    [
      270800,
      6,
      "0000112344444555556",
      0,
      1,
      1
    ],
    [
      4560,
      5,
      "0000112344445555555",
      0,
      1,
      1
    ],
    [
      266704,
      6,
      "0000112344445555556",
      0,
      1,
      1
    ],
    [
      135632,
      6,
      "0000112344445555566",
      0,
      1,
      1
    ],
    [
      48,
      2,
      "0000122222222222222",
      0,
      1,
      1
    ],
    [
      262192,
      3,
      "0000122222222222223",
      0,
      1,
      1
    ],
    [
      131120,
      3,
      "0000122222222222233",
      0,
      1,
      1
    ],
    [
      65584,
      3,
      "0000122222222222333",
      0,
      1,
      1
    ],
    [
      327728,
      4,
      "0000122222222222334",
      0,
      1,
      1
    ],
    [
      32816,
      3,
      "0000122222222223333",
      0,
      1,
      1
    ],
    [
      294960,
      4,
      "0000122222222223334",
      0,
      1,
      1
    ],
    [
      163888,
      4,
      "0000122222222223344",
      0,
      1,
      1
    ],
    [
      16432,
      3,
      "0000122222222233333",
      0,
      1,
      1
    ],
    [
      278576,
      4,
      "0000122222222233334",
      0,
      1,
      1
    ],
    [
      147504,
      4,
      "0000122222222233344",
      0,
      1,
      1
    ],
    [
      81968,
      4,
      "0000122222222233444",
      0,
      1,
      1
    ],
    [
      344112,
      5,
      "0000122222222233445",
      0,
      1,
      1
    ],
    [
      8240,
      3,
      "0000122222222333333",
      0,
      1,
      1
    ],
    [
      270384,
      4,
      "0000122222222333334",
      0,
      1,
      1
    ],
    [
      139312,
      4,
      "0000122222222333344",
      0,
      1,
      1
    ],
    [
      73776,
      4,
      "0000122222222333444",
      0,
      1,
      1
    ],
    [
      335920,
      5,
      "0000122222222333445",
      0,
      1,
      1
    ],
    [
      41008,
      4,
      "0000122222222334444",
      0,
      1,
      1
    ],
    [
      303152,
      5,
      "0000122222222334445",
      0,
      1,
      1
    ],
    [
      172080,
      5,
      "0000122222222334455",
      0,
      1,
      1
    ],
    [
      4144,
      3,
      "0000122222223333333",
      0,
      1,
      1
    ],
    [
      266288,
      4,
      "0000122222223333334",
      0,
      1,
      1
    ],
    [
      135216,
      4,
      "0000122222223333344",
      0,
      1,
      1
    ],
    [
      69680,
      4,
      "0000122222223333444",
      0,
      1,
      1
    ],
    [
      331824,
      5,
      "0000122222223333445",
      0,
      1,
      1
    ],
    [
      36912,
      4,
      "0000122222223334444",
      0,
      1,
      1
    ],
    [
      299056,
      5,
      "0000122222223334445",
      0,
      1,
      1
    ],
    [
      167984,
      5,
      "0000122222223334455",
      0,
      1,
      1
    ],
    [
      20528,
      4,
      "0000122222223344444",
      0,
      1,
      1
    ],
    [
      282672,
      5,
      "0000122222223344445",
      0,
      1,
      1
    ],
    [
      151600,
      5,
      "0000122222223344455",
      0,
      1,
      1
    ],
    [
      86064,
      5,
      "0000122222223344555",
      0,
      1,
      1
    ],
    [
      2096,
      3,
      "0000122222233333333",
      0,
      1,
      1
    ],
    [
      264240,
      4,
      "0000122222233333334",
      0,
      1,
      1
    ],
    [
      133168,
      4,
      "0000122222233333344",
      0,
      1,
      1
    ],
    [
      67632,
      4,
      "0000122222233333444",
      0,
      1,
      1
    ],
    [
      329776,
      5,
      "0000122222233333445",
      0,
      1,
      1
    ],
    [
      34864,
      4,
      "0000122222233334444",
      0,
      1,
      1
    ],
    [
      297008,
      5,
      "0000122222233334445",
      0,
      1,
      1
    ],
    [
      165936,
      5,
      "0000122222233334455",
      0,
      1,
      1
    ],
    [
      18480,
      4,
      "0000122222233344444",
      0,
      1,
      1
    ],
    [
      280624,
      5,
      "0000122222233344445",
      0,
      1,
      1
    ],
    [
      149552,
      5,
      "0000122222233344455",
      0,
      1,
      1
    ],
    [
      84016,
      5,
      "0000122222233344555",
      0,
      1,
      1
    ],
    [
      346160,
      6,
      "0000122222233344556",
      0,
      1,
      1
    ],
    [
      10288,
      4,
      "0000122222233444444",
      0,
      1,
      1
    ],
    [
      272432,
      5,
      "0000122222233444445",
      0,
      1,
      1
    ],
    [
      141360,
      5,
      "0000122222233444455",
      0,
      1,
      1
    ],
    [
      75824,
      5,
      "0000122222233444555",
      0,
      1,
      1
    ],
    [
      43056,
      5,
      "0000122222233445555",
      0,
      1,
      1
    ],
    [
      305200,
      6,
      "0000122222233445556",
      0,
      1,
      1
    ],
    [
      1072,
      3,
      "0000122222333333333",
      0,
      1,
      1
    ],
    [
      263216,
      4,
      "0000122222333333334",
      0,
      1,
      1
    ],
    [
      132144,
      4,
      "0000122222333333344",
      0,
      1,
      1
    ],
    [
      66608,
      4,
      "0000122222333333444",
      0,
      1,
      1
    ],
    [
      328752,
      5,
      "0000122222333333445",
      0,
      1,
      1
    ],
    [
      33840,
      4,
      "0000122222333334444",
      0,
      1,
      1
    ],
    [
      295984,
      5,
      "0000122222333334445",
      0,
      1,
      1
    ],
    [
      164912,
      5,
      "0000122222333334455",
      0,
      1,
      1
    ],
    [
      17456,
      4,
      "0000122222333344444",
      0,
      1,
      1
    ],
    [
      279600,
      5,
      "0000122222333344445",
      0,
      1,
      1
    ],
    [
      148528,
      5,
      "0000122222333344455",
      0,
      1,
      1
    ],
    [
      82992,
      5,
      "0000122222333344555",
      0,
      1,
      1
    ],
    [
      345136,
      6,
      "0000122222333344556",
      0,
      1,
      1
    ],
    [
      9264,
      4,
      "0000122222333444444",
      0,
      1,
      1
    ],
    [
      140336,
      5,
      "0000122222333444455",
      0,
      1,
      1
    ],
    [
      74800,
      5,
      "0000122222333444555",
      0,
      1,
      1
    ],
    [
      42032,
      5,
      "0000122222333445555",
      0,
      1,
      1
    ],
    [
      173104,
      6,
      "0000122222333445566",
      0,
      1,
      1
    ],
    [
      5168,
      4,
      "0000122222334444444",
      0,
      1,
      1
    ],
    [
      70704,
      5,
      "0000122222334444555",
      0,
      1,
      1
    ],
    [
      37936,
      5,
      "0000122222334445555",
      0,
      1,
      1
    ],
    [
      21552,
      5,
      "0000122222334455555",
      0,
      1,
      1
    ],
    [
      560,
      3,
      "0000122223333333333",
      0,
      1,
      1
    ],
    [
      262704,
      4,
      "0000122223333333334",
      0,
      1,
      1
    ],
    [
      131632,
      4,
      "0000122223333333344",
      0,
      1,
      1
    ],
    [
      66096,
      4,
      "0000122223333333444",
      0,
      1,
      1
    ],
    [
      328240,
      5,
      "0000122223333333445",
      0,
      1,
      1
    ],
    [
      33328,
      4,
      "0000122223333334444",
      0,
      1,
      1
    ],
    [
      295472,
      5,
      "0000122223333334445",
      0,
      1,
      1
    ],
    [
      164400,
      5,
      "0000122223333334455",
      0,
      1,
      1
    ],
    [
      16944,
      4,
      "0000122223333344444",
      0,
      1,
      1
    ],
    [
      148016,
      5,
      "0000122223333344455",
      0,
      1,
      1
    ],
    [
      82480,
      5,
      "0000122223333344555",
      0,
      1,
      1
    ],
    [
      8752,
      4,
      "0000122223333444444",
      0,
      1,
      1
    ],
    [
      74288,
      5,
      "0000122223333444555",
      0,
      1,
      1
    ],
    [
      41520,
      5,
      "0000122223333445555",
      0,
      1,
      1
    ],
    [
      4656,
      4,
      "0000122223334444444",
      0,
      1,
      1
    ],
    [
      266800,
      5,
      "0000122223334444445",
      0,
      1,
      1
    ],
    [
      37424,
      5,
      "0000122223334445555",
      0,
      1,
      1
    ],
    [
      21040,
      5,
      "0000122223334455555",
      0,
      1,
      1
    ],
    [
      2608,
      4,
      "0000122223344444444",
      0,
      1,
      1
    ],
    [
      264752,
      5,
      "0000122223344444445",
      0,
      1,
      1
    ],
    [
      133680,
      5,
      "0000122223344444455",
      0,
      1,
      1
    ],
    [
      18992,
      5,
      "0000122223344455555",
      0,
      1,
      1
    ],
    [
      150064,
      6,
      "0000122223344455566",
      0,
      1,
      1
    ],
    [
      10800,
      5,
      "0000122223344555555",
      0,
      1,
      1
    ],
    [
      304,
      3,
      "0000122233333333333",
      0,
      1,
      1
    ],
    [
      262448,
      4,
      "0000122233333333334",
      0,
      1,
      1
    ],
    [
      131376,
      4,
      "0000122233333333344",
      0,
      1,
      1
    ],
    [
      65840,
      4,
      "0000122233333333444",
      0,
      1,
      1
    ],
    [
      327984,
      5,
      "0000122233333333445",
      0,
      1,
      1
    ],
    [
      33072,
      4,
      "0000122233333334444",
      0,
      1,
      1
    ],
    [
      164144,
      5,
      "0000122233333334455",
      0,
      1,
      1
    ],
    [
      16688,
      4,
      "0000122233333344444",
      0,
      1,
      1
    ],
    [
      82224,
      5,
      "0000122233333344555",
      0,
      1,
      1
    ],
    [
      8496,
      4,
      "0000122233333444444",
      0,
      1,
      1
    ],
    [
      270640,
      5,
      "0000122233333444445",
      0,
      1,
      1
    ],
    [
      41264,
      5,
      "0000122233333445555",
      0,
      1,
      1
    ],
    [
      4400,
      4,
      "0000122233334444444",
      0,
      1,
      1
    ],
    [
      266544,
      5,
      "0000122233334444445",
      0,
      1,
      1
    ],
    [
      135472,
      5,
      "0000122233334444455",
      0,
      1,
      1
    ],
    [
      20784,
      5,
      "0000122233334455555",
      0,
      1,
      1
    ],
    [
      2352,
      4,
      "0000122233344444444",
      0,
      1,
      1
    ],
    [
      264496,
      5,
      "0000122233344444445",
      0,
      1,
      1
    ],
    [
      133424,
      5,
      "0000122233344444455",
      0,
      1,
      1
    ],
    [
      67888,
      5,
      "0000122233344444555",
      0,
      1,
      1
    ],
    [
      330032,
      6,
      "0000122233344444556",
      0,
      1,
      1
    ],
    [
      10544,
      5,
      "0000122233344555555",
      0,
      1,
      1
    ],
    [
      272688,
      6,
      "0000122233344555556",
      0,
      1,
      1
    ],
    [
      1328,
      4,
      "0000122233444444444",
      0,
      1,
      1
    ],
    [
      263472,
      5,
      "0000122233444444445",
      0,
      1,
      1
    ],
    [
      132400,
      5,
      "0000122233444444455",
      0,
      1,
      1
    ],
    [
      66864,
      5,
      "0000122233444444555",
      0,
      1,
      1
    ],
    [
      34096,
      5,
      "0000122233444445555",
      0,
      1,
      1
    ],
    [
      5424,
      5,
      "0000122233445555555",
      0,
      1,
      1
    ],
    [
      176,
      3,
      "0000122333333333333",
      0,
      1,
      1
    ],
    [
      262320,
      4,
      "0000122333333333334",
      0,
      1,
      1
    ],
    [
      131248,
      4,
      "0000122333333333344",
      0,
      1,
      1
    ],
    [
      65712,
      4,
      "0000122333333333444",
      0,
      1,
      1
    ],
    [
      32944,
      4,
      "0000122333333334444",
      0,
      1,
      1
    ],
    [
      16560,
      4,
      "0000122333333344444",
      0,
      1,
      1
    ],
    [
      278704,
      5,
      "0000122333333344445",
      0,
      1,
      1
    ],
    [
      8368,
      4,
      "0000122333333444444",
      0,
      1,
      1
    ],
    [
      270512,
      5,
      "0000122333333444445",
      0,
      1,
      1
    ],
    [
      139440,
      5,
      "0000122333333444455",
      0,
      1,
      1
    ],
    [
      4272,
      4,
      "0000122333334444444",
      0,
      1,
      1
    ],
    [
      266416,
      5,
      "0000122333334444445",
      0,
      1,
      1
    ],
    [
      135344,
      5,
      "0000122333334444455",
      0,
      1,
      1
    ],
    [
      69808,
      5,
      "0000122333334444555",
      0,
      1,
      1
    ],
    [
      2224,
      4,
      "0000122333344444444",
      0,
      1,
      1
    ],
    [
      264368,
      5,
      "0000122333344444445",
      0,
      1,
      1
    ],
    [
      133296,
      5,
      "0000122333344444455",
      0,
      1,
      1
    ],
    [
      67760,
      5,
      "0000122333344444555",
      0,
      1,
      1
    ],
    [
      34992,
      5,
      "0000122333344445555",
      0,
      1,
      1
    ],
    [
      1200,
      4,
      "0000122333444444444",
      0,
      1,
      1
    ],
    [
      263344,
      5,
      "0000122333444444445",
      0,
      1,
      1
    ],
    [
      132272,
      5,
      "0000122333444444455",
      0,
      1,
      1
    ],
    [
      66736,
      5,
      "0000122333444444555",
      0,
      1,
      1
    ],
    [
      33968,
      5,
      "0000122333444445555",
      0,
      1,
      1
    ],
    [
      17584,
      5,
      "0000122333444455555",
      0,
      1,
      1
    ],
    [
      279728,
      6,
      "0000122333444455556",
      0,
      1,
      1
    ],
    [
      688,
      4,
      "0000122334444444444",
      0,
      1,
      1
    ],
    [
      262832,
      5,
      "0000122334444444445",
      0,
      1,
      1
    ],
    [
      131760,
      5,
      "0000122334444444455",
      0,
      1,
      1
    ],
    [
      66224,
      5,
      "0000122334444444555",
      0,
      1,
      1
    ],
    [
      33456,
      5,
      "0000122334444445555",
      0,
      1,
      1
    ],
    [
      17072,
      5,
      "0000122334444455555",
      0,
      1,
      1
    ],
    [
      8880,
      5,
      "0000122334444555555",
      0,
      1,
      1
    ],
    [
      112,
      3,
      "0000123333333333333",
      0,
      1,
      1
    ],
    [
      262256,
      4,
      "0000123333333333334",
      0,
      1,
      1
    ],
    [
      131184,
      4,
      "0000123333333333344",
      0,
      1,
      1
    ],
    [
      65648,
      4,
      "0000123333333333444",
      0,
      1,
      1
    ],
    [
      32880,
      4,
      "0000123333333334444",
      0,
      1,
      1
    ],
    [
      295024,
      5,
      "0000123333333334445",
      0,
      1,
      1
    ],
    [
      16496,
      4,
      "0000123333333344444",
      0,
      1,
      1
    ],
    [
      278640,
      5,
      "0000123333333344445",
      0,
      1,
      1
    ],
    [
      147568,
      5,
      "0000123333333344455",
      0,
      1,
      1
    ],
    [
      8304,
      4,
      "0000123333333444444",
      0,
      1,
      1
    ],
    [
      270448,
      5,
      "0000123333333444445",
      0,
      1,
      1
    ],
    [
      139376,
      5,
      "0000123333333444455",
      0,
      1,
      1
    ],
    [
      73840,
      5,
      "0000123333333444555",
      0,
      1,
      1
    ],
    [
      4208,
      4,
      "0000123333334444444",
      0,
      1,
      1
    ],
    [
      266352,
      5,
      "0000123333334444445",
      0,
      1,
      1
    ],
    [
      135280,
      5,
      "0000123333334444455",
      0,
      1,
      1
    ],
    [
      69744,
      5,
      "0000123333334444555",
      0,
      1,
      1
    ],
    [
      36976,
      5,
      "0000123333334445555",
      0,
      1,
      1
    ],
    [
      299120,
      6,
      "0000123333334445556",
      0,
      1,
      1
    ],
    [
      2160,
      4,
      "0000123333344444444",
      0,
      1,
      1
    ],
    [
      264304,
      5,
      "0000123333344444445",
      0,
      1,
      1
    ],
    [
      133232,
      5,
      "0000123333344444455",
      0,
      1,
      1
    ],
    [
      67696,
      5,
      "0000123333344444555",
      0,
      1,
      1
    ],
    [
      34928,
      5,
      "0000123333344445555",
      0,
      1,
      1
    ],
    [
      297072,
      6,
      "0000123333344445556",
      0,
      1,
      1
    ],
    [
      18544,
      5,
      "0000123333344455555",
      0,
      1,
      1
    ],
    [
      280688,
      6,
      "0000123333344455556",
      0,
      1,
      1
    ],
    [
      149616,
      6,
      "0000123333344455566",
      0,
      1,
      1
    ],
    [
      1136,
      4,
      "0000123333444444444",
      0,
      1,
      1
    ],
    [
      263280,
      5,
      "0000123333444444445",
      0,
      1,
      1
    ],
    [
      132208,
      5,
      "0000123333444444455",
      0,
      1,
      1
    ],
    [
      66672,
      5,
      "0000123333444444555",
      0,
      1,
      1
    ],
    [
      33904,
      5,
      "0000123333444445555",
      0,
      1,
      1
    ],
    [
      296048,
      6,
      "0000123333444445556",
      0,
      1,
      1
    ],
    [
      17520,
      5,
      "0000123333444455555",
      0,
      1,
      1
    ],
    [
      148592,
      6,
      "0000123333444455566",
      0,
      1,
      1
    ],
    [
      9328,
      5,
      "0000123333444555555",
      0,
      1,
      1
    ],
    [
      74864,
      6,
      "0000123333444555666",
      0,
      1,
      1
    ],
    [
      624,
      4,
      "0000123334444444444",
      0,
      1,
      1
    ],
    [
      262768,
      5,
      "0000123334444444445",
      0,
      1,
      1
    ],
    [
      131696,
      5,
      "0000123334444444455",
      0,
      1,
      1
    ],
    [
      66160,
      5,
      "0000123334444444555",
      0,
      1,
      1
    ],
    [
      33392,
      5,
      "0000123334444445555",
      0,
      1,
      1
    ],
    [
      17008,
      5,
      "0000123334444455555",
      0,
      1,
      1
    ],
    [
      8816,
      5,
      "0000123334444555555",
      0,
      1,
      1
    ],
    [
      4720,
      5,
      "0000123334445555555",
      0,
      1,
      1
    ],
    [
      266864,
      6,
      "0000123334445555556",
      0,
      1,
      1
    ],
    [
      368,
      4,
      "0000123344444444444",
      0,
      1,
      1
    ],
    [
      262512,
      5,
      "0000123344444444445",
      0,
      1,
      1
    ],
    [
      131440,
      5,
      "0000123344444444455",
      0,
      1,
      1
    ],
    [
      65904,
      5,
      "0000123344444444555",
      0,
      1,
      1
    ],
    [
      33136,
      5,
      "0000123344444445555",
      0,
      1,
      1
    ],
    [
      16752,
      5,
      "0000123344444455555",
      0,
      1,
      1
    ],
    [
      8560,
      5,
      "0000123344444555555",
      0,
      1,
      1
    ],
    [
      270704,
      6,
      "0000123344444555556",
      0,
      1,
      1
    ],
    [
      4464,
      5,
      "0000123344445555555",
      0,
      1,
      1
    ],
    [
      266608,
      6,
      "0000123344445555556",
      0,
      1,
      1
    ],
    [
      135536,
      6,
      "0000123344445555566",
      0,
      1,
      1
    ],
    [
      2416,
      5,
      "0000123344455555555",
      0,
      1,
      1
    ],
    [
      264560,
      6,
      "0000123344455555556",
      0,
      1,
      1
    ],
    [
      133488,
      6,
      "0000123344455555566",
      0,
      1,
      1
    ],
    [
      67952,
      6,
      "0000123344455555666",
      0,
      1,
      1
    ],
    [
      8,
      1,
      "0001111111111111111",
      1,
      19,
      32768
    ],
    [
      262152,
      2,
      "0001111111111111112",
      1,
      18,
      16384
    ],
    [
      131080,
      2,
      "0001111111111111122",
      1,
      17,
      8192
    ],
    [
      393224,
      3,
      "0001111111111111123",
      1,
      17,
      8192
    ],
    [
      65544,
      2,
      "0001111111111111222",
      1,
      16,
      4096
    ],
    [
      327688,
      3,
      "0001111111111111223",
      1,
      16,
      4096
    ],
    [
      196616,
      3,
      "0001111111111111233",
      1,
      16,
      4096
    ],
    [
      458760,
      4,
      "0001111111111111234",
      1,
      16,
      4096
    ],
    [
      32776,
      2,
      "0001111111111112222",
      1,
      15,
      2048
    ],
    [
      294920,
      3,
      "0001111111111112223",
      1,
      15,
      2048
    ],
    [
      163848,
      3,
      "0001111111111112233",
      1,
      15,
      2048
    ],
    [
      425992,
      4,
      "0001111111111112234",
      1,
      15,
      2048
    ],
    [
      98312,
      3,
      "0001111111111112333",
      1,
      15,
      2048
    ],
    [
      360456,
      4,
      "0001111111111112334",
      1,
      15,
      2048
    ],
    [
      229384,
      4,
      "0001111111111112344",
      1,
      15,
      2048
    ],
    [
      16392,
      2,
      "0001111111111122222",
      1,
      14,
      1024
    ],
    [
      278536,
      3,
      "0001111111111122223",
      1,
      14,
      1024
    ],
    [
      147464,
      3,
      "0001111111111122233",
      1,
      14,
      1024
    ],
    [
      409608,
      4,
      "0001111111111122234",
      1,
      14,
      1024
    ],
    [
      81928,
      3,
      "0001111111111122333",
      1,
      14,
      1024
    ],
    [
      344072,
      4,
      "0001111111111122334",
      1,
      14,
      1024
    ],
    [
      213000,
      4,
      "0001111111111122344",
      1,
      14,
      1024
    ],
    [
      475144,
      5,
      "0001111111111122345",
      1,
      14,
      1024
    ],
    [
      49160,
      3,
      "0001111111111123333",
      1,
      14,
      1024
    ],
    [
      311304,
      4,
      "0001111111111123334",
      1,
      14,
      1024
    ],
    [
      180232,
      4,
      "0001111111111123344",
      1,
      14,
      1024
    ],
    [
      114696,
      4,
      "0001111111111123444",
      1,
      14,
      1024
    ],
    [
      376840,
      5,
      "0001111111111123445",
      1,
      14,
      1024
    ],
    [
      8200,
      2,
      "0001111111111222222",
      1,
      13,
      512
    ],
    [
      270344,
      3,
      "0001111111111222223",
      1,
      13,
      512
    ],
    [
      139272,
      3,
      "0001111111111222233",
      1,
      13,
      512
    ],
    [
      401416,
      4,
      "0001111111111222234",
      1,
      13,
      512
    ],
    [
      73736,
      3,
      "0001111111111222333",
      1,
      13,
      512
    ],
    [
      335880,
      4,
      "0001111111111222334",
      1,
      13,
      512
    ],
    [
      204808,
      4,
      "0001111111111222344",
      1,
      13,
      512
    ],
    [
      466952,
      5,
      "0001111111111222345",
      1,
      13,
      512
    ],
    [
      40968,
      3,
      "0001111111111223333",
      1,
      13,
      512
    ],
    [
      303112,
      4,
      "0001111111111223334",
      1,
      13,
      512
    ],
    [
      172040,
      4,
      "0001111111111223344",
      1,
      13,
      512
    ],
    [
      434184,
      5,
      "0001111111111223345",
      1,
      13,
      512
    ],
    [
      106504,
      4,
      "0001111111111223444",
      1,
      13,
      512
    ],
    [
      237576,
      5,
      "0001111111111223455",
      1,
      13,
      512
    ],
    [
      24584,
      3,
      "0001111111111233333",
      1,
      13,
      512
    ],
    [
      286728,
      4,
      "0001111111111233334",
      1,
      13,
      512
    ],
    [
      155656,
      4,
      "0001111111111233344",
      1,
      13,
      512
    ],
    [
      90120,
      4,
      "0001111111111233444",
      1,
      13,
      512
    ],
    [
      352264,
      5,
      "0001111111111233445",
      1,
      13,
      512
    ],
    [
      57352,
      4,
      "0001111111111234444",
      1,
      13,
      512
    ],
    [
      319496,
      5,
      "0001111111111234445",
      1,
      13,
      512
    ],
    [
      188424,
      5,
      "0001111111111234455",
      1,
      13,
      512
    ],
    [
      4104,
      2,
      "0001111111112222222",
      1,
      12,
      256
    ],
    [
      266248,
      3,
      "0001111111112222223",
      1,
      12,
      256
    ],
    [
      135176,
      3,
      "0001111111112222233",
      1,
      12,
      256
    ],
    [
      397320,
      4,
      "0001111111112222234",
      1,
      12,
      256
    ],
    [
      69640,
      3,
      "0001111111112222333",
      1,
      12,
      256
    ],
    [
      331784,
      4,
      "0001111111112222334",
      1,
      12,
      256
    ],
    [
      200712,
      4,
      "0001111111112222344",
      1,
      12,
      256
    ],
    [
      462856,
      5,
      "0001111111112222345",
      1,
      12,
      256
    ],
    [
      36872,
      3,
      "0001111111112223333",
      1,
      12,
      256
    ],
    [
      299016,
      4,
      "0001111111112223334",
      1,
      12,
      256
    ],
    [
      167944,
      4,
      "0001111111112223344",
      1,
      12,
      256
    ],
    [
      430088,
      5,
      "0001111111112223345",
      1,
      12,
      256
    ],
    [
      102408,
      4,
      "0001111111112223444",
      1,
      12,
      256
    ],
    [
      364552,
      5,
      "0001111111112223445",
      1,
      12,
      256
    ],
    [
      233480,
      5,
      "0001111111112223455",
      1,
      12,
      256
    ],
    [
      20488,
      3,
      "0001111111112233333",
      1,
      12,
      256
    ],
    [
      282632,
      4,
      "0001111111112233334",
      1,
      12,
      256
    ],
    [
      151560,
      4,
      "0001111111112233344",
      1,
      12,
      256
    ],
    [
      413704,
      5,
      "0001111111112233345",
      1,
      12,
      256
    ],
    [
      86024,
      4,
      "0001111111112233444",
      1,
      12,
      256
    ],
    [
      217096,
      5,
      "0001111111112233455",
      1,
      12,
      256
    ],
    [
      53256,
      4,
      "0001111111112234444",
      1,
      12,
      256
    ],
    [
      315400,
      5,
      "0001111111112234445",
      1,
      12,
      256
    ],
    [
      118792,
      5,
      "0001111111112234555",
      1,
      12,
      256
    ],
    [
      12296,
      3,
      "0001111111112333333",
      1,
      12,
      256
    ],
    [
      274440,
      4,
      "0001111111112333334",
      1,
      12,
      256
    ],
    [
      143368,
      4,
      "0001111111112333344",
      1,
      12,
      256
    ],
    [
      77832,
      4,
      "0001111111112333444",
      1,
      12,
      256
    ],
    [
      339976,
      5,
      "0001111111112333445",
      1,
      12,
      256
    ],
    [
      45064,
      4,
      "0001111111112334444",
      1,
      12,
      256
    ],
    [
      307208,
      5,
      "0001111111112334445",
      1,
      12,
      256
    ],
    [
      176136,
      5,
      "0001111111112334455",
      1,
      12,
      256
    ],
    [
      28680,
      4,
      "0001111111112344444",
      1,
      12,
      256
    ],
    [
      290824,
      5,
      "0001111111112344445",
      1,
      12,
      256
    ],
    [
      159752,
      5,
      "0001111111112344455",
      1,
      12,
      256
    ],
    [
      94216,
      5,
      "0001111111112344555",
      1,
      12,
      256
    ],
    [
      2056,
      2,
      "0001111111122222222",
      1,
      11,
      128
    ],
    [
      264200,
      3,
      "0001111111122222223",
      1,
      11,
      128
    ],
    [
      133128,
      3,
      "0001111111122222233",
      1,
      11,
      128
    ],
    [
      395272,
      4,
      "0001111111122222234",
      1,
      11,
      128
    ],
    [
      67592,
      3,
      "0001111111122222333",
      1,
      11,
      128
    ],
    [
      329736,
      4,
      "0001111111122222334",
      1,
      11,
      128
    ],
    [
      198664,
      4,
      "0001111111122222344",
      1,
      11,
      128
    ],
    [
      460808,
      5,
      "0001111111122222345",
      1,
      11,
      128
    ],
    [
      34824,
      3,
      "0001111111122223333",
      1,
      11,
      128
    ],
    [
      296968,
      4,
      "0001111111122223334",
      1,
      11,
      128
    ],
    [
      165896,
      4,
      "0001111111122223344",
      1,
      11,
      128
    ],
    [
      428040,
      5,
      "0001111111122223345",
      1,
      11,
      128
    ],
    [
      100360,
      4,
      "0001111111122223444",
      1,
      11,
      128
    ],
    [
      362504,
      5,
      "0001111111122223445",
      1,
      11,
      128
    ],
    [
      231432,
      5,
      "0001111111122223455",
      1,
      11,
      128
    ],
    [
      18440,
      3,
      "0001111111122233333",
      1,
      11,
      128
    ],
    [
      280584,
      4,
      "0001111111122233334",
      1,
      11,
      128
    ],
    [
      149512,
      4,
      "0001111111122233344",
      1,
      11,
      128
    ],
    [
      411656,
      5,
      "0001111111122233345",
      1,
      11,
      128
    ],
    [
      83976,
      4,
      "0001111111122233444",
      1,
      11,
      128
    ],
    [
      346120,
      5,
      "0001111111122233445",
      1,
      11,
      128
    ],
    [
      215048,
      5,
      "0001111111122233455",
      1,
      11,
      128
    ],
    [
      477192,
      6,
      "0001111111122233456",
      1,
      11,
      128
    ],
    [
      51208,
      4,
      "0001111111122234444",
      1,
      11,
      128
    ],
    [
      182280,
      5,
      "0001111111122234455",
      1,
      11,
      128
    ],
    [
      116744,
      5,
      "0001111111122234555",
      1,
      11,
      128
    ],
    [
      10248,
      3,
      "0001111111122333333",
      1,
      11,
      128
    ],
    [
      272392,
      4,
      "0001111111122333334",
      1,
      11,
      128
    ],
    [
      141320,
      4,
      "0001111111122333344",
      1,
      11,
      128
    ],
    [
      403464,
      5,
      "0001111111122333345",
      1,
      11,
      128
    ],
    [
      75784,
      4,
      "0001111111122333444",
      1,
      11,
      128
    ],
    [
      206856,
      5,
      "0001111111122333455",
      1,
      11,
      128
    ],
    [
      43016,
      4,
      "0001111111122334444",
      1,
      11,
      128
    ],
    [
      305160,
      5,
      "0001111111122334445",
      1,
      11,
      128
    ],
    [
      108552,
      5,
      "0001111111122334555",
      1,
      11,
      128
    ],
    [
      26632,
      4,
      "0001111111122344444",
      1,
      11,
      128
    ],
    [
      288776,
      5,
      "0001111111122344445",
      1,
      11,
      128
    ],
    [
      157704,
      5,
      "0001111111122344455",
      1,
      11,
      128
    ],
    [
      59400,
      5,
      "0001111111122345555",
      1,
      11,
      128
    ],
    [
      6152,
      3,
      "0001111111123333333",
      1,
      11,
      128
    ],
    [
      268296,
      4,
      "0001111111123333334",
      1,
      11,
      128
    ],
    [
      137224,
      4,
      "0001111111123333344",
      1,
      11,
      128
    ],
    [
      71688,
      4,
      "0001111111123333444",
      1,
      11,
      128
    ],
    [
      333832,
      5,
      "0001111111123333445",
      1,
      11,
      128
    ],
    [
      38920,
      4,
      "0001111111123334444",
      1,
      11,
      128
    ],
    [
      301064,
      5,
      "0001111111123334445",
      1,
      11,
      128
    ],
    [
      169992,
      5,
      "0001111111123334455",
      1,
      11,
      128
    ],
    [
      22536,
      4,
      "0001111111123344444",
      1,
      11,
      128
    ],
    [
      284680,
      5,
      "0001111111123344445",
      1,
      11,
      128
    ],
    [
      153608,
      5,
      "0001111111123344455",
      1,
      11,
      128
    ],
    [
      88072,
      5,
      "0001111111123344555",
      1,
      11,
      128
    ],
    [
      14344,
      4,
      "0001111111123444444",
      1,
      11,
      128
    ],
    [
      276488,
      5,
      "0001111111123444445",
      1,
      11,
      128
    ],
    [
      145416,
      5,
      "0001111111123444455",
      1,
      11,
      128
    ],
    [
      79880,
      5,
      "0001111111123444555",
      1,
      11,
      128
    ],
    [
      47112,
      5,
      "0001111111123445555",
      1,
      11,
      128
    ],
    [
      309256,
      6,
      "0001111111123445556",
      1,
      11,
      128
    ],
    [
      1032,
      2,
      "0001111111222222222",
      1,
      10,
      64
    ],
    [
      263176,
      3,
      "0001111111222222223",
      1,
      10,
      64
    ],
    [
      132104,
      3,
      "0001111111222222233",
      1,
      10,
      64
    ],
    [
      394248,
      4,
      "0001111111222222234",
      1,
      10,
      64
    ],
    [
      66568,
      3,
      "0001111111222222333",
      1,
      10,
      64
    ],
    [
      328712,
      4,
      "0001111111222222334",
      1,
      10,
      64
    ],
    [
      197640,
      4,
      "0001111111222222344",
      1,
      10,
      64
    ],
    [
      459784,
      5,
      "0001111111222222345",
      1,
      10,
      64
    ],
    [
      33800,
      3,
      "0001111111222223333",
      1,
      10,
      64
    ],
    [
      295944,
      4,
      "0001111111222223334",
      1,
      10,
      64
    ],
    [
      164872,
      4,
      "0001111111222223344",
      1,
      10,
      64
    ],
    [
      427016,
      5,
      "0001111111222223345",
      1,
      10,
      64
    ],
    [
      99336,
      4,
      "0001111111222223444",
      1,
      10,
      64
    ],
    [
      361480,
      5,
      "0001111111222223445",
      1,
      10,
      64
    ],
    [
      230408,
      5,
      "0001111111222223455",
      1,
      10,
      64
    ],
    [
      17416,
      3,
      "0001111111222233333",
      1,
      10,
      64
    ],
    [
      279560,
      4,
      "0001111111222233334",
      1,
      10,
      64
    ],
    [
      148488,
      4,
      "0001111111222233344",
      1,
      10,
      64
    ],
    [
      410632,
      5,
      "0001111111222233345",
      1,
      10,
      64
    ],
    [
      82952,
      4,
      "0001111111222233444",
      1,
      10,
      64
    ],
    [
      345096,
      5,
      "0001111111222233445",
      1,
      10,
      64
    ],
    [
      214024,
      5,
      "0001111111222233455",
      1,
      10,
      64
    ],
    [
      476168,
      6,
      "0001111111222233456",
      1,
      10,
      64
    ],
    [
      50184,
      4,
      "0001111111222234444",
      1,
      10,
      64
    ],
    [
      312328,
      5,
      "0001111111222234445",
      1,
      10,
      64
    ],
    [
      181256,
      5,
      "0001111111222234455",
      1,
      10,
      64
    ],
    [
      115720,
      5,
      "0001111111222234555",
      1,
      10,
      64
    ],
    [
      377864,
      6,
      "0001111111222234556",
      1,
      10,
      64
    ],
    [
      9224,
      3,
      "0001111111222333333",
      1,
      10,
      64
    ],
    [
      271368,
      4,
      "0001111111222333334",
      1,
      10,
      64
    ],
    [
      140296,
      4,
      "0001111111222333344",
      1,
      10,
      64
    ],
    [
      402440,
      5,
      "0001111111222333345",
      1,
      10,
      64
    ],
    [
      74760,
      4,
      "0001111111222333444",
      1,
      10,
      64
    ],
    [
      336904,
      5,
      "0001111111222333445",
      1,
      10,
      64
    ],
    [
      205832,
      5,
      "0001111111222333455",
      1,
      10,
      64
    ],
    [
      467976,
      6,
      "0001111111222333456",
      1,
      10,
      64
    ],
    [
      41992,
      4,
      "0001111111222334444",
      1,
      10,
      64
    ],
    [
      173064,
      5,
      "0001111111222334455",
      1,
      10,
      64
    ],
    [
      107528,
      5,
      "0001111111222334555",
      1,
      10,
      64
    ],
    [
      238600,
      6,
      "0001111111222334566",
      1,
      10,
      64
    ],
    [
      25608,
      4,
      "0001111111222344444",
      1,
      10,
      64
    ],
    [
      287752,
      5,
      "0001111111222344445",
      1,
      10,
      64
    ],
    [
      91144,
      5,
      "0001111111222344555",
      1,
      10,
      64
    ],
    [
      353288,
      6,
      "0001111111222344556",
      1,
      10,
      64
    ],
    [
      58376,
      5,
      "0001111111222345555",
      1,
      10,
      64
    ],
    [
      5128,
      3,
      "0001111111223333333",
      1,
      10,
      64
    ],
    [
      267272,
      4,
      "0001111111223333334",
      1,
      10,
      64
    ],
    [
      136200,
      4,
      "0001111111223333344",
      1,
      10,
      64
    ],
    [
      398344,
      5,
      "0001111111223333345",
      1,
      10,
      64
    ],
    [
      70664,
      4,
      "0001111111223333444",
      1,
      10,
      64
    ],
    [
      201736,
      5,
      "0001111111223333455",
      1,
      10,
      64
    ],
    [
      37896,
      4,
      "0001111111223334444",
      1,
      10,
      64
    ],
    [
      300040,
      5,
      "0001111111223334445",
      1,
      10,
      64
    ],
    [
      103432,
      5,
      "0001111111223334555",
      1,
      10,
      64
    ],
    [
      21512,
      4,
      "0001111111223344444",
      1,
      10,
      64
    ],
    [
      283656,
      5,
      "0001111111223344445",
      1,
      10,
      64
    ],
    [
      152584,
      5,
      "0001111111223344455",
      1,
      10,
      64
    ],
    [
      414728,
      6,
      "0001111111223344456",
      1,
      10,
      64
    ],
    [
      54280,
      5,
      "0001111111223345555",
      1,
      10,
      64
    ],
    [
      316424,
      6,
      "0001111111223345556",
      1,
      10,
      64
    ],
    [
      13320,
      4,
      "0001111111223444444",
      1,
      10,
      64
    ],
    [
      275464,
      5,
      "0001111111223444445",
      1,
      10,
      64
    ],
    [
      144392,
      5,
      "0001111111223444455",
      1,
      10,
      64
    ],
    [
      78856,
      5,
      "0001111111223444555",
      1,
      10,
      64
    ],
    [
      29704,
      5,
      "0001111111223455555",
      1,
      10,
      64
    ],
    [
      291848,
      6,
      "0001111111223455556",
      1,
      10,
      64
    ],
    [
      3080,
      3,
      "0001111111233333333",
      1,
      10,
      64
    ],
    [
      134152,
      4,
      "0001111111233333344",
      1,
      10,
      64
    ],
    [
      68616,
      4,
      "0001111111233333444",
      1,
      10,
      64
    ],
    [
      35848,
      4,
      "0001111111233334444",
      1,
      10,
      64
    ],
    [
      166920,
      5,
      "0001111111233334455",
      1,
      10,
      64
    ],
    [
      19464,
      4,
      "0001111111233344444",
      1,
      10,
      64
    ],
    [
      150536,
      5,
      "0001111111233344455",
      1,
      10,
      64
    ],
    [
      85000,
      5,
      "0001111111233344555",
      1,
      10,
      64
    ],
    [
      11272,
      4,
      "0001111111233444444",
      1,
      10,
      64
    ],
    [
      142344,
      5,
      "0001111111233444455",
      1,
      10,
      64
    ],
    [
      76808,
      5,
      "0001111111233444555",
      1,
      10,
      64
    ],
    [
      44040,
      5,
      "0001111111233445555",
      1,
      10,
      64
    ],
    [
      7176,
      4,
      "0001111111234444444",
      1,
      10,
      64
    ],
    [
      138248,
      5,
      "0001111111234444455",
      1,
      10,
      64
    ],
    [
      72712,
      5,
      "0001111111234444555",
      1,
      10,
      64
    ],
    [
      39944,
      5,
      "0001111111234445555",
      1,
      10,
      64
    ],
    [
      23560,
      5,
      "0001111111234455555",
      1,
      10,
      64
    ],
    [
      154632,
      6,
      "0001111111234455566",
      1,
      10,
      64
    ],
    [
      520,
      2,
      "0001111112222222222",
      1,
      9,
      32
    ],
    [
      262664,
      3,
      "0001111112222222223",
      1,
      9,
      32
    ],
    [
      131592,
      3,
      "0001111112222222233",
      1,
      9,
      32
    ],
    [
      393736,
      4,
      "0001111112222222234",
      1,
      9,
      32
    ],
    [
      66056,
      3,
      "0001111112222222333",
      1,
      9,
      32
    ],
    [
      328200,
      4,
      "0001111112222222334",
      1,
      9,
      32
    ],
    [
      197128,
      4,
      "0001111112222222344",
      1,
      9,
      32
    ],
    [
      459272,
      5,
      "0001111112222222345",
      1,
      9,
      32
    ],
    [
      33288,
      3,
      "0001111112222223333",
      1,
      9,
      32
    ],
    [
      295432,
      4,
      "0001111112222223334",
      1,
      9,
      32
    ],
    [
      164360,
      4,
      "0001111112222223344",
      1,
      9,
      32
    ],
    [
      426504,
      5,
      "0001111112222223345",
      1,
      9,
      32
    ],
    [
      98824,
      4,
      "0001111112222223444",
      1,
      9,
      32
    ],
    [
      360968,
      5,
      "0001111112222223445",
      1,
      9,
      32
    ],
    [
      229896,
      5,
      "0001111112222223455",
      1,
      9,
      32
    ],
    [
      16904,
      3,
      "0001111112222233333",
      1,
      9,
      32
    ],
    [
      279048,
      4,
      "0001111112222233334",
      1,
      9,
      32
    ],
    [
      147976,
      4,
      "0001111112222233344",
      1,
      9,
      32
    ],
    [
      410120,
      5,
      "0001111112222233345",
      1,
      9,
      32
    ],
    [
      82440,
      4,
      "0001111112222233444",
      1,
      9,
      32
    ],
    [
      344584,
      5,
      "0001111112222233445",
      1,
      9,
      32
    ],
    [
      213512,
      5,
      "0001111112222233455",
      1,
      9,
      32
    ],
    [
      475656,
      6,
      "0001111112222233456",
      1,
      9,
      32
    ],
    [
      49672,
      4,
      "0001111112222234444",
      1,
      9,
      32
    ],
    [
      311816,
      5,
      "0001111112222234445",
      1,
      9,
      32
    ],
    [
      180744,
      5,
      "0001111112222234455",
      1,
      9,
      32
    ],
    [
      115208,
      5,
      "0001111112222234555",
      1,
      9,
      32
    ],
    [
      377352,
      6,
      "0001111112222234556",
      1,
      9,
      32
    ],
    [
      8712,
      3,
      "0001111112222333333",
      1,
      9,
      32
    ],
    [
      270856,
      4,
      "0001111112222333334",
      1,
      9,
      32
    ],
    [
      139784,
      4,
      "0001111112222333344",
      1,
      9,
      32
    ],
    [
      401928,
      5,
      "0001111112222333345",
      1,
      9,
      32
    ],
    [
      74248,
      4,
      "0001111112222333444",
      1,
      9,
      32
    ],
    [
      336392,
      5,
      "0001111112222333445",
      1,
      9,
      32
    ],
    [
      205320,
      5,
      "0001111112222333455",
      1,
      9,
      32
    ],
    [
      467464,
      6,
      "0001111112222333456",
      1,
      9,
      32
    ],
    [
      41480,
      4,
      "0001111112222334444",
      1,
      9,
      32
    ],
    [
      303624,
      5,
      "0001111112222334445",
      1,
      9,
      32
    ],
    [
      172552,
      5,
      "0001111112222334455",
      1,
      9,
      32
    ],
    [
      434696,
      6,
      "0001111112222334456",
      1,
      9,
      32
    ],
    [
      107016,
      5,
      "0001111112222334555",
      1,
      9,
      32
    ],
    [
      238088,
      6,
      "0001111112222334566",
      1,
      9,
      32
    ],
    [
      25096,
      4,
      "0001111112222344444",
      1,
      9,
      32
    ],
    [
      156168,
      5,
      "0001111112222344455",
      1,
      9,
      32
    ],
    [
      90632,
      5,
      "0001111112222344555",
      1,
      9,
      32
    ],
    [
      57864,
      5,
      "0001111112222345555",
      1,
      9,
      32
    ],
    [
      188936,
      6,
      "0001111112222345566",
      1,
      9,
      32
    ],
    [
      4616,
      3,
      "0001111112223333333",
      1,
      9,
      32
    ],
    [
      135688,
      4,
      "0001111112223333344",
      1,
      9,
      32
    ],
    [
      70152,
      4,
      "0001111112223333444",
      1,
      9,
      32
    ],
    [
      201224,
      5,
      "0001111112223333455",
      1,
      9,
      32
    ],
    [
      37384,
      4,
      "0001111112223334444",
      1,
      9,
      32
    ],
    [
      168456,
      5,
      "0001111112223334455",
      1,
      9,
      32
    ],
    [
      102920,
      5,
      "0001111112223334555",
      1,
      9,
      32
    ],
    [
      233992,
      6,
      "0001111112223334566",
      1,
      9,
      32
    ],
    [
      21000,
      4,
      "0001111112223344444",
      1,
      9,
      32
    ],
    [
      86536,
      5,
      "0001111112223344555",
      1,
      9,
      32
    ],
    [
      53768,
      5,
      "0001111112223345555",
      1,
      9,
      32
    ],
    [
      119304,
      6,
      "0001111112223345666",
      1,
      9,
      32
    ],
    [
      12808,
      4,
      "0001111112223444444",
      1,
      9,
      32
    ],
    [
      143880,
      5,
      "0001111112223444455",
      1,
      9,
      32
    ],
    [
      45576,
      5,
      "0001111112223445555",
      1,
      9,
      32
    ],
    [
      176648,
      6,
      "0001111112223445566",
      1,
      9,
      32
    ],
    [
      29192,
      5,
      "0001111112223455555",
      1,
      9,
      32
    ],
    [
      2568,
      3,
      "0001111112233333333",
      1,
      9,
      32
    ],
    [
      264712,
      4,
      "0001111112233333334",
      1,
      9,
      32
    ],
    [
      68104,
      4,
      "0001111112233333444",
      1,
      9,
      32
    ],
    [
      35336,
      4,
      "0001111112233334444",
      1,
      9,
      32
    ],
    [
      297480,
      5,
      "0001111112233334445",
      1,
      9,
      32
    ],
    [
      100872,
      5,
      "0001111112233334555",
      1,
      9,
      32
    ],
    [
      18952,
      4,
      "0001111112233344444",
      1,
      9,
      32
    ],
    [
      281096,
      5,
      "0001111112233344445",
      1,
      9,
      32
    ],
    [
      51720,
      5,
      "0001111112233345555",
      1,
      9,
      32
    ],
    [
      10760,
      4,
      "0001111112233444444",
      1,
      9,
      32
    ],
    [
      272904,
      5,
      "0001111112233444445",
      1,
      9,
      32
    ],
    [
      76296,
      5,
      "0001111112233444555",
      1,
      9,
      32
    ],
    [
      27144,
      5,
      "0001111112233455555",
      1,
      9,
      32
    ],
    [
      6664,
      4,
      "0001111112234444444",
      1,
      9,
      32
    ],
    [
      72200,
      5,
      "0001111112234444555",
      1,
      9,
      32
    ],
    [
      39432,
      5,
      "0001111112234445555",
      1,
      9,
      32
    ],
    [
      14856,
      5,
      "0001111112234555555",
      1,
      9,
      32
    ],
    [
      1544,
      3,
      "0001111112333333333",
      1,
      9,
      32
    ],
    [
      263688,
      4,
      "0001111112333333334",
      1,
      9,
      32
    ],
    [
      132616,
      4,
      "0001111112333333344",
      1,
      9,
      32
    ],
    [
      34312,
      4,
      "0001111112333334444",
      1,
      9,
      32
    ],
    [
      296456,
      5,
      "0001111112333334445",
      1,
      9,
      32
    ],
    [
      165384,
      5,
      "0001111112333334455",
      1,
      9,
      32
    ],
    [
      17928,
      4,
      "0001111112333344444",
      1,
      9,
      32
    ],
    [
      280072,
      5,
      "0001111112333344445",
      1,
      9,
      32
    ],
    [
      149000,
      5,
      "0001111112333344455",
      1,
      9,
      32
    ],
    [
      9736,
      4,
      "0001111112333444444",
      1,
      9,
      32
    ],
    [
      271880,
      5,
      "0001111112333444445",
      1,
      9,
      32
    ],
    [
      140808,
      5,
      "0001111112333444455",
      1,
      9,
      32
    ],
    [
      42504,
      5,
      "0001111112333445555",
      1,
      9,
      32
    ],
    [
      173576,
      6,
      "0001111112333445566",
      1,
      9,
      32
    ],
    [
      5640,
      4,
      "0001111112334444444",
      1,
      9,
      32
    ],
    [
      136712,
      5,
      "0001111112334444455",
      1,
      9,
      32
    ],
    [
      38408,
      5,
      "0001111112334445555",
      1,
      9,
      32
    ],
    [
      22024,
      5,
      "0001111112334455555",
      1,
      9,
      32
    ],
    [
      3592,
      4,
      "0001111112344444444",
      1,
      9,
      32
    ],
    [
      36360,
      5,
      "0001111112344445555",
      1,
      9,
      32
    ],
    [
      19976,
      5,
      "0001111112344455555",
      1,
      9,
      32
    ],
    [
      11784,
      5,
      "0001111112344555555",
      1,
      9,
      32
    ],
    [
      264,
      2,
      "0001111122222222222",
      1,
      8,
      16
    ],
    [
      262408,
      3,
      "0001111122222222223",
      1,
      8,
      16
    ],
    [
      131336,
      3,
      "0001111122222222233",
      1,
      8,
      16
    ],
    [
      393480,
      4,
      "0001111122222222234",
      1,
      8,
      16
    ],
    [
      65800,
      3,
      "0001111122222222333",
      1,
      8,
      16
    ],
    [
      327944,
      4,
      "0001111122222222334",
      1,
      8,
      16
    ],
    [
      196872,
      4,
      "0001111122222222344",
      1,
      8,
      16
    ],
    [
      459016,
      5,
      "0001111122222222345",
      1,
      8,
      16
    ],
    [
      33032,
      3,
      "0001111122222223333",
      1,
      8,
      16
    ],
    [
      295176,
      4,
      "0001111122222223334",
      1,
      8,
      16
    ],
    [
      164104,
      4,
      "0001111122222223344",
      1,
      8,
      16
    ],
    [
      426248,
      5,
      "0001111122222223345",
      1,
      8,
      16
    ],
    [
      98568,
      4,
      "0001111122222223444",
      1,
      8,
      16
    ],
    [
      360712,
      5,
      "0001111122222223445",
      1,
      8,
      16
    ],
    [
      229640,
      5,
      "0001111122222223455",
      1,
      8,
      16
    ],
    [
      16648,
      3,
      "0001111122222233333",
      1,
      8,
      16
    ],
    [
      278792,
      4,
      "0001111122222233334",
      1,
      8,
      16
    ],
    [
      147720,
      4,
      "0001111122222233344",
      1,
      8,
      16
    ],
    [
      409864,
      5,
      "0001111122222233345",
      1,
      8,
      16
    ],
    [
      82184,
      4,
      "0001111122222233444",
      1,
      8,
      16
    ],
    [
      344328,
      5,
      "0001111122222233445",
      1,
      8,
      16
    ],
    [
      213256,
      5,
      "0001111122222233455",
      1,
      8,
      16
    ],
    [
      475400,
      6,
      "0001111122222233456",
      1,
      8,
      16
    ],
    [
      49416,
      4,
      "0001111122222234444",
      1,
      8,
      16
    ],
    [
      311560,
      5,
      "0001111122222234445",
      1,
      8,
      16
    ],
    [
      180488,
      5,
      "0001111122222234455",
      1,
      8,
      16
    ],
    [
      114952,
      5,
      "0001111122222234555",
      1,
      8,
      16
    ],
    [
      377096,
      6,
      "0001111122222234556",
      1,
      8,
      16
    ],
    [
      8456,
      3,
      "0001111122222333333",
      1,
      8,
      16
    ],
    [
      139528,
      4,
      "0001111122222333344",
      1,
      8,
      16
    ],
    [
      73992,
      4,
      "0001111122222333444",
      1,
      8,
      16
    ],
    [
      205064,
      5,
      "0001111122222333455",
      1,
      8,
      16
    ],
    [
      41224,
      4,
      "0001111122222334444",
      1,
      8,
      16
    ],
    [
      172296,
      5,
      "0001111122222334455",
      1,
      8,
      16
    ],
    [
      106760,
      5,
      "0001111122222334555",
      1,
      8,
      16
    ],
    [
      237832,
      6,
      "0001111122222334566",
      1,
      8,
      16
    ],
    [
      24840,
      4,
      "0001111122222344444",
      1,
      8,
      16
    ],
    [
      155912,
      5,
      "0001111122222344455",
      1,
      8,
      16
    ],
    [
      90376,
      5,
      "0001111122222344555",
      1,
      8,
      16
    ],
    [
      57608,
      5,
      "0001111122222345555",
      1,
      8,
      16
    ],
    [
      188680,
      6,
      "0001111122222345566",
      1,
      8,
      16
    ],
    [
      4360,
      3,
      "0001111122223333333",
      1,
      8,
      16
    ],
    [
      266504,
      4,
      "0001111122223333334",
      1,
      8,
      16
    ],
    [
      69896,
      4,
      "0001111122223333444",
      1,
      8,
      16
    ],
    [
      332040,
      5,
      "0001111122223333445",
      1,
      8,
      16
    ],
    [
      37128,
      4,
      "0001111122223334444",
      1,
      8,
      16
    ],
    [
      299272,
      5,
      "0001111122223334445",
      1,
      8,
      16
    ],
    [
      102664,
      5,
      "0001111122223334555",
      1,
      8,
      16
    ],
    [
      364808,
      6,
      "0001111122223334556",
      1,
      8,
      16
    ],
    [
      20744,
      4,
      "0001111122223344444",
      1,
      8,
      16
    ],
    [
      86280,
      5,
      "0001111122223344555",
      1,
      8,
      16
    ],
    [
      53512,
      5,
      "0001111122223345555",
      1,
      8,
      16
    ],
    [
      119048,
      6,
      "0001111122223345666",
      1,
      8,
      16
    ],
    [
      12552,
      4,
      "0001111122223444444",
      1,
      8,
      16
    ],
    [
      78088,
      5,
      "0001111122223444555",
      1,
      8,
      16
    ],
    [
      45320,
      5,
      "0001111122223445555",
      1,
      8,
      16
    ],
    [
      28936,
      5,
      "0001111122223455555",
      1,
      8,
      16
    ],
    [
      94472,
      6,
      "0001111122223455666",
      1,
      8,
      16
    ],
    [
      2312,
      3,
      "0001111122233333333",
      1,
      8,
      16
    ],
    [
      264456,
      4,
      "0001111122233333334",
      1,
      8,
      16
    ],
    [
      133384,
      4,
      "0001111122233333344",
      1,
      8,
      16
    ],
    [
      395528,
      5,
      "0001111122233333345",
      1,
      8,
      16
    ],
    [
      35080,
      4,
      "0001111122233334444",
      1,
      8,
      16
    ],
    [
      166152,
      5,
      "0001111122233334455",
      1,
      8,
      16
    ],
    [
      18696,
      4,
      "0001111122233344444",
      1,
      8,
      16
    ],
    [
      280840,
      5,
      "0001111122233344445",
      1,
      8,
      16
    ],
    [
      51464,
      5,
      "0001111122233345555",
      1,
      8,
      16
    ],
    [
      10504,
      4,
      "0001111122233444444",
      1,
      8,
      16
    ],
    [
      141576,
      5,
      "0001111122233444455",
      1,
      8,
      16
    ],
    [
      43272,
      5,
      "0001111122233445555",
      1,
      8,
      16
    ],
    [
      26888,
      5,
      "0001111122233455555",
      1,
      8,
      16
    ],
    [
      59656,
      6,
      "0001111122233456666",
      1,
      8,
      16
    ],
    [
      6408,
      4,
      "0001111122234444444",
      1,
      8,
      16
    ],
    [
      268552,
      5,
      "0001111122234444445",
      1,
      8,
      16
    ],
    [
      22792,
      5,
      "0001111122234455555",
      1,
      8,
      16
    ],
    [
      14600,
      5,
      "0001111122234555555",
      1,
      8,
      16
    ],
    [
      1288,
      3,
      "0001111122333333333",
      1,
      8,
      16
    ],
    [
      263432,
      4,
      "0001111122333333334",
      1,
      8,
      16
    ],
    [
      132360,
      4,
      "0001111122333333344",
      1,
      8,
      16
    ],
    [
      394504,
      5,
      "0001111122333333345",
      1,
      8,
      16
    ],
    [
      66824,
      4,
      "0001111122333333444",
      1,
      8,
      16
    ],
    [
      197896,
      5,
      "0001111122333333455",
      1,
      8,
      16
    ],
    [
      17672,
      4,
      "0001111122333344444",
      1,
      8,
      16
    ],
    [
      279816,
      5,
      "0001111122333344445",
      1,
      8,
      16
    ],
    [
      148744,
      5,
      "0001111122333344455",
      1,
      8,
      16
    ],
    [
      410888,
      6,
      "0001111122333344456",
      1,
      8,
      16
    ],
    [
      9480,
      4,
      "0001111122333444444",
      1,
      8,
      16
    ],
    [
      140552,
      5,
      "0001111122333444455",
      1,
      8,
      16
    ],
    [
      75016,
      5,
      "0001111122333444555",
      1,
      8,
      16
    ],
    [
      206088,
      6,
      "0001111122333444566",
      1,
      8,
      16
    ],
    [
      25864,
      5,
      "0001111122333455555",
      1,
      8,
      16
    ],
    [
      5384,
      4,
      "0001111122334444444",
      1,
      8,
      16
    ],
    [
      267528,
      5,
      "0001111122334444445",
      1,
      8,
      16
    ],
    [
      70920,
      5,
      "0001111122334444555",
      1,
      8,
      16
    ],
    [
      13576,
      5,
      "0001111122334555555",
      1,
      8,
      16
    ],
    [
      79112,
      6,
      "0001111122334555666",
      1,
      8,
      16
    ],
    [
      3336,
      4,
      "0001111122344444444",
      1,
      8,
      16
    ],
    [
      134408,
      5,
      "0001111122344444455",
      1,
      8,
      16
    ],
    [
      19720,
      5,
      "0001111122344455555",
      1,
      8,
      16
    ],
    [
      7432,
      5,
      "0001111122345555555",
      1,
      8,
      16
    ],
    [
      776,
      3,
      "0001111123333333333",
      1,
      8,
      16
    ],
    [
      262920,
      4,
      "0001111123333333334",
      1,
      8,
      16
    ],
    [
      131848,
      4,
      "0001111123333333344",
      1,
      8,
      16
    ],
    [
      66312,
      4,
      "0001111123333333444",
      1,
      8,
      16
    ],
    [
      328456,
      5,
      "0001111123333333445",
      1,
      8,
      16
    ],
    [
      33544,
      4,
      "0001111123333334444",
      1,
      8,
      16
    ],
    [
      295688,
      5,
      "0001111123333334445",
      1,
      8,
      16
    ],
    [
      164616,
      5,
      "0001111123333334455",
      1,
      8,
      16
    ],
    [
      8968,
      4,
      "0001111123333444444",
      1,
      8,
      16
    ],
    [
      140040,
      5,
      "0001111123333444455",
      1,
      8,
      16
    ],
    [
      74504,
      5,
      "0001111123333444555",
      1,
      8,
      16
    ],
    [
      41736,
      5,
      "0001111123333445555",
      1,
      8,
      16
    ],
    [
      172808,
      6,
      "0001111123333445566",
      1,
      8,
      16
    ],
    [
      4872,
      4,
      "0001111123334444444",
      1,
      8,
      16
    ],
    [
      70408,
      5,
      "0001111123334444555",
      1,
      8,
      16
    ],
    [
      37640,
      5,
      "0001111123334445555",
      1,
      8,
      16
    ],
    [
      2824,
      4,
      "0001111123344444444",
      1,
      8,
      16
    ],
    [
      264968,
      5,
      "0001111123344444445",
      1,
      8,
      16
    ],
    [
      35592,
      5,
      "0001111123344445555",
      1,
      8,
      16
    ],
    [
      11016,
      5,
      "0001111123344555555",
      1,
      8,
      16
    ],
    [
      1800,
      4,
      "0001111123444444444",
      1,
      8,
      16
    ],
    [
      263944,
      5,
      "0001111123444444445",
      1,
      8,
      16
    ],
    [
      132872,
      5,
      "0001111123444444455",
      1,
      8,
      16
    ],
    [
      9992,
      5,
      "0001111123444555555",
      1,
      8,
      16
    ],
    [
      141064,
      6,
      "0001111123444555566",
      1,
      8,
      16
    ],
    [
      5896,
      5,
      "0001111123445555555",
      1,
      8,
      16
    ],
    [
      136,
      2,
      "0001111222222222222",
      1,
      7,
      8
    ],
    [
      262280,
      3,
      "0001111222222222223",
      1,
      7,
      8
    ],
    [
      131208,
      3,
      "0001111222222222233",
      1,
      7,
      8
    ],
    [
      393352,
      4,
      "0001111222222222234",
      1,
      7,
      8
    ],
    [
      65672,
      3,
      "0001111222222222333",
      1,
      7,
      8
    ],
    [
      327816,
      4,
      "0001111222222222334",
      1,
      7,
      8
    ],
    [
      196744,
      4,
      "0001111222222222344",
      1,
      7,
      8
    ],
    [
      458888,
      5,
      "0001111222222222345",
      1,
      7,
      8
    ],
    [
      32904,
      3,
      "0001111222222223333",
      1,
      7,
      8
    ],
    [
      295048,
      4,
      "0001111222222223334",
      1,
      7,
      8
    ],
    [
      163976,
      4,
      "0001111222222223344",
      1,
      7,
      8
    ],
    [
      426120,
      5,
      "0001111222222223345",
      1,
      7,
      8
    ],
    [
      98440,
      4,
      "0001111222222223444",
      1,
      7,
      8
    ],
    [
      360584,
      5,
      "0001111222222223445",
      1,
      7,
      8
    ],
    [
      229512,
      5,
      "0001111222222223455",
      1,
      7,
      8
    ],
    [
      16520,
      3,
      "0001111222222233333",
      1,
      7,
      8
    ],
    [
      147592,
      4,
      "0001111222222233344",
      1,
      7,
      8
    ],
    [
      82056,
      4,
      "0001111222222233444",
      1,
      7,
      8
    ],
    [
      213128,
      5,
      "0001111222222233455",
      1,
      7,
      8
    ],
    [
      49288,
      4,
      "0001111222222234444",
      1,
      7,
      8
    ],
    [
      180360,
      5,
      "0001111222222234455",
      1,
      7,
      8
    ],
    [
      114824,
      5,
      "0001111222222234555",
      1,
      7,
      8
    ],
    [
      8328,
      3,
      "0001111222222333333",
      1,
      7,
      8
    ],
    [
      270472,
      4,
      "0001111222222333334",
      1,
      7,
      8
    ],
    [
      73864,
      4,
      "0001111222222333444",
      1,
      7,
      8
    ],
    [
      336008,
      5,
      "0001111222222333445",
      1,
      7,
      8
    ],
    [
      41096,
      4,
      "0001111222222334444",
      1,
      7,
      8
    ],
    [
      303240,
      5,
      "0001111222222334445",
      1,
      7,
      8
    ],
    [
      106632,
      5,
      "0001111222222334555",
      1,
      7,
      8
    ],
    [
      24712,
      4,
      "0001111222222344444",
      1,
      7,
      8
    ],
    [
      90248,
      5,
      "0001111222222344555",
      1,
      7,
      8
    ],
    [
      57480,
      5,
      "0001111222222345555",
      1,
      7,
      8
    ],
    [
      4232,
      3,
      "0001111222223333333",
      1,
      7,
      8
    ],
    [
      266376,
      4,
      "0001111222223333334",
      1,
      7,
      8
    ],
    [
      135304,
      4,
      "0001111222223333344",
      1,
      7,
      8
    ],
    [
      397448,
      5,
      "0001111222223333345",
      1,
      7,
      8
    ],
    [
      37000,
      4,
      "0001111222223334444",
      1,
      7,
      8
    ],
    [
      299144,
      5,
      "0001111222223334445",
      1,
      7,
      8
    ],
    [
      168072,
      5,
      "0001111222223334455",
      1,
      7,
      8
    ],
    [
      430216,
      6,
      "0001111222223334456",
      1,
      7,
      8
    ],
    [
      20616,
      4,
      "0001111222223344444",
      1,
      7,
      8
    ],
    [
      151688,
      5,
      "0001111222223344455",
      1,
      7,
      8
    ],
    [
      53384,
      5,
      "0001111222223345555",
      1,
      7,
      8
    ],
    [
      12424,
      4,
      "0001111222223444444",
      1,
      7,
      8
    ],
    [
      45192,
      5,
      "0001111222223445555",
      1,
      7,
      8
    ],
    [
      28808,
      5,
      "0001111222223455555",
      1,
      7,
      8
    ],
    [
      2184,
      3,
      "0001111222233333333",
      1,
      7,
      8
    ],
    [
      264328,
      4,
      "0001111222233333334",
      1,
      7,
      8
    ],
    [
      133256,
      4,
      "0001111222233333344",
      1,
      7,
      8
    ],
    [
      395400,
      5,
      "0001111222233333345",
      1,
      7,
      8
    ],
    [
      67720,
      4,
      "0001111222233333444",
      1,
      7,
      8
    ],
    [
      329864,
      5,
      "0001111222233333445",
      1,
      7,
      8
    ],
    [
      198792,
      5,
      "0001111222233333455",
      1,
      7,
      8
    ],
    [
      460936,
      6,
      "0001111222233333456",
      1,
      7,
      8
    ],
    [
      18568,
      4,
      "0001111222233344444",
      1,
      7,
      8
    ],
    [
      149640,
      5,
      "0001111222233344455",
      1,
      7,
      8
    ],
    [
      84104,
      5,
      "0001111222233344555",
      1,
      7,
      8
    ],
    [
      215176,
      6,
      "0001111222233344566",
      1,
      7,
      8
    ],
    [
      10376,
      4,
      "0001111222233444444",
      1,
      7,
      8
    ],
    [
      272520,
      5,
      "0001111222233444445",
      1,
      7,
      8
    ],
    [
      75912,
      5,
      "0001111222233444555",
      1,
      7,
      8
    ],
    [
      26760,
      5,
      "0001111222233455555",
      1,
      7,
      8
    ],
    [
      6280,
      4,
      "0001111222234444444",
      1,
      7,
      8
    ],
    [
      268424,
      5,
      "0001111222234444445",
      1,
      7,
      8
    ],
    [
      137352,
      5,
      "0001111222234444455",
      1,
      7,
      8
    ],
    [
      22664,
      5,
      "0001111222234455555",
      1,
      7,
      8
    ],
    [
      153736,
      6,
      "0001111222234455566",
      1,
      7,
      8
    ],
    [
      14472,
      5,
      "0001111222234555555",
      1,
      7,
      8
    ],
    [
      1160,
      3,
      "0001111222333333333",
      1,
      7,
      8
    ],
    [
      263304,
      4,
      "0001111222333333334",
      1,
      7,
      8
    ],
    [
      132232,
      4,
      "0001111222333333344",
      1,
      7,
      8
    ],
    [
      394376,
      5,
      "0001111222333333345",
      1,
      7,
      8
    ],
    [
      66696,
      4,
      "0001111222333333444",
      1,
      7,
      8
    ],
    [
      328840,
      5,
      "0001111222333333445",
      1,
      7,
      8
    ],
    [
      197768,
      5,
      "0001111222333333455",
      1,
      7,
      8
    ],
    [
      459912,
      6,
      "0001111222333333456",
      1,
      7,
      8
    ],
    [
      33928,
      4,
      "0001111222333334444",
      1,
      7,
      8
    ],
    [
      165000,
      5,
      "0001111222333334455",
      1,
      7,
      8
    ],
    [
      99464,
      5,
      "0001111222333334555",
      1,
      7,
      8
    ],
    [
      230536,
      6,
      "0001111222333334566",
      1,
      7,
      8
    ],
    [
      9352,
      4,
      "0001111222333444444",
      1,
      7,
      8
    ],
    [
      271496,
      5,
      "0001111222333444445",
      1,
      7,
      8
    ],
    [
      42120,
      5,
      "0001111222333445555",
      1,
      7,
      8
    ],
    [
      5256,
      4,
      "0001111222334444444",
      1,
      7,
      8
    ],
    [
      267400,
      5,
      "0001111222334444445",
      1,
      7,
      8
    ],
    [
      136328,
      5,
      "0001111222334444455",
      1,
      7,
      8
    ],
    [
      398472,
      6,
      "0001111222334444456",
      1,
      7,
      8
    ],
    [
      13448,
      5,
      "0001111222334555555",
      1,
      7,
      8
    ],
    [
      3208,
      4,
      "0001111222344444444",
      1,
      7,
      8
    ],
    [
      134280,
      5,
      "0001111222344444455",
      1,
      7,
      8
    ],
    [
      68744,
      5,
      "0001111222344444555",
      1,
      7,
      8
    ],
    [
      11400,
      5,
      "0001111222344555555",
      1,
      7,
      8
    ],
    [
      7304,
      5,
      "0001111222345555555",
      1,
      7,
      8
    ],
    [
      138376,
      6,
      "0001111222345555566",
      1,
      7,
      8
    ],
    [
      648,
      3,
      "0001111223333333333",
      1,
      7,
      8
    ],
    [
      262792,
      4,
      "0001111223333333334",
      1,
      7,
      8
    ],
    [
      131720,
      4,
      "0001111223333333344",
      1,
      7,
      8
    ],
    [
      393864,
      5,
      "0001111223333333345",
      1,
      7,
      8
    ],
    [
      66184,
      4,
      "0001111223333333444",
      1,
      7,
      8
    ],
    [
      197256,
      5,
      "0001111223333333455",
      1,
      7,
      8
    ],
    [
      33416,
      4,
      "0001111223333334444",
      1,
      7,
      8
    ],
    [
      295560,
      5,
      "0001111223333334445",
      1,
      7,
      8
    ],
    [
      98952,
      5,
      "0001111223333334555",
      1,
      7,
      8
    ],
    [
      17032,
      4,
      "0001111223333344444",
      1,
      7,
      8
    ],
    [
      148104,
      5,
      "0001111223333344455",
      1,
      7,
      8
    ],
    [
      49800,
      5,
      "0001111223333345555",
      1,
      7,
      8
    ],
    [
      4744,
      4,
      "0001111223334444444",
      1,
      7,
      8
    ],
    [
      135816,
      5,
      "0001111223334444455",
      1,
      7,
      8
    ],
    [
      37512,
      5,
      "0001111223334445555",
      1,
      7,
      8
    ],
    [
      2696,
      4,
      "0001111223344444444",
      1,
      7,
      8
    ],
    [
      264840,
      5,
      "0001111223344444445",
      1,
      7,
      8
    ],
    [
      68232,
      5,
      "0001111223344444555",
      1,
      7,
      8
    ],
    [
      19080,
      5,
      "0001111223344455555",
      1,
      7,
      8
    ],
    [
      6792,
      5,
      "0001111223345555555",
      1,
      7,
      8
    ],
    [
      1672,
      4,
      "0001111223444444444",
      1,
      7,
      8
    ],
    [
      263816,
      5,
      "0001111223444444445",
      1,
      7,
      8
    ],
    [
      132744,
      5,
      "0001111223444444455",
      1,
      7,
      8
    ],
    [
      34440,
      5,
      "0001111223444445555",
      1,
      7,
      8
    ],
    [
      3720,
      5,
      "0001111223455555555",
      1,
      7,
      8
    ],
    [
      392,
      3,
      "0001111233333333333",
      1,
      7,
      8
    ],
    [
      262536,
      4,
      "0001111233333333334",
      1,
      7,
      8
    ],
    [
      131464,
      4,
      "0001111233333333344",
      1,
      7,
      8
    ],
    [
      65928,
      4,
      "0001111233333333444",
      1,
      7,
      8
    ],
    [
      328072,
      5,
      "0001111233333333445",
      1,
      7,
      8
    ],
    [
      33160,
      4,
      "0001111233333334444",
      1,
      7,
      8
    ],
    [
      295304,
      5,
      "0001111233333334445",
      1,
      7,
      8
    ],
    [
      164232,
      5,
      "0001111233333334455",
      1,
      7,
      8
    ],
    [
      16776,
      4,
      "0001111233333344444",
      1,
      7,
      8
    ],
    [
      147848,
      5,
      "0001111233333344455",
      1,
      7,
      8
    ],
    [
      82312,
      5,
      "0001111233333344555",
      1,
      7,
      8
    ],
    [
      8584,
      4,
      "0001111233333444444",
      1,
      7,
      8
    ],
    [
      74120,
      5,
      "0001111233333444555",
      1,
      7,
      8
    ],
    [
      41352,
      5,
      "0001111233333445555",
      1,
      7,
      8
    ],
    [
      2440,
      4,
      "0001111233344444444",
      1,
      7,
      8
    ],
    [
      264584,
      5,
      "0001111233344444445",
      1,
      7,
      8
    ],
    [
      133512,
      5,
      "0001111233344444455",
      1,
      7,
      8
    ],
    [
      18824,
      5,
      "0001111233344455555",
      1,
      7,
      8
    ],
    [
      10632,
      5,
      "0001111233344555555",
      1,
      7,
      8
    ],
    [
      1416,
      4,
      "0001111233444444444",
      1,
      7,
      8
    ],
    [
      263560,
      5,
      "0001111233444444445",
      1,
      7,
      8
    ],
    [
      132488,
      5,
      "0001111233444444455",
      1,
      7,
      8
    ],
    [
      66952,
      5,
      "0001111233444444555",
      1,
      7,
      8
    ],
    [
      9608,
      5,
      "0001111233444555555",
      1,
      7,
      8
    ],
    [
      904,
      4,
      "0001111234444444444",
      1,
      7,
      8
    ],
    [
      263048,
      5,
      "0001111234444444445",
      1,
      7,
      8
    ],
    [
      131976,
      5,
      "0001111234444444455",
      1,
      7,
      8
    ],
    [
      66440,
      5,
      "0001111234444444555",
      1,
      7,
      8
    ],
    [
      33672,
      5,
      "0001111234444445555",
      1,
      7,
      8
    ],
    [
      295816,
      6,
      "0001111234444445556",
      1,
      7,
      8
    ],
    [
      2952,
      5,
      "0001111234455555555",
      1,
      7,
      8
    ],
    [
      265096,
      6,
      "0001111234455555556",
      1,
      7,
      8
    ],
    [
      72,
      2,
      "0001112222222222222",
      1,
      6,
      4
    ],
    [
      262216,
      3,
      "0001112222222222223",
      1,
      6,
      4
    ],
    [
      131144,
      3,
      "0001112222222222233",
      1,
      6,
      4
    ],
    [
      393288,
      4,
      "0001112222222222234",
      1,
      6,
      4
    ],
    [
      65608,
      3,
      "0001112222222222333",
      1,
      6,
      4
    ],
    [
      327752,
      4,
      "0001112222222222334",
      1,
      6,
      4
    ],
    [
      196680,
      4,
      "0001112222222222344",
      1,
      6,
      4
    ],
    [
      458824,
      5,
      "0001112222222222345",
      1,
      6,
      4
    ],
    [
      32840,
      3,
      "0001112222222223333",
      1,
      6,
      4
    ],
    [
      163912,
      4,
      "0001112222222223344",
      1,
      6,
      4
    ],
    [
      98376,
      4,
      "0001112222222223444",
      1,
      6,
      4
    ],
    [
      229448,
      5,
      "0001112222222223455",
      1,
      6,
      4
    ],
    [
      16456,
      3,
      "0001112222222233333",
      1,
      6,
      4
    ],
    [
      278600,
      4,
      "0001112222222233334",
      1,
      6,
      4
    ],
    [
      81992,
      4,
      "0001112222222233444",
      1,
      6,
      4
    ],
    [
      344136,
      5,
      "0001112222222233445",
      1,
      6,
      4
    ],
    [
      49224,
      4,
      "0001112222222234444",
      1,
      6,
      4
    ],
    [
      114760,
      5,
      "0001112222222234555",
      1,
      6,
      4
    ],
    [
      8264,
      3,
      "0001112222222333333",
      1,
      6,
      4
    ],
    [
      270408,
      4,
      "0001112222222333334",
      1,
      6,
      4
    ],
    [
      139336,
      4,
      "0001112222222333344",
      1,
      6,
      4
    ],
    [
      401480,
      5,
      "0001112222222333345",
      1,
      6,
      4
    ],
    [
      41032,
      4,
      "0001112222222334444",
      1,
      6,
      4
    ],
    [
      172104,
      5,
      "0001112222222334455",
      1,
      6,
      4
    ],
    [
      24648,
      4,
      "0001112222222344444",
      1,
      6,
      4
    ],
    [
      286792,
      5,
      "0001112222222344445",
      1,
      6,
      4
    ],
    [
      57416,
      5,
      "0001112222222345555",
      1,
      6,
      4
    ],
    [
      4168,
      3,
      "0001112222223333333",
      1,
      6,
      4
    ],
    [
      266312,
      4,
      "0001112222223333334",
      1,
      6,
      4
    ],
    [
      135240,
      4,
      "0001112222223333344",
      1,
      6,
      4
    ],
    [
      397384,
      5,
      "0001112222223333345",
      1,
      6,
      4
    ],
    [
      69704,
      4,
      "0001112222223333444",
      1,
      6,
      4
    ],
    [
      331848,
      5,
      "0001112222223333445",
      1,
      6,
      4
    ],
    [
      200776,
      5,
      "0001112222223333455",
      1,
      6,
      4
    ],
    [
      462920,
      6,
      "0001112222223333456",
      1,
      6,
      4
    ],
    [
      20552,
      4,
      "0001112222223344444",
      1,
      6,
      4
    ],
    [
      282696,
      5,
      "0001112222223344445",
      1,
      6,
      4
    ],
    [
      86088,
      5,
      "0001112222223344555",
      1,
      6,
      4
    ],
    [
      12360,
      4,
      "0001112222223444444",
      1,
      6,
      4
    ],
    [
      274504,
      5,
      "0001112222223444445",
      1,
      6,
      4
    ],
    [
      143432,
      5,
      "0001112222223444455",
      1,
      6,
      4
    ],
    [
      28744,
      5,
      "0001112222223455555",
      1,
      6,
      4
    ],
    [
      290888,
      6,
      "0001112222223455556",
      1,
      6,
      4
    ],
    [
      2120,
      3,
      "0001112222233333333",
      1,
      6,
      4
    ],
    [
      264264,
      4,
      "0001112222233333334",
      1,
      6,
      4
    ],
    [
      133192,
      4,
      "0001112222233333344",
      1,
      6,
      4
    ],
    [
      395336,
      5,
      "0001112222233333345",
      1,
      6,
      4
    ],
    [
      67656,
      4,
      "0001112222233333444",
      1,
      6,
      4
    ],
    [
      329800,
      5,
      "0001112222233333445",
      1,
      6,
      4
    ],
    [
      198728,
      5,
      "0001112222233333455",
      1,
      6,
      4
    ],
    [
      460872,
      6,
      "0001112222233333456",
      1,
      6,
      4
    ],
    [
      34888,
      4,
      "0001112222233334444",
      1,
      6,
      4
    ],
    [
      165960,
      5,
      "0001112222233334455",
      1,
      6,
      4
    ],
    [
      100424,
      5,
      "0001112222233334555",
      1,
      6,
      4
    ],
    [
      231496,
      6,
      "0001112222233334566",
      1,
      6,
      4
    ],
    [
      10312,
      4,
      "0001112222233444444",
      1,
      6,
      4
    ],
    [
      141384,
      5,
      "0001112222233444455",
      1,
      6,
      4
    ],
    [
      43080,
      5,
      "0001112222233445555",
      1,
      6,
      4
    ],
    [
      6216,
      4,
      "0001112222234444444",
      1,
      6,
      4
    ],
    [
      268360,
      5,
      "0001112222234444445",
      1,
      6,
      4
    ],
    [
      71752,
      5,
      "0001112222234444555",
      1,
      6,
      4
    ],
    [
      333896,
      6,
      "0001112222234444556",
      1,
      6,
      4
    ],
    [
      14408,
      5,
      "0001112222234555555",
      1,
      6,
      4
    ],
    [
      1096,
      3,
      "0001112222333333333",
      1,
      6,
      4
    ],
    [
      263240,
      4,
      "0001112222333333334",
      1,
      6,
      4
    ],
    [
      132168,
      4,
      "0001112222333333344",
      1,
      6,
      4
    ],
    [
      394312,
      5,
      "0001112222333333345",
      1,
      6,
      4
    ],
    [
      66632,
      4,
      "0001112222333333444",
      1,
      6,
      4
    ],
    [
      328776,
      5,
      "0001112222333333445",
      1,
      6,
      4
    ],
    [
      197704,
      5,
      "0001112222333333455",
      1,
      6,
      4
    ],
    [
      459848,
      6,
      "0001112222333333456",
      1,
      6,
      4
    ],
    [
      33864,
      4,
      "0001112222333334444",
      1,
      6,
      4
    ],
    [
      164936,
      5,
      "0001112222333334455",
      1,
      6,
      4
    ],
    [
      99400,
      5,
      "0001112222333334555",
      1,
      6,
      4
    ],
    [
      230472,
      6,
      "0001112222333334566",
      1,
      6,
      4
    ],
    [
      17480,
      4,
      "0001112222333344444",
      1,
      6,
      4
    ],
    [
      83016,
      5,
      "0001112222333344555",
      1,
      6,
      4
    ],
    [
      50248,
      5,
      "0001112222333345555",
      1,
      6,
      4
    ],
    [
      115784,
      6,
      "0001112222333345666",
      1,
      6,
      4
    ],
    [
      5192,
      4,
      "0001112222334444444",
      1,
      6,
      4
    ],
    [
      267336,
      5,
      "0001112222334444445",
      1,
      6,
      4
    ],
    [
      136264,
      5,
      "0001112222334444455",
      1,
      6,
      4
    ],
    [
      398408,
      6,
      "0001112222334444456",
      1,
      6,
      4
    ],
    [
      21576,
      5,
      "0001112222334455555",
      1,
      6,
      4
    ],
    [
      3144,
      4,
      "0001112222344444444",
      1,
      6,
      4
    ],
    [
      134216,
      5,
      "0001112222344444455",
      1,
      6,
      4
    ],
    [
      68680,
      5,
      "0001112222344444555",
      1,
      6,
      4
    ],
    [
      7240,
      5,
      "0001112222345555555",
      1,
      6,
      4
    ],
    [
      584,
      3,
      "0001112223333333333",
      1,
      6,
      4
    ],
    [
      262728,
      4,
      "0001112223333333334",
      1,
      6,
      4
    ],
    [
      131656,
      4,
      "0001112223333333344",
      1,
      6,
      4
    ],
    [
      393800,
      5,
      "0001112223333333345",
      1,
      6,
      4
    ],
    [
      66120,
      4,
      "0001112223333333444",
      1,
      6,
      4
    ],
    [
      328264,
      5,
      "0001112223333333445",
      1,
      6,
      4
    ],
    [
      197192,
      5,
      "0001112223333333455",
      1,
      6,
      4
    ],
    [
      459336,
      6,
      "0001112223333333456",
      1,
      6,
      4
    ],
    [
      33352,
      4,
      "0001112223333334444",
      1,
      6,
      4
    ],
    [
      164424,
      5,
      "0001112223333334455",
      1,
      6,
      4
    ],
    [
      98888,
      5,
      "0001112223333334555",
      1,
      6,
      4
    ],
    [
      229960,
      6,
      "0001112223333334566",
      1,
      6,
      4
    ],
    [
      16968,
      4,
      "0001112223333344444",
      1,
      6,
      4
    ],
    [
      279112,
      5,
      "0001112223333344445",
      1,
      6,
      4
    ],
    [
      82504,
      5,
      "0001112223333344555",
      1,
      6,
      4
    ],
    [
      344648,
      6,
      "0001112223333344556",
      1,
      6,
      4
    ],
    [
      49736,
      5,
      "0001112223333345555",
      1,
      6,
      4
    ],
    [
      115272,
      6,
      "0001112223333345666",
      1,
      6,
      4
    ],
    [
      8776,
      4,
      "0001112223333444444",
      1,
      6,
      4
    ],
    [
      270920,
      5,
      "0001112223333444445",
      1,
      6,
      4
    ],
    [
      139848,
      5,
      "0001112223333444455",
      1,
      6,
      4
    ],
    [
      401992,
      6,
      "0001112223333444456",
      1,
      6,
      4
    ],
    [
      41544,
      5,
      "0001112223333445555",
      1,
      6,
      4
    ],
    [
      172616,
      6,
      "0001112223333445566",
      1,
      6,
      4
    ],
    [
      25160,
      5,
      "0001112223333455555",
      1,
      6,
      4
    ],
    [
      57928,
      6,
      "0001112223333456666",
      1,
      6,
      4
    ],
    [
      2632,
      4,
      "0001112223344444444",
      1,
      6,
      4
    ],
    [
      264776,
      5,
      "0001112223344444445",
      1,
      6,
      4
    ],
    [
      68168,
      5,
      "0001112223344444555",
      1,
      6,
      4
    ],
    [
      35400,
      5,
      "0001112223344445555",
      1,
      6,
      4
    ],
    [
      100936,
      6,
      "0001112223344445666",
      1,
      6,
      4
    ],
    [
      10824,
      5,
      "0001112223344555555",
      1,
      6,
      4
    ],
    [
      1608,
      4,
      "0001112223444444444",
      1,
      6,
      4
    ],
    [
      263752,
      5,
      "0001112223444444445",
      1,
      6,
      4
    ],
    [
      132680,
      5,
      "0001112223444444455",
      1,
      6,
      4
    ],
    [
      34376,
      5,
      "0001112223444445555",
      1,
      6,
      4
    ],
    [
      165448,
      6,
      "0001112223444445566",
      1,
      6,
      4
    ],
    [
      17992,
      5,
      "0001112223444455555",
      1,
      6,
      4
    ],
    [
      3656,
      5,
      "0001112223455555555",
      1,
      6,
      4
    ],
    [
      328,
      3,
      "0001112233333333333",
      1,
      6,
      4
    ],
    [
      262472,
      4,
      "0001112233333333334",
      1,
      6,
      4
    ],
    [
      131400,
      4,
      "0001112233333333344",
      1,
      6,
      4
    ],
    [
      393544,
      5,
      "0001112233333333345",
      1,
      6,
      4
    ],
    [
      65864,
      4,
      "0001112233333333444",
      1,
      6,
      4
    ],
    [
      196936,
      5,
      "0001112233333333455",
      1,
      6,
      4
    ],
    [
      33096,
      4,
      "0001112233333334444",
      1,
      6,
      4
    ],
    [
      98632,
      5,
      "0001112233333334555",
      1,
      6,
      4
    ],
    [
      16712,
      4,
      "0001112233333344444",
      1,
      6,
      4
    ],
    [
      278856,
      5,
      "0001112233333344445",
      1,
      6,
      4
    ],
    [
      49480,
      5,
      "0001112233333345555",
      1,
      6,
      4
    ],
    [
      8520,
      4,
      "0001112233333444444",
      1,
      6,
      4
    ],
    [
      139592,
      5,
      "0001112233333444455",
      1,
      6,
      4
    ],
    [
      24904,
      5,
      "0001112233333455555",
      1,
      6,
      4
    ],
    [
      4424,
      4,
      "0001112233334444444",
      1,
      6,
      4
    ],
    [
      266568,
      5,
      "0001112233334444445",
      1,
      6,
      4
    ],
    [
      69960,
      5,
      "0001112233334444555",
      1,
      6,
      4
    ],
    [
      12616,
      5,
      "0001112233334555555",
      1,
      6,
      4
    ],
    [
      1352,
      4,
      "0001112233444444444",
      1,
      6,
      4
    ],
    [
      263496,
      5,
      "0001112233444444445",
      1,
      6,
      4
    ],
    [
      132424,
      5,
      "0001112233444444455",
      1,
      6,
      4
    ],
    [
      394568,
      6,
      "0001112233444444456",
      1,
      6,
      4
    ],
    [
      66888,
      5,
      "0001112233444444555",
      1,
      6,
      4
    ],
    [
      197960,
      6,
      "0001112233444444566",
      1,
      6,
      4
    ],
    [
      17736,
      5,
      "0001112233444455555",
      1,
      6,
      4
    ],
    [
      840,
      4,
      "0001112234444444444",
      1,
      6,
      4
    ],
    [
      262984,
      5,
      "0001112234444444445",
      1,
      6,
      4
    ],
    [
      131912,
      5,
      "0001112234444444455",
      1,
      6,
      4
    ],
    [
      66376,
      5,
      "0001112234444444555",
      1,
      6,
      4
    ],
    [
      33608,
      5,
      "0001112234444445555",
      1,
      6,
      4
    ],
    [
      9032,
      5,
      "0001112234444555555",
      1,
      6,
      4
    ],
    [
      140104,
      6,
      "0001112234444555566",
      1,
      6,
      4
    ],
    [
      1864,
      5,
      "0001112234555555555",
      1,
      6,
      4
    ],
    [
      264008,
      6,
      "0001112234555555556",
      1,
      6,
      4
    ],
    [
      132936,
      6,
      "0001112234555555566",
      1,
      6,
      4
    ],
    [
      200,
      3,
      "0001112333333333333",
      1,
      6,
      4
    ],
    [
      262344,
      4,
      "0001112333333333334",
      1,
      6,
      4
    ],
    [
      131272,
      4,
      "0001112333333333344",
      1,
      6,
      4
    ],
    [
      65736,
      4,
      "0001112333333333444",
      1,
      6,
      4
    ],
    [
      327880,
      5,
      "0001112333333333445",
      1,
      6,
      4
    ],
    [
      32968,
      4,
      "0001112333333334444",
      1,
      6,
      4
    ],
    [
      164040,
      5,
      "0001112333333334455",
      1,
      6,
      4
    ],
    [
      16584,
      4,
      "0001112333333344444",
      1,
      6,
      4
    ],
    [
      82120,
      5,
      "0001112333333344555",
      1,
      6,
      4
    ],
    [
      8392,
      4,
      "0001112333333444444",
      1,
      6,
      4
    ],
    [
      270536,
      5,
      "0001112333333444445",
      1,
      6,
      4
    ],
    [
      41160,
      5,
      "0001112333333445555",
      1,
      6,
      4
    ],
    [
      4296,
      4,
      "0001112333334444444",
      1,
      6,
      4
    ],
    [
      266440,
      5,
      "0001112333334444445",
      1,
      6,
      4
    ],
    [
      135368,
      5,
      "0001112333334444455",
      1,
      6,
      4
    ],
    [
      20680,
      5,
      "0001112333334455555",
      1,
      6,
      4
    ],
    [
      2248,
      4,
      "0001112333344444444",
      1,
      6,
      4
    ],
    [
      264392,
      5,
      "0001112333344444445",
      1,
      6,
      4
    ],
    [
      133320,
      5,
      "0001112333344444455",
      1,
      6,
      4
    ],
    [
      67784,
      5,
      "0001112333344444555",
      1,
      6,
      4
    ],
    [
      329928,
      6,
      "0001112333344444556",
      1,
      6,
      4
    ],
    [
      10440,
      5,
      "0001112333344555555",
      1,
      6,
      4
    ],
    [
      712,
      4,
      "0001112334444444444",
      1,
      6,
      4
    ],
    [
      262856,
      5,
      "0001112334444444445",
      1,
      6,
      4
    ],
    [
      131784,
      5,
      "0001112334444444455",
      1,
      6,
      4
    ],
    [
      66248,
      5,
      "0001112334444444555",
      1,
      6,
      4
    ],
    [
      33480,
      5,
      "0001112334444445555",
      1,
      6,
      4
    ],
    [
      17096,
      5,
      "0001112334444455555",
      1,
      6,
      4
    ],
    [
      2760,
      5,
      "0001112334455555555",
      1,
      6,
      4
    ],
    [
      264904,
      6,
      "0001112334455555556",
      1,
      6,
      4
    ],
    [
      68296,
      6,
      "0001112334455555666",
      1,
      6,
      4
    ],
    [
      456,
      4,
      "0001112344444444444",
      1,
      6,
      4
    ],
    [
      262600,
      5,
      "0001112344444444445",
      1,
      6,
      4
    ],
    [
      131528,
      5,
      "0001112344444444455",
      1,
      6,
      4
    ],
    [
      65992,
      5,
      "0001112344444444555",
      1,
      6,
      4
    ],
    [
      33224,
      5,
      "0001112344444445555",
      1,
      6,
      4
    ],
    [
      16840,
      5,
      "0001112344444455555",
      1,
      6,
      4
    ],
    [
      8648,
      5,
      "0001112344444555555",
      1,
      6,
      4
    ],
    [
      40,
      2,
      "0001122222222222222",
      1,
      5,
      2
    ],
    [
      262184,
      3,
      "0001122222222222223",
      1,
      5,
      2
    ],
    [
      131112,
      3,
      "0001122222222222233",
      1,
      5,
      2
    ],
    [
      393256,
      4,
      "0001122222222222234",
      1,
      5,
      2
    ],
    [
      65576,
      3,
      "0001122222222222333",
      1,
      5,
      2
    ],
    [
      196648,
      4,
      "0001122222222222344",
      1,
      5,
      2
    ],
    [
      32808,
      3,
      "0001122222222223333",
      1,
      5,
      2
    ],
    [
      294952,
      4,
      "0001122222222223334",
      1,
      5,
      2
    ],
    [
      98344,
      4,
      "0001122222222223444",
      1,
      5,
      2
    ],
    [
      16424,
      3,
      "0001122222222233333",
      1,
      5,
      2
    ],
    [
      278568,
      4,
      "0001122222222233334",
      1,
      5,
      2
    ],
    [
      147496,
      4,
      "0001122222222233344",
      1,
      5,
      2
    ],
    [
      409640,
      5,
      "0001122222222233345",
      1,
      5,
      2
    ],
    [
      49192,
      4,
      "0001122222222234444",
      1,
      5,
      2
    ],
    [
      311336,
      5,
      "0001122222222234445",
      1,
      5,
      2
    ],
    [
      8232,
      3,
      "0001122222222333333",
      1,
      5,
      2
    ],
    [
      270376,
      4,
      "0001122222222333334",
      1,
      5,
      2
    ],
    [
      139304,
      4,
      "0001122222222333344",
      1,
      5,
      2
    ],
    [
      401448,
      5,
      "0001122222222333345",
      1,
      5,
      2
    ],
    [
      73768,
      4,
      "0001122222222333444",
      1,
      5,
      2
    ],
    [
      204840,
      5,
      "0001122222222333455",
      1,
      5,
      2
    ],
    [
      24616,
      4,
      "0001122222222344444",
      1,
      5,
      2
    ],
    [
      286760,
      5,
      "0001122222222344445",
      1,
      5,
      2
    ],
    [
      155688,
      5,
      "0001122222222344455",
      1,
      5,
      2
    ],
    [
      4136,
      3,
      "0001122222223333333",
      1,
      5,
      2
    ],
    [
      266280,
      4,
      "0001122222223333334",
      1,
      5,
      2
    ],
    [
      135208,
      4,
      "0001122222223333344",
      1,
      5,
      2
    ],
    [
      397352,
      5,
      "0001122222223333345",
      1,
      5,
      2
    ],
    [
      69672,
      4,
      "0001122222223333444",
      1,
      5,
      2
    ],
    [
      200744,
      5,
      "0001122222223333455",
      1,
      5,
      2
    ],
    [
      36904,
      4,
      "0001122222223334444",
      1,
      5,
      2
    ],
    [
      299048,
      5,
      "0001122222223334445",
      1,
      5,
      2
    ],
    [
      102440,
      5,
      "0001122222223334555",
      1,
      5,
      2
    ],
    [
      12328,
      4,
      "0001122222223444444",
      1,
      5,
      2
    ],
    [
      274472,
      5,
      "0001122222223444445",
      1,
      5,
      2
    ],
    [
      143400,
      5,
      "0001122222223444455",
      1,
      5,
      2
    ],
    [
      77864,
      5,
      "0001122222223444555",
      1,
      5,
      2
    ],
    [
      2088,
      3,
      "0001122222233333333",
      1,
      5,
      2
    ],
    [
      264232,
      4,
      "0001122222233333334",
      1,
      5,
      2
    ],
    [
      133160,
      4,
      "0001122222233333344",
      1,
      5,
      2
    ],
    [
      395304,
      5,
      "0001122222233333345",
      1,
      5,
      2
    ],
    [
      67624,
      4,
      "0001122222233333444",
      1,
      5,
      2
    ],
    [
      198696,
      5,
      "0001122222233333455",
      1,
      5,
      2
    ],
    [
      34856,
      4,
      "0001122222233334444",
      1,
      5,
      2
    ],
    [
      297000,
      5,
      "0001122222233334445",
      1,
      5,
      2
    ],
    [
      100392,
      5,
      "0001122222233334555",
      1,
      5,
      2
    ],
    [
      18472,
      4,
      "0001122222233344444",
      1,
      5,
      2
    ],
    [
      280616,
      5,
      "0001122222233344445",
      1,
      5,
      2
    ],
    [
      149544,
      5,
      "0001122222233344455",
      1,
      5,
      2
    ],
    [
      411688,
      6,
      "0001122222233344456",
      1,
      5,
      2
    ],
    [
      51240,
      5,
      "0001122222233345555",
      1,
      5,
      2
    ],
    [
      6184,
      4,
      "0001122222234444444",
      1,
      5,
      2
    ],
    [
      137256,
      5,
      "0001122222234444455",
      1,
      5,
      2
    ],
    [
      71720,
      5,
      "0001122222234444555",
      1,
      5,
      2
    ],
    [
      38952,
      5,
      "0001122222234445555",
      1,
      5,
      2
    ],
    [
      1064,
      3,
      "0001122222333333333",
      1,
      5,
      2
    ],
    [
      263208,
      4,
      "0001122222333333334",
      1,
      5,
      2
    ],
    [
      132136,
      4,
      "0001122222333333344",
      1,
      5,
      2
    ],
    [
      394280,
      5,
      "0001122222333333345",
      1,
      5,
      2
    ],
    [
      66600,
      4,
      "0001122222333333444",
      1,
      5,
      2
    ],
    [
      197672,
      5,
      "0001122222333333455",
      1,
      5,
      2
    ],
    [
      33832,
      4,
      "0001122222333334444",
      1,
      5,
      2
    ],
    [
      295976,
      5,
      "0001122222333334445",
      1,
      5,
      2
    ],
    [
      99368,
      5,
      "0001122222333334555",
      1,
      5,
      2
    ],
    [
      17448,
      4,
      "0001122222333344444",
      1,
      5,
      2
    ],
    [
      279592,
      5,
      "0001122222333344445",
      1,
      5,
      2
    ],
    [
      148520,
      5,
      "0001122222333344455",
      1,
      5,
      2
    ],
    [
      410664,
      6,
      "0001122222333344456",
      1,
      5,
      2
    ],
    [
      50216,
      5,
      "0001122222333345555",
      1,
      5,
      2
    ],
    [
      312360,
      6,
      "0001122222333345556",
      1,
      5,
      2
    ],
    [
      9256,
      4,
      "0001122222333444444",
      1,
      5,
      2
    ],
    [
      140328,
      5,
      "0001122222333444455",
      1,
      5,
      2
    ],
    [
      74792,
      5,
      "0001122222333444555",
      1,
      5,
      2
    ],
    [
      205864,
      6,
      "0001122222333444566",
      1,
      5,
      2
    ],
    [
      25640,
      5,
      "0001122222333455555",
      1,
      5,
      2
    ],
    [
      3112,
      4,
      "0001122222344444444",
      1,
      5,
      2
    ],
    [
      134184,
      5,
      "0001122222344444455",
      1,
      5,
      2
    ],
    [
      35880,
      5,
      "0001122222344445555",
      1,
      5,
      2
    ],
    [
      19496,
      5,
      "0001122222344455555",
      1,
      5,
      2
    ],
    [
      150568,
      6,
      "0001122222344455566",
      1,
      5,
      2
    ],
    [
      552,
      3,
      "0001122223333333333",
      1,
      5,
      2
    ],
    [
      262696,
      4,
      "0001122223333333334",
      1,
      5,
      2
    ],
    [
      131624,
      4,
      "0001122223333333344",
      1,
      5,
      2
    ],
    [
      393768,
      5,
      "0001122223333333345",
      1,
      5,
      2
    ],
    [
      66088,
      4,
      "0001122223333333444",
      1,
      5,
      2
    ],
    [
      197160,
      5,
      "0001122223333333455",
      1,
      5,
      2
    ],
    [
      33320,
      4,
      "0001122223333334444",
      1,
      5,
      2
    ],
    [
      295464,
      5,
      "0001122223333334445",
      1,
      5,
      2
    ],
    [
      98856,
      5,
      "0001122223333334555",
      1,
      5,
      2
    ],
    [
      16936,
      4,
      "0001122223333344444",
      1,
      5,
      2
    ],
    [
      148008,
      5,
      "0001122223333344455",
      1,
      5,
      2
    ],
    [
      49704,
      5,
      "0001122223333345555",
      1,
      5,
      2
    ],
    [
      8744,
      4,
      "0001122223333444444",
      1,
      5,
      2
    ],
    [
      270888,
      5,
      "0001122223333444445",
      1,
      5,
      2
    ],
    [
      74280,
      5,
      "0001122223333444555",
      1,
      5,
      2
    ],
    [
      25128,
      5,
      "0001122223333455555",
      1,
      5,
      2
    ],
    [
      4648,
      4,
      "0001122223334444444",
      1,
      5,
      2
    ],
    [
      135720,
      5,
      "0001122223334444455",
      1,
      5,
      2
    ],
    [
      37416,
      5,
      "0001122223334445555",
      1,
      5,
      2
    ],
    [
      12840,
      5,
      "0001122223334555555",
      1,
      5,
      2
    ],
    [
      1576,
      4,
      "0001122223444444444",
      1,
      5,
      2
    ],
    [
      263720,
      5,
      "0001122223444444445",
      1,
      5,
      2
    ],
    [
      132648,
      5,
      "0001122223444444455",
      1,
      5,
      2
    ],
    [
      34344,
      5,
      "0001122223444445555",
      1,
      5,
      2
    ],
    [
      296488,
      6,
      "0001122223444445556",
      1,
      5,
      2
    ],
    [
      9768,
      5,
      "0001122223444555555",
      1,
      5,
      2
    ],
    [
      296,
      3,
      "0001122233333333333",
      1,
      5,
      2
    ],
    [
      262440,
      4,
      "0001122233333333334",
      1,
      5,
      2
    ],
    [
      131368,
      4,
      "0001122233333333344",
      1,
      5,
      2
    ],
    [
      393512,
      5,
      "0001122233333333345",
      1,
      5,
      2
    ],
    [
      65832,
      4,
      "0001122233333333444",
      1,
      5,
      2
    ],
    [
      196904,
      5,
      "0001122233333333455",
      1,
      5,
      2
    ],
    [
      33064,
      4,
      "0001122233333334444",
      1,
      5,
      2
    ],
    [
      98600,
      5,
      "0001122233333334555",
      1,
      5,
      2
    ],
    [
      16680,
      4,
      "0001122233333344444",
      1,
      5,
      2
    ],
    [
      278824,
      5,
      "0001122233333344445",
      1,
      5,
      2
    ],
    [
      49448,
      5,
      "0001122233333345555",
      1,
      5,
      2
    ],
    [
      8488,
      4,
      "0001122233333444444",
      1,
      5,
      2
    ],
    [
      139560,
      5,
      "0001122233333444455",
      1,
      5,
      2
    ],
    [
      24872,
      5,
      "0001122233333455555",
      1,
      5,
      2
    ],
    [
      4392,
      4,
      "0001122233334444444",
      1,
      5,
      2
    ],
    [
      266536,
      5,
      "0001122233334444445",
      1,
      5,
      2
    ],
    [
      69928,
      5,
      "0001122233334444555",
      1,
      5,
      2
    ],
    [
      12584,
      5,
      "0001122233334555555",
      1,
      5,
      2
    ],
    [
      2344,
      4,
      "0001122233344444444",
      1,
      5,
      2
    ],
    [
      264488,
      5,
      "0001122233344444445",
      1,
      5,
      2
    ],
    [
      133416,
      5,
      "0001122233344444455",
      1,
      5,
      2
    ],
    [
      395560,
      6,
      "0001122233344444456",
      1,
      5,
      2
    ],
    [
      35112,
      5,
      "0001122233344445555",
      1,
      5,
      2
    ],
    [
      6440,
      5,
      "0001122233345555555",
      1,
      5,
      2
    ],
    [
      808,
      4,
      "0001122234444444444",
      1,
      5,
      2
    ],
    [
      262952,
      5,
      "0001122234444444445",
      1,
      5,
      2
    ],
    [
      131880,
      5,
      "0001122234444444455",
      1,
      5,
      2
    ],
    [
      66344,
      5,
      "0001122234444444555",
      1,
      5,
      2
    ],
    [
      33576,
      5,
      "0001122234444445555",
      1,
      5,
      2
    ],
    [
      9000,
      5,
      "0001122234444555555",
      1,
      5,
      2
    ],
    [
      168,
      3,
      "0001122333333333333",
      1,
      5,
      2
    ],
    [
      262312,
      4,
      "0001122333333333334",
      1,
      5,
      2
    ],
    [
      131240,
      4,
      "0001122333333333344",
      1,
      5,
      2
    ],
    [
      393384,
      5,
      "0001122333333333345",
      1,
      5,
      2
    ],
    [
      65704,
      4,
      "0001122333333333444",
      1,
      5,
      2
    ],
    [
      196776,
      5,
      "0001122333333333455",
      1,
      5,
      2
    ],
    [
      32936,
      4,
      "0001122333333334444",
      1,
      5,
      2
    ],
    [
      295080,
      5,
      "0001122333333334445",
      1,
      5,
      2
    ],
    [
      98472,
      5,
      "0001122333333334555",
      1,
      5,
      2
    ],
    [
      16552,
      4,
      "0001122333333344444",
      1,
      5,
      2
    ],
    [
      147624,
      5,
      "0001122333333344455",
      1,
      5,
      2
    ],
    [
      49320,
      5,
      "0001122333333345555",
      1,
      5,
      2
    ],
    [
      8360,
      4,
      "0001122333333444444",
      1,
      5,
      2
    ],
    [
      270504,
      5,
      "0001122333333444445",
      1,
      5,
      2
    ],
    [
      73896,
      5,
      "0001122333333444555",
      1,
      5,
      2
    ],
    [
      24744,
      5,
      "0001122333333455555",
      1,
      5,
      2
    ],
    [
      4264,
      4,
      "0001122333334444444",
      1,
      5,
      2
    ],
    [
      266408,
      5,
      "0001122333334444445",
      1,
      5,
      2
    ],
    [
      135336,
      5,
      "0001122333334444455",
      1,
      5,
      2
    ],
    [
      397480,
      6,
      "0001122333334444456",
      1,
      5,
      2
    ],
    [
      37032,
      5,
      "0001122333334445555",
      1,
      5,
      2
    ],
    [
      299176,
      6,
      "0001122333334445556",
      1,
      5,
      2
    ],
    [
      12456,
      5,
      "0001122333334555555",
      1,
      5,
      2
    ],
    [
      2216,
      4,
      "0001122333344444444",
      1,
      5,
      2
    ],
    [
      264360,
      5,
      "0001122333344444445",
      1,
      5,
      2
    ],
    [
      133288,
      5,
      "0001122333344444455",
      1,
      5,
      2
    ],
    [
      395432,
      6,
      "0001122333344444456",
      1,
      5,
      2
    ],
    [
      67752,
      5,
      "0001122333344444555",
      1,
      5,
      2
    ],
    [
      198824,
      6,
      "0001122333344444566",
      1,
      5,
      2
    ],
    [
      18600,
      5,
      "0001122333344455555",
      1,
      5,
      2
    ],
    [
      149672,
      6,
      "0001122333344455566",
      1,
      5,
      2
    ],
    [
      6312,
      5,
      "0001122333345555555",
      1,
      5,
      2
    ],
    [
      137384,
      6,
      "0001122333345555566",
      1,
      5,
      2
    ],
    [
      1192,
      4,
      "0001122333444444444",
      1,
      5,
      2
    ],
    [
      263336,
      5,
      "0001122333444444445",
      1,
      5,
      2
    ],
    [
      132264,
      5,
      "0001122333444444455",
      1,
      5,
      2
    ],
    [
      394408,
      6,
      "0001122333444444456",
      1,
      5,
      2
    ],
    [
      66728,
      5,
      "0001122333444444555",
      1,
      5,
      2
    ],
    [
      197800,
      6,
      "0001122333444444566",
      1,
      5,
      2
    ],
    [
      33960,
      5,
      "0001122333444445555",
      1,
      5,
      2
    ],
    [
      99496,
      6,
      "0001122333444445666",
      1,
      5,
      2
    ],
    [
      9384,
      5,
      "0001122333444555555",
      1,
      5,
      2
    ],
    [
      3240,
      5,
      "0001122333455555555",
      1,
      5,
      2
    ],
    [
      134312,
      6,
      "0001122333455555566",
      1,
      5,
      2
    ],
    [
      424,
      4,
      "0001122344444444444",
      1,
      5,
      2
    ],
    [
      262568,
      5,
      "0001122344444444445",
      1,
      5,
      2
    ],
    [
      131496,
      5,
      "0001122344444444455",
      1,
      5,
      2
    ],
    [
      65960,
      5,
      "0001122344444444555",
      1,
      5,
      2
    ],
    [
      33192,
      5,
      "0001122344444445555",
      1,
      5,
      2
    ],
    [
      16808,
      5,
      "0001122344444455555",
      1,
      5,
      2
    ],
    [
      8616,
      5,
      "0001122344444555555",
      1,
      5,
      2
    ],
    [
      2472,
      5,
      "0001122344455555555",
      1,
      5,
      2
    ],
    [
      264616,
      6,
      "0001122344455555556",
      1,
      5,
      2
    ],
    [
      133544,
      6,
      "0001122344455555566",
      1,
      5,
      2
    ],
    [
      104,
      3,
      "0001123333333333333",
      1,
      5,
      2
    ],
    [
      262248,
      4,
      "0001123333333333334",
      1,
      5,
      2
    ],
    [
      131176,
      4,
      "0001123333333333344",
      1,
      5,
      2
    ],
    [
      65640,
      4,
      "0001123333333333444",
      1,
      5,
      2
    ],
    [
      32872,
      4,
      "0001123333333334444",
      1,
      5,
      2
    ],
    [
      16488,
      4,
      "0001123333333344444",
      1,
      5,
      2
    ],
    [
      278632,
      5,
      "0001123333333344445",
      1,
      5,
      2
    ],
    [
      8296,
      4,
      "0001123333333444444",
      1,
      5,
      2
    ],
    [
      270440,
      5,
      "0001123333333444445",
      1,
      5,
      2
    ],
    [
      139368,
      5,
      "0001123333333444455",
      1,
      5,
      2
    ],
    [
      4200,
      4,
      "0001123333334444444",
      1,
      5,
      2
    ],
    [
      266344,
      5,
      "0001123333334444445",
      1,
      5,
      2
    ],
    [
      135272,
      5,
      "0001123333334444455",
      1,
      5,
      2
    ],
    [
      69736,
      5,
      "0001123333334444555",
      1,
      5,
      2
    ],
    [
      2152,
      4,
      "0001123333344444444",
      1,
      5,
      2
    ],
    [
      264296,
      5,
      "0001123333344444445",
      1,
      5,
      2
    ],
    [
      133224,
      5,
      "0001123333344444455",
      1,
      5,
      2
    ],
    [
      67688,
      5,
      "0001123333344444555",
      1,
      5,
      2
    ],
    [
      34920,
      5,
      "0001123333344445555",
      1,
      5,
      2
    ],
    [
      1128,
      4,
      "0001123333444444444",
      1,
      5,
      2
    ],
    [
      263272,
      5,
      "0001123333444444445",
      1,
      5,
      2
    ],
    [
      132200,
      5,
      "0001123333444444455",
      1,
      5,
      2
    ],
    [
      66664,
      5,
      "0001123333444444555",
      1,
      5,
      2
    ],
    [
      33896,
      5,
      "0001123333444445555",
      1,
      5,
      2
    ],
    [
      17512,
      5,
      "0001123333444455555",
      1,
      5,
      2
    ],
    [
      616,
      4,
      "0001123334444444444",
      1,
      5,
      2
    ],
    [
      262760,
      5,
      "0001123334444444445",
      1,
      5,
      2
    ],
    [
      131688,
      5,
      "0001123334444444455",
      1,
      5,
      2
    ],
    [
      66152,
      5,
      "0001123334444444555",
      1,
      5,
      2
    ],
    [
      33384,
      5,
      "0001123334444445555",
      1,
      5,
      2
    ],
    [
      17000,
      5,
      "0001123334444455555",
      1,
      5,
      2
    ],
    [
      8808,
      5,
      "0001123334444555555",
      1,
      5,
      2
    ],
    [
      270952,
      6,
      "0001123334444555556",
      1,
      5,
      2
    ],
    [
      232,
      4,
      "0001123444444444444",
      1,
      5,
      2
    ],
    [
      262376,
      5,
      "0001123444444444445",
      1,
      5,
      2
    ],
    [
      131304,
      5,
      "0001123444444444455",
      1,
      5,
      2
    ],
    [
      65768,
      5,
      "0001123444444444555",
      1,
      5,
      2
    ],
    [
      33000,
      5,
      "0001123444444445555",
      1,
      5,
      2
    ],
    [
      16616,
      5,
      "0001123444444455555",
      1,
      5,
      2
    ],
    [
      8424,
      5,
      "0001123444444555555",
      1,
      5,
      2
    ],
    [
      270568,
      6,
      "0001123444444555556",
      1,
      5,
      2
    ],
    [
      4328,
      5,
      "0001123444445555555",
      1,
      5,
      2
    ],
    [
      266472,
      6,
      "0001123444445555556",
      1,
      5,
      2
    ],
    [
      135400,
      6,
      "0001123444445555566",
      1,
      5,
      2
    ],
    [
      2280,
      5,
      "0001123444455555555",
      1,
      5,
      2
    ],
    [
      264424,
      6,
      "0001123444455555556",
      1,
      5,
      2
    ],
    [
      133352,
      6,
      "0001123444455555566",
      1,
      5,
      2
    ],
    [
      67816,
      6,
      "0001123444455555666",
      1,
      5,
      2
    ],
    [
      24,
      2,
      "0001222222222222222",
      4,
      19,
      32768
    ],
    [
      262168,
      3,
      "0001222222222222223",
      2,
      9,
      16384
    ],
    [
      131096,
      3,
      "0001222222222222233",
      4,
      17,
      8192
    ],
    [
      65560,
      3,
      "0001222222222222333",
      1,
      4,
      4097
    ],
    [
      327704,
      4,
      "0001222222222222334",
      1,
      4,
      4097
    ],
    [
      32792,
      3,
      "0001222222222223333",
      1,
      4,
      1
    ],
    [
      294936,
      4,
      "0001222222222223334",
      1,
      4,
      1
    ],
    [
      163864,
      4,
      "0001222222222223344",
      1,
      4,
      1
    ],
    [
      16408,
      3,
      "0001222222222233333",
      1,
      4,
      1
    ],
    [
      278552,
      4,
      "0001222222222233334",
      1,
      4,
      1
    ],
    [
      147480,
      4,
      "0001222222222233344",
      1,
      4,
      1
    ],
    [
      81944,
      4,
      "0001222222222233444",
      1,
      4,
      1
    ],
    [
      344088,
      5,
      "0001222222222233445",
      1,
      4,
      1
    ],
    [
      8216,
      3,
      "0001222222222333333",
      1,
      4,
      1
    ],
    [
      270360,
      4,
      "0001222222222333334",
      1,
      4,
      1
    ],
    [
      139288,
      4,
      "0001222222222333344",
      1,
      4,
      1
    ],
    [
      73752,
      4,
      "0001222222222333444",
      1,
      4,
      1
    ],
    [
      335896,
      5,
      "0001222222222333445",
      1,
      4,
      1
    ],
    [
      40984,
      4,
      "0001222222222334444",
      1,
      4,
      1
    ],
    [
      303128,
      5,
      "0001222222222334445",
      1,
      4,
      1
    ],
    [
      172056,
      5,
      "0001222222222334455",
      1,
      4,
      1
    ],
    [
      4120,
      3,
      "0001222222223333333",
      1,
      4,
      1
    ],
    [
      266264,
      4,
      "0001222222223333334",
      1,
      4,
      1
    ],
    [
      135192,
      4,
      "0001222222223333344",
      1,
      4,
      1
    ],
    [
      69656,
      4,
      "0001222222223333444",
      1,
      4,
      1
    ],
    [
      331800,
      5,
      "0001222222223333445",
      1,
      4,
      1
    ],
    [
      36888,
      4,
      "0001222222223334444",
      1,
      4,
      1
    ],
    [
      299032,
      5,
      "0001222222223334445",
      1,
      4,
      1
    ],
    [
      167960,
      5,
      "0001222222223334455",
      1,
      4,
      1
    ],
    [
      20504,
      4,
      "0001222222223344444",
      1,
      4,
      1
    ],
    [
      282648,
      5,
      "0001222222223344445",
      1,
      4,
      1
    ],
    [
      151576,
      5,
      "0001222222223344455",
      1,
      4,
      1
    ],
    [
      86040,
      5,
      "0001222222223344555",
      1,
      4,
      1
    ],
    [
      2072,
      3,
      "0001222222233333333",
      1,
      4,
      1
    ],
    [
      264216,
      4,
      "0001222222233333334",
      1,
      4,
      1
    ],
    [
      133144,
      4,
      "0001222222233333344",
      1,
      4,
      1
    ],
    [
      67608,
      4,
      "0001222222233333444",
      1,
      4,
      1
    ],
    [
      329752,
      5,
      "0001222222233333445",
      1,
      4,
      1
    ],
    [
      34840,
      4,
      "0001222222233334444",
      1,
      4,
      1
    ],
    [
      296984,
      5,
      "0001222222233334445",
      1,
      4,
      1
    ],
    [
      165912,
      5,
      "0001222222233334455",
      1,
      4,
      1
    ],
    [
      18456,
      4,
      "0001222222233344444",
      1,
      4,
      1
    ],
    [
      280600,
      5,
      "0001222222233344445",
      1,
      4,
      1
    ],
    [
      149528,
      5,
      "0001222222233344455",
      1,
      4,
      1
    ],
    [
      83992,
      5,
      "0001222222233344555",
      1,
      4,
      1
    ],
    [
      346136,
      6,
      "0001222222233344556",
      1,
      4,
      1
    ],
    [
      10264,
      4,
      "0001222222233444444",
      1,
      4,
      1
    ],
    [
      272408,
      5,
      "0001222222233444445",
      1,
      4,
      1
    ],
    [
      141336,
      5,
      "0001222222233444455",
      1,
      4,
      1
    ],
    [
      75800,
      5,
      "0001222222233444555",
      1,
      4,
      1
    ],
    [
      43032,
      5,
      "0001222222233445555",
      1,
      4,
      1
    ],
    [
      305176,
      6,
      "0001222222233445556",
      1,
      4,
      1
    ],
    [
      1048,
      3,
      "0001222222333333333",
      1,
      4,
      1
    ],
    [
      263192,
      4,
      "0001222222333333334",
      1,
      4,
      1
    ],
    [
      132120,
      4,
      "0001222222333333344",
      1,
      4,
      1
    ],
    [
      66584,
      4,
      "0001222222333333444",
      1,
      4,
      1
    ],
    [
      328728,
      5,
      "0001222222333333445",
      1,
      4,
      1
    ],
    [
      33816,
      4,
      "0001222222333334444",
      1,
      4,
      1
    ],
    [
      295960,
      5,
      "0001222222333334445",
      1,
      4,
      1
    ],
    [
      164888,
      5,
      "0001222222333334455",
      1,
      4,
      1
    ],
    [
      17432,
      4,
      "0001222222333344444",
      1,
      4,
      1
    ],
    [
      279576,
      5,
      "0001222222333344445",
      1,
      4,
      1
    ],
    [
      148504,
      5,
      "0001222222333344455",
      1,
      4,
      1
    ],
    [
      82968,
      5,
      "0001222222333344555",
      1,
      4,
      1
    ],
    [
      345112,
      6,
      "0001222222333344556",
      1,
      4,
      1
    ],
    [
      9240,
      4,
      "0001222222333444444",
      1,
      4,
      1
    ],
    [
      271384,
      5,
      "0001222222333444445",
      1,
      4,
      1
    ],
    [
      140312,
      5,
      "0001222222333444455",
      1,
      4,
      1
    ],
    [
      74776,
      5,
      "0001222222333444555",
      1,
      4,
      1
    ],
    [
      336920,
      6,
      "0001222222333444556",
      1,
      4,
      1
    ],
    [
      42008,
      5,
      "0001222222333445555",
      1,
      4,
      1
    ],
    [
      173080,
      6,
      "0001222222333445566",
      1,
      4,
      1
    ],
    [
      5144,
      4,
      "0001222222334444444",
      1,
      4,
      1
    ],
    [
      136216,
      5,
      "0001222222334444455",
      1,
      4,
      1
    ],
    [
      70680,
      5,
      "0001222222334444555",
      1,
      4,
      1
    ],
    [
      37912,
      5,
      "0001222222334445555",
      1,
      4,
      1
    ],
    [
      21528,
      5,
      "0001222222334455555",
      1,
      4,
      1
    ],
    [
      152600,
      6,
      "0001222222334455566",
      1,
      4,
      1
    ],
    [
      536,
      3,
      "0001222223333333333",
      1,
      4,
      1
    ],
    [
      262680,
      4,
      "0001222223333333334",
      1,
      4,
      1
    ],
    [
      131608,
      4,
      "0001222223333333344",
      1,
      4,
      1
    ],
    [
      66072,
      4,
      "0001222223333333444",
      1,
      4,
      1
    ],
    [
      328216,
      5,
      "0001222223333333445",
      1,
      4,
      1
    ],
    [
      33304,
      4,
      "0001222223333334444",
      1,
      4,
      1
    ],
    [
      295448,
      5,
      "0001222223333334445",
      1,
      4,
      1
    ],
    [
      164376,
      5,
      "0001222223333334455",
      1,
      4,
      1
    ],
    [
      16920,
      4,
      "0001222223333344444",
      1,
      4,
      1
    ],
    [
      279064,
      5,
      "0001222223333344445",
      1,
      4,
      1
    ],
    [
      147992,
      5,
      "0001222223333344455",
      1,
      4,
      1
    ],
    [
      82456,
      5,
      "0001222223333344555",
      1,
      4,
      1
    ],
    [
      344600,
      6,
      "0001222223333344556",
      1,
      4,
      1
    ],
    [
      8728,
      4,
      "0001222223333444444",
      1,
      4,
      1
    ],
    [
      139800,
      5,
      "0001222223333444455",
      1,
      4,
      1
    ],
    [
      74264,
      5,
      "0001222223333444555",
      1,
      4,
      1
    ],
    [
      41496,
      5,
      "0001222223333445555",
      1,
      4,
      1
    ],
    [
      172568,
      6,
      "0001222223333445566",
      1,
      4,
      1
    ],
    [
      4632,
      4,
      "0001222223334444444",
      1,
      4,
      1
    ],
    [
      70168,
      5,
      "0001222223334444555",
      1,
      4,
      1
    ],
    [
      37400,
      5,
      "0001222223334445555",
      1,
      4,
      1
    ],
    [
      21016,
      5,
      "0001222223334455555",
      1,
      4,
      1
    ],
    [
      86552,
      6,
      "0001222223334455666",
      1,
      4,
      1
    ],
    [
      2584,
      4,
      "0001222223344444444",
      1,
      4,
      1
    ],
    [
      264728,
      5,
      "0001222223344444445",
      1,
      4,
      1
    ],
    [
      35352,
      5,
      "0001222223344445555",
      1,
      4,
      1
    ],
    [
      297496,
      6,
      "0001222223344445556",
      1,
      4,
      1
    ],
    [
      18968,
      5,
      "0001222223344455555",
      1,
      4,
      1
    ],
    [
      281112,
      6,
      "0001222223344455556",
      1,
      4,
      1
    ],
    [
      10776,
      5,
      "0001222223344555555",
      1,
      4,
      1
    ],
    [
      280,
      3,
      "0001222233333333333",
      1,
      4,
      1
    ],
    [
      262424,
      4,
      "0001222233333333334",
      1,
      4,
      1
    ],
    [
      131352,
      4,
      "0001222233333333344",
      1,
      4,
      1
    ],
    [
      65816,
      4,
      "0001222233333333444",
      1,
      4,
      1
    ],
    [
      327960,
      5,
      "0001222233333333445",
      1,
      4,
      1
    ],
    [
      33048,
      4,
      "0001222233333334444",
      1,
      4,
      1
    ],
    [
      295192,
      5,
      "0001222233333334445",
      1,
      4,
      1
    ],
    [
      164120,
      5,
      "0001222233333334455",
      1,
      4,
      1
    ],
    [
      16664,
      4,
      "0001222233333344444",
      1,
      4,
      1
    ],
    [
      147736,
      5,
      "0001222233333344455",
      1,
      4,
      1
    ],
    [
      82200,
      5,
      "0001222233333344555",
      1,
      4,
      1
    ],
    [
      8472,
      4,
      "0001222233333444444",
      1,
      4,
      1
    ],
    [
      74008,
      5,
      "0001222233333444555",
      1,
      4,
      1
    ],
    [
      41240,
      5,
      "0001222233333445555",
      1,
      4,
      1
    ],
    [
      4376,
      4,
      "0001222233334444444",
      1,
      4,
      1
    ],
    [
      266520,
      5,
      "0001222233334444445",
      1,
      4,
      1
    ],
    [
      37144,
      5,
      "0001222233334445555",
      1,
      4,
      1
    ],
    [
      299288,
      6,
      "0001222233334445556",
      1,
      4,
      1
    ],
    [
      20760,
      5,
      "0001222233334455555",
      1,
      4,
      1
    ],
    [
      2328,
      4,
      "0001222233344444444",
      1,
      4,
      1
    ],
    [
      264472,
      5,
      "0001222233344444445",
      1,
      4,
      1
    ],
    [
      133400,
      5,
      "0001222233344444455",
      1,
      4,
      1
    ],
    [
      18712,
      5,
      "0001222233344455555",
      1,
      4,
      1
    ],
    [
      10520,
      5,
      "0001222233344555555",
      1,
      4,
      1
    ],
    [
      1304,
      4,
      "0001222233444444444",
      1,
      4,
      1
    ],
    [
      263448,
      5,
      "0001222233444444445",
      1,
      4,
      1
    ],
    [
      132376,
      5,
      "0001222233444444455",
      1,
      4,
      1
    ],
    [
      66840,
      5,
      "0001222233444444555",
      1,
      4,
      1
    ],
    [
      9496,
      5,
      "0001222233444555555",
      1,
      4,
      1
    ],
    [
      75032,
      6,
      "0001222233444555666",
      1,
      4,
      1
    ],
    [
      5400,
      5,
      "0001222233445555555",
      1,
      4,
      1
    ],
    [
      152,
      3,
      "0001222333333333333",
      1,
      4,
      1
    ],
    [
      262296,
      4,
      "0001222333333333334",
      1,
      4,
      1
    ],
    [
      131224,
      4,
      "0001222333333333344",
      1,
      4,
      1
    ],
    [
      65688,
      4,
      "0001222333333333444",
      1,
      4,
      1
    ],
    [
      327832,
      5,
      "0001222333333333445",
      1,
      4,
      1
    ],
    [
      32920,
      4,
      "0001222333333334444",
      1,
      4,
      1
    ],
    [
      163992,
      5,
      "0001222333333334455",
      1,
      4,
      1
    ],
    [
      16536,
      4,
      "0001222333333344444",
      1,
      4,
      1
    ],
    [
      82072,
      5,
      "0001222333333344555",
      1,
      4,
      1
    ],
    [
      8344,
      4,
      "0001222333333444444",
      1,
      4,
      1
    ],
    [
      270488,
      5,
      "0001222333333444445",
      1,
      4,
      1
    ],
    [
      41112,
      5,
      "0001222333333445555",
      1,
      4,
      1
    ],
    [
      4248,
      4,
      "0001222333334444444",
      1,
      4,
      1
    ],
    [
      266392,
      5,
      "0001222333334444445",
      1,
      4,
      1
    ],
    [
      135320,
      5,
      "0001222333334444455",
      1,
      4,
      1
    ],
    [
      20632,
      5,
      "0001222333334455555",
      1,
      4,
      1
    ],
    [
      2200,
      4,
      "0001222333344444444",
      1,
      4,
      1
    ],
    [
      264344,
      5,
      "0001222333344444445",
      1,
      4,
      1
    ],
    [
      133272,
      5,
      "0001222333344444455",
      1,
      4,
      1
    ],
    [
      67736,
      5,
      "0001222333344444555",
      1,
      4,
      1
    ],
    [
      329880,
      6,
      "0001222333344444556",
      1,
      4,
      1
    ],
    [
      10392,
      5,
      "0001222333344555555",
      1,
      4,
      1
    ],
    [
      272536,
      6,
      "0001222333344555556",
      1,
      4,
      1
    ],
    [
      1176,
      4,
      "0001222333444444444",
      1,
      4,
      1
    ],
    [
      263320,
      5,
      "0001222333444444445",
      1,
      4,
      1
    ],
    [
      132248,
      5,
      "0001222333444444455",
      1,
      4,
      1
    ],
    [
      66712,
      5,
      "0001222333444444555",
      1,
      4,
      1
    ],
    [
      328856,
      6,
      "0001222333444444556",
      1,
      4,
      1
    ],
    [
      33944,
      5,
      "0001222333444445555",
      1,
      4,
      1
    ],
    [
      165016,
      6,
      "0001222333444445566",
      1,
      4,
      1
    ],
    [
      5272,
      5,
      "0001222333445555555",
      1,
      4,
      1
    ],
    [
      136344,
      6,
      "0001222333445555566",
      1,
      4,
      1
    ],
    [
      664,
      4,
      "0001222334444444444",
      1,
      4,
      1
    ],
    [
      262808,
      5,
      "0001222334444444445",
      1,
      4,
      1
    ],
    [
      131736,
      5,
      "0001222334444444455",
      1,
      4,
      1
    ],
    [
      66200,
      5,
      "0001222334444444555",
      1,
      4,
      1
    ],
    [
      33432,
      5,
      "0001222334444445555",
      1,
      4,
      1
    ],
    [
      17048,
      5,
      "0001222334444455555",
      1,
      4,
      1
    ],
    [
      2712,
      5,
      "0001222334455555555",
      1,
      4,
      1
    ],
    [
      264856,
      6,
      "0001222334455555556",
      1,
      4,
      1
    ],
    [
      88,
      3,
      "0001223333333333333",
      1,
      4,
      1
    ],
    [
      262232,
      4,
      "0001223333333333334",
      1,
      4,
      1
    ],
    [
      131160,
      4,
      "0001223333333333344",
      1,
      4,
      1
    ],
    [
      65624,
      4,
      "0001223333333333444",
      1,
      4,
      1
    ],
    [
      32856,
      4,
      "0001223333333334444",
      1,
      4,
      1
    ],
    [
      16472,
      4,
      "0001223333333344444",
      1,
      4,
      1
    ],
    [
      278616,
      5,
      "0001223333333344445",
      1,
      4,
      1
    ],
    [
      8280,
      4,
      "0001223333333444444",
      1,
      4,
      1
    ],
    [
      270424,
      5,
      "0001223333333444445",
      1,
      4,
      1
    ],
    [
      139352,
      5,
      "0001223333333444455",
      1,
      4,
      1
    ],
    [
      4184,
      4,
      "0001223333334444444",
      1,
      4,
      1
    ],
    [
      266328,
      5,
      "0001223333334444445",
      1,
      4,
      1
    ],
    [
      135256,
      5,
      "0001223333334444455",
      1,
      4,
      1
    ],
    [
      69720,
      5,
      "0001223333334444555",
      1,
      4,
      1
    ],
    [
      2136,
      4,
      "0001223333344444444",
      1,
      4,
      1
    ],
    [
      264280,
      5,
      "0001223333344444445",
      1,
      4,
      1
    ],
    [
      133208,
      5,
      "0001223333344444455",
      1,
      4,
      1
    ],
    [
      67672,
      5,
      "0001223333344444555",
      1,
      4,
      1
    ],
    [
      34904,
      5,
      "0001223333344445555",
      1,
      4,
      1
    ],
    [
      1112,
      4,
      "0001223333444444444",
      1,
      4,
      1
    ],
    [
      263256,
      5,
      "0001223333444444445",
      1,
      4,
      1
    ],
    [
      132184,
      5,
      "0001223333444444455",
      1,
      4,
      1
    ],
    [
      66648,
      5,
      "0001223333444444555",
      1,
      4,
      1
    ],
    [
      33880,
      5,
      "0001223333444445555",
      1,
      4,
      1
    ],
    [
      17496,
      5,
      "0001223333444455555",
      1,
      4,
      1
    ],
    [
      600,
      4,
      "0001223334444444444",
      1,
      4,
      1
    ],
    [
      262744,
      5,
      "0001223334444444445",
      1,
      4,
      1
    ],
    [
      131672,
      5,
      "0001223334444444455",
      1,
      4,
      1
    ],
    [
      66136,
      5,
      "0001223334444444555",
      1,
      4,
      1
    ],
    [
      33368,
      5,
      "0001223334444445555",
      1,
      4,
      1
    ],
    [
      16984,
      5,
      "0001223334444455555",
      1,
      4,
      1
    ],
    [
      279128,
      6,
      "0001223334444455556",
      1,
      4,
      1
    ],
    [
      8792,
      5,
      "0001223334444555555",
      1,
      4,
      1
    ],
    [
      139864,
      6,
      "0001223334444555566",
      1,
      4,
      1
    ],
    [
      344,
      4,
      "0001223344444444444",
      1,
      4,
      1
    ],
    [
      262488,
      5,
      "0001223344444444445",
      1,
      4,
      1
    ],
    [
      131416,
      5,
      "0001223344444444455",
      1,
      4,
      1
    ],
    [
      65880,
      5,
      "0001223344444444555",
      1,
      4,
      1
    ],
    [
      33112,
      5,
      "0001223344444445555",
      1,
      4,
      1
    ],
    [
      16728,
      5,
      "0001223344444455555",
      1,
      4,
      1
    ],
    [
      8536,
      5,
      "0001223344444555555",
      1,
      4,
      1
    ],
    [
      4440,
      5,
      "0001223344445555555",
      1,
      4,
      1
    ],
    [
      266584,
      6,
      "0001223344445555556",
      1,
      4,
      1
    ],
    [
      56,
      3,
      "0001233333333333333",
      1,
      4,
      1
    ],
    [
      262200,
      4,
      "0001233333333333334",
      1,
      4,
      1
    ],
    [
      131128,
      4,
      "0001233333333333344",
      1,
      4,
      1
    ],
    [
      65592,
      4,
      "0001233333333333444",
      1,
      4,
      1
    ],
    [
      32824,
      4,
      "0001233333333334444",
      1,
      4,
      1
    ],
    [
      294968,
      5,
      "0001233333333334445",
      1,
      4,
      1
    ],
    [
      16440,
      4,
      "0001233333333344444",
      1,
      4,
      1
    ],
    [
      278584,
      5,
      "0001233333333344445",
      1,
      4,
      1
    ],
    [
      147512,
      5,
      "0001233333333344455",
      1,
      4,
      1
    ],
    [
      8248,
      4,
      "0001233333333444444",
      1,
      4,
      1
    ],
    [
      270392,
      5,
      "0001233333333444445",
      1,
      4,
      1
    ],
    [
      139320,
      5,
      "0001233333333444455",
      1,
      4,
      1
    ],
    [
      73784,
      5,
      "0001233333333444555",
      1,
      4,
      1
    ],
    [
      4152,
      4,
      "0001233333334444444",
      1,
      4,
      1
    ],
    [
      266296,
      5,
      "0001233333334444445",
      1,
      4,
      1
    ],
    [
      135224,
      5,
      "0001233333334444455",
      1,
      4,
      1
    ],
    [
      69688,
      5,
      "0001233333334444555",
      1,
      4,
      1
    ],
    [
      36920,
      5,
      "0001233333334445555",
      1,
      4,
      1
    ],
    [
      299064,
      6,
      "0001233333334445556",
      1,
      4,
      1
    ],
    [
      2104,
      4,
      "0001233333344444444",
      1,
      4,
      1
    ],
    [
      264248,
      5,
      "0001233333344444445",
      1,
      4,
      1
    ],
    [
      133176,
      5,
      "0001233333344444455",
      1,
      4,
      1
    ],
    [
      67640,
      5,
      "0001233333344444555",
      1,
      4,
      1
    ],
    [
      34872,
      5,
      "0001233333344445555",
      1,
      4,
      1
    ],
    [
      297016,
      6,
      "0001233333344445556",
      1,
      4,
      1
    ],
    [
      18488,
      5,
      "0001233333344455555",
      1,
      4,
      1
    ],
    [
      280632,
      6,
      "0001233333344455556",
      1,
      4,
      1
    ],
    [
      149560,
      6,
      "0001233333344455566",
      1,
      4,
      1
    ],
    [
      1080,
      4,
      "0001233333444444444",
      1,
      4,
      1
    ],
    [
      263224,
      5,
      "0001233333444444445",
      1,
      4,
      1
    ],
    [
      132152,
      5,
      "0001233333444444455",
      1,
      4,
      1
    ],
    [
      66616,
      5,
      "0001233333444444555",
      1,
      4,
      1
    ],
    [
      33848,
      5,
      "0001233333444445555",
      1,
      4,
      1
    ],
    [
      295992,
      6,
      "0001233333444445556",
      1,
      4,
      1
    ],
    [
      17464,
      5,
      "0001233333444455555",
      1,
      4,
      1
    ],
    [
      279608,
      6,
      "0001233333444455556",
      1,
      4,
      1
    ],
    [
      148536,
      6,
      "0001233333444455566",
      1,
      4,
      1
    ],
    [
      9272,
      5,
      "0001233333444555555",
      1,
      4,
      1
    ],
    [
      140344,
      6,
      "0001233333444555566",
      1,
      4,
      1
    ],
    [
      74808,
      6,
      "0001233333444555666",
      1,
      4,
      1
    ],
    [
      568,
      4,
      "0001233334444444444",
      1,
      4,
      1
    ],
    [
      262712,
      5,
      "0001233334444444445",
      1,
      4,
      1
    ],
    [
      131640,
      5,
      "0001233334444444455",
      1,
      4,
      1
    ],
    [
      66104,
      5,
      "0001233334444444555",
      1,
      4,
      1
    ],
    [
      33336,
      5,
      "0001233334444445555",
      1,
      4,
      1
    ],
    [
      295480,
      6,
      "0001233334444445556",
      1,
      4,
      1
    ],
    [
      16952,
      5,
      "0001233334444455555",
      1,
      4,
      1
    ],
    [
      148024,
      6,
      "0001233334444455566",
      1,
      4,
      1
    ],
    [
      8760,
      5,
      "0001233334444555555",
      1,
      4,
      1
    ],
    [
      74296,
      6,
      "0001233334444555666",
      1,
      4,
      1
    ],
    [
      4664,
      5,
      "0001233334445555555",
      1,
      4,
      1
    ],
    [
      37432,
      6,
      "0001233334445556666",
      1,
      4,
      1
    ],
    [
      312,
      4,
      "0001233344444444444",
      1,
      4,
      1
    ],
    [
      262456,
      5,
      "0001233344444444445",
      1,
      4,
      1
    ],
    [
      131384,
      5,
      "0001233344444444455",
      1,
      4,
      1
    ],
    [
      65848,
      5,
      "0001233344444444555",
      1,
      4,
      1
    ],
    [
      33080,
      5,
      "0001233344444445555",
      1,
      4,
      1
    ],
    [
      16696,
      5,
      "0001233344444455555",
      1,
      4,
      1
    ],
    [
      8504,
      5,
      "0001233344444555555",
      1,
      4,
      1
    ],
    [
      4408,
      5,
      "0001233344445555555",
      1,
      4,
      1
    ],
    [
      266552,
      6,
      "0001233344445555556",
      1,
      4,
      1
    ],
    [
      2360,
      5,
      "0001233344455555555",
      1,
      4,
      1
    ],
    [
      264504,
      6,
      "0001233344455555556",
      1,
      4,
      1
    ],
    [
      133432,
      6,
      "0001233344455555566",
      1,
      4,
      1
    ],
    [
      184,
      4,
      "0001233444444444444",
      1,
      4,
      1
    ],
    [
      262328,
      5,
      "0001233444444444445",
      1,
      4,
      1
    ],
    [
      131256,
      5,
      "0001233444444444455",
      1,
      4,
      1
    ],
    [
      65720,
      5,
      "0001233444444444555",
      1,
      4,
      1
    ],
    [
      32952,
      5,
      "0001233444444445555",
      1,
      4,
      1
    ],
    [
      16568,
      5,
      "0001233444444455555",
      1,
      4,
      1
    ],
    [
      8376,
      5,
      "0001233444444555555",
      1,
      4,
      1
    ],
    [
      270520,
      6,
      "0001233444444555556",
      1,
      4,
      1
    ],
    [
      4280,
      5,
      "0001233444445555555",
      1,
      4,
      1
    ],
    [
      266424,
      6,
      "0001233444445555556",
      1,
      4,
      1
    ],
    [
      135352,
      6,
      "0001233444445555566",
      1,
      4,
      1
    ],
    [
      2232,
      5,
      "0001233444455555555",
      1,
      4,
      1
    ],
    [
      264376,
      6,
      "0001233444455555556",
      1,
      4,
      1
    ],
    [
      133304,
      6,
      "0001233444455555566",
      1,
      4,
      1
    ],
    [
      67768,
      6,
      "0001233444455555666",
      1,
      4,
      1
    ],
    [
      1208,
      5,
      "0001233444555555555",
      1,
      4,
      1
    ],
    [
      263352,
      6,
      "0001233444555555556",
      1,
      4,
      1
    ],
    [
      132280,
      6,
      "0001233444555555566",
      1,
      4,
      1
    ],
    [
      66744,
      6,
      "0001233444555555666",
      1,
      4,
      1
    ],
    [
      33976,
      6,
      "0001233444555556666",
      1,
      4,
      1
    ],
    [
      4,
      1,
      "0011111111111111111",
      1,
      19,
      32768
    ],
    [
      262148,
      2,
      "0011111111111111112",
      1,
      18,
      16384
    ],
    [
      131076,
      2,
      "0011111111111111122",
      1,
      17,
      8192
    ],
    [
      393220,
      3,
      "0011111111111111123",
      1,
      17,
      8192
    ],
    [
      65540,
      2,
      "0011111111111111222",
      1,
      16,
      4096
    ],
    [
      327684,
      3,
      "0011111111111111223",
      1,
      16,
      4096
    ],
    [
      196612,
      3,
      "0011111111111111233",
      1,
      16,
      4096
    ],
    [
      458756,
      4,
      "0011111111111111234",
      1,
      16,
      4096
    ],
    [
      32772,
      2,
      "0011111111111112222",
      1,
      15,
      2048
    ],
    [
      294916,
      3,
      "0011111111111112223",
      1,
      15,
      2048
    ],
    [
      163844,
      3,
      "0011111111111112233",
      1,
      15,
      2048
    ],
    [
      425988,
      4,
      "0011111111111112234",
      1,
      15,
      2048
    ],
    [
      98308,
      3,
      "0011111111111112333",
      1,
      15,
      2048
    ],
    [
      360452,
      4,
      "0011111111111112334",
      1,
      15,
      2048
    ],
    [
      229380,
      4,
      "0011111111111112344",
      1,
      15,
      2048
    ],
    [
      16388,
      2,
      "0011111111111122222",
      1,
      14,
      1024
    ],
    [
      278532,
      3,
      "0011111111111122223",
      1,
      14,
      1024
    ],
    [
      147460,
      3,
      "0011111111111122233",
      1,
      14,
      1024
    ],
    [
      409604,
      4,
      "0011111111111122234",
      1,
      14,
      1024
    ],
    [
      81924,
      3,
      "0011111111111122333",
      1,
      14,
      1024
    ],
    [
      344068,
      4,
      "0011111111111122334",
      1,
      14,
      1024
    ],
    [
      212996,
      4,
      "0011111111111122344",
      1,
      14,
      1024
    ],
    [
      475140,
      5,
      "0011111111111122345",
      1,
      14,
      1024
    ],
    [
      49156,
      3,
      "0011111111111123333",
      1,
      14,
      1024
    ],
    [
      311300,
      4,
      "0011111111111123334",
      1,
      14,
      1024
    ],
    [
      180228,
      4,
      "0011111111111123344",
      1,
      14,
      1024
    ],
    [
      114692,
      4,
      "0011111111111123444",
      1,
      14,
      1024
    ],
    [
      376836,
      5,
      "0011111111111123445",
      1,
      14,
      1024
    ],
    [
      8196,
      2,
      "0011111111111222222",
      1,
      13,
      512
    ],
    [
      270340,
      3,
      "0011111111111222223",
      1,
      13,
      512
    ],
    [
      139268,
      3,
      "0011111111111222233",
      1,
      13,
      512
    ],
    [
      401412,
      4,
      "0011111111111222234",
      1,
      13,
      512
    ],
    [
      73732,
      3,
      "0011111111111222333",
      1,
      13,
      512
    ],
    [
      335876,
      4,
      "0011111111111222334",
      1,
      13,
      512
    ],
    [
      204804,
      4,
      "0011111111111222344",
      1,
      13,
      512
    ],
    [
      466948,
      5,
      "0011111111111222345",
      1,
      13,
      512
    ],
    [
      40964,
      3,
      "0011111111111223333",
      1,
      13,
      512
    ],
    [
      303108,
      4,
      "0011111111111223334",
      1,
      13,
      512
    ],
    [
      172036,
      4,
      "0011111111111223344",
      1,
      13,
      512
    ],
    [
      434180,
      5,
      "0011111111111223345",
      1,
      13,
      512
    ],
    [
      106500,
      4,
      "0011111111111223444",
      1,
      13,
      512
    ],
    [
      237572,
      5,
      "0011111111111223455",
      1,
      13,
      512
    ],
    [
      24580,
      3,
      "0011111111111233333",
      1,
      13,
      512
    ],
    [
      286724,
      4,
      "0011111111111233334",
      1,
      13,
      512
    ],
    [
      155652,
      4,
      "0011111111111233344",
      1,
      13,
      512
    ],
    [
      90116,
      4,
      "0011111111111233444",
      1,
      13,
      512
    ],
    [
      352260,
      5,
      "0011111111111233445",
      1,
      13,
      512
    ],
    [
      57348,
      4,
      "0011111111111234444",
      1,
      13,
      512
    ],
    [
      319492,
      5,
      "0011111111111234445",
      1,
      13,
      512
    ],
    [
      188420,
      5,
      "0011111111111234455",
      1,
      13,
      512
    ],
    [
      4100,
      2,
      "0011111111112222222",
      1,
      12,
      256
    ],
    [
      266244,
      3,
      "0011111111112222223",
      1,
      12,
      256
    ],
    [
      135172,
      3,
      "0011111111112222233",
      1,
      12,
      256
    ],
    [
      397316,
      4,
      "0011111111112222234",
      1,
      12,
      256
    ],
    [
      69636,
      3,
      "0011111111112222333",
      1,
      12,
      256
    ],
    [
      331780,
      4,
      "0011111111112222334",
      1,
      12,
      256
    ],
    [
      200708,
      4,
      "0011111111112222344",
      1,
      12,
      256
    ],
    [
      462852,
      5,
      "0011111111112222345",
      1,
      12,
      256
    ],
    [
      36868,
      3,
      "0011111111112223333",
      1,
      12,
      256
    ],
    [
      299012,
      4,
      "0011111111112223334",
      1,
      12,
      256
    ],
    [
      167940,
      4,
      "0011111111112223344",
      1,
      12,
      256
    ],
    [
      430084,
      5,
      "0011111111112223345",
      1,
      12,
      256
    ],
    [
      102404,
      4,
      "0011111111112223444",
      1,
      12,
      256
    ],
    [
      364548,
      5,
      "0011111111112223445",
      1,
      12,
      256
    ],
    [
      233476,
      5,
      "0011111111112223455",
      1,
      12,
      256
    ],
    [
      20484,
      3,
      "0011111111112233333",
      1,
      12,
      256
    ],
    [
      282628,
      4,
      "0011111111112233334",
      1,
      12,
      256
    ],
    [
      151556,
      4,
      "0011111111112233344",
      1,
      12,
      256
    ],
    [
      413700,
      5,
      "0011111111112233345",
      1,
      12,
      256
    ],
    [
      86020,
      4,
      "0011111111112233444",
      1,
      12,
      256
    ],
    [
      217092,
      5,
      "0011111111112233455",
      1,
      12,
      256
    ],
    [
      53252,
      4,
      "0011111111112234444",
      1,
      12,
      256
    ],
    [
      315396,
      5,
      "0011111111112234445",
      1,
      12,
      256
    ],
    [
      118788,
      5,
      "0011111111112234555",
      1,
      12,
      256
    ],
    [
      12292,
      3,
      "0011111111112333333",
      1,
      12,
      256
    ],
    [
      274436,
      4,
      "0011111111112333334",
      1,
      12,
      256
    ],
    [
      143364,
      4,
      "0011111111112333344",
      1,
      12,
      256
    ],
    [
      77828,
      4,
      "0011111111112333444",
      1,
      12,
      256
    ],
    [
      339972,
      5,
      "0011111111112333445",
      1,
      12,
      256
    ],
    [
      45060,
      4,
      "0011111111112334444",
      1,
      12,
      256
    ],
    [
      307204,
      5,
      "0011111111112334445",
      1,
      12,
      256
    ],
    [
      176132,
      5,
      "0011111111112334455",
      1,
      12,
      256
    ],
    [
      28676,
      4,
      "0011111111112344444",
      1,
      12,
      256
    ],
    [
      290820,
      5,
      "0011111111112344445",
      1,
      12,
      256
    ],
    [
      159748,
      5,
      "0011111111112344455",
      1,
      12,
      256
    ],
    [
      94212,
      5,
      "0011111111112344555",
      1,
      12,
      256
    ],
    [
      2052,
      2,
      "0011111111122222222",
      1,
      11,
      128
    ],
    [
      264196,
      3,
      "0011111111122222223",
      1,
      11,
      128
    ],
    [
      133124,
      3,
      "0011111111122222233",
      1,
      11,
      128
    ],
    [
      395268,
      4,
      "0011111111122222234",
      1,
      11,
      128
    ],
    [
      67588,
      3,
      "0011111111122222333",
      1,
      11,
      128
    ],
    [
      329732,
      4,
      "0011111111122222334",
      1,
      11,
      128
    ],
    [
      198660,
      4,
      "0011111111122222344",
      1,
      11,
      128
    ],
    [
      460804,
      5,
      "0011111111122222345",
      1,
      11,
      128
    ],
    [
      34820,
      3,
      "0011111111122223333",
      1,
      11,
      128
    ],
    [
      296964,
      4,
      "0011111111122223334",
      1,
      11,
      128
    ],
    [
      165892,
      4,
      "0011111111122223344",
      1,
      11,
      128
    ],
    [
      428036,
      5,
      "0011111111122223345",
      1,
      11,
      128
    ],
    [
      100356,
      4,
      "0011111111122223444",
      1,
      11,
      128
    ],
    [
      362500,
      5,
      "0011111111122223445",
      1,
      11,
      128
    ],
    [
      231428,
      5,
      "0011111111122223455",
      1,
      11,
      128
    ],
    [
      18436,
      3,
      "0011111111122233333",
      1,
      11,
      128
    ],
    [
      280580,
      4,
      "0011111111122233334",
      1,
      11,
      128
    ],
    [
      149508,
      4,
      "0011111111122233344",
      1,
      11,
      128
    ],
    [
      411652,
      5,
      "0011111111122233345",
      1,
      11,
      128
    ],
    [
      83972,
      4,
      "0011111111122233444",
      1,
      11,
      128
    ],
    [
      346116,
      5,
      "0011111111122233445",
      1,
      11,
      128
    ],
    [
      215044,
      5,
      "0011111111122233455",
      1,
      11,
      128
    ],
    [
      477188,
      6,
      "0011111111122233456",
      1,
      11,
      128
    ],
    [
      51204,
      4,
      "0011111111122234444",
      1,
      11,
      128
    ],
    [
      182276,
      5,
      "0011111111122234455",
      1,
      11,
      128
    ],
    [
      116740,
      5,
      "0011111111122234555",
      1,
      11,
      128
    ],
    [
      10244,
      3,
      "0011111111122333333",
      1,
      11,
      128
    ],
    [
      272388,
      4,
      "0011111111122333334",
      1,
      11,
      128
    ],
    [
      141316,
      4,
      "0011111111122333344",
      1,
      11,
      128
    ],
    [
      403460,
      5,
      "0011111111122333345",
      1,
      11,
      128
    ],
    [
      75780,
      4,
      "0011111111122333444",
      1,
      11,
      128
    ],
    [
      206852,
      5,
      "0011111111122333455",
      1,
      11,
      128
    ],
    [
      43012,
      4,
      "0011111111122334444",
      1,
      11,
      128
    ],
    [
      305156,
      5,
      "0011111111122334445",
      1,
      11,
      128
    ],
    [
      108548,
      5,
      "0011111111122334555",
      1,
      11,
      128
    ],
    [
      26628,
      4,
      "0011111111122344444",
      1,
      11,
      128
    ],
    [
      288772,
      5,
      "0011111111122344445",
      1,
      11,
      128
    ],
    [
      157700,
      5,
      "0011111111122344455",
      1,
      11,
      128
    ],
    [
      59396,
      5,
      "0011111111122345555",
      1,
      11,
      128
    ],
    [
      6148,
      3,
      "0011111111123333333",
      1,
      11,
      128
    ],
    [
      268292,
      4,
      "0011111111123333334",
      1,
      11,
      128
    ],
    [
      137220,
      4,
      "0011111111123333344",
      1,
      11,
      128
    ],
    [
      71684,
      4,
      "0011111111123333444",
      1,
      11,
      128
    ],
    [
      333828,
      5,
      "0011111111123333445",
      1,
      11,
      128
    ],
    [
      38916,
      4,
      "0011111111123334444",
      1,
      11,
      128
    ],
    [
      301060,
      5,
      "0011111111123334445",
      1,
      11,
      128
    ],
    [
      169988,
      5,
      "0011111111123334455",
      1,
      11,
      128
    ],
    [
      22532,
      4,
      "0011111111123344444",
      1,
      11,
      128
    ],
    [
      284676,
      5,
      "0011111111123344445",
      1,
      11,
      128
    ],
    [
      153604,
      5,
      "0011111111123344455",
      1,
      11,
      128
    ],
    [
      88068,
      5,
      "0011111111123344555",
      1,
      11,
      128
    ],
    [
      14340,
      4,
      "0011111111123444444",
      1,
      11,
      128
    ],
    [
      276484,
      5,
      "0011111111123444445",
      1,
      11,
      128
    ],
    [
      145412,
      5,
      "0011111111123444455",
      1,
      11,
      128
    ],
    [
      79876,
      5,
      "0011111111123444555",
      1,
      11,
      128
    ],
    [
      47108,
      5,
      "0011111111123445555",
      1,
      11,
      128
    ],
    [
      309252,
      6,
      "0011111111123445556",
      1,
      11,
      128
    ],
    [
      1028,
      2,
      "0011111111222222222",
      1,
      10,
      64
    ],
    [
      263172,
      3,
      "0011111111222222223",
      1,
      10,
      64
    ],
    [
      132100,
      3,
      "0011111111222222233",
      1,
      10,
      64
    ],
    [
      394244,
      4,
      "0011111111222222234",
      1,
      10,
      64
    ],
    [
      66564,
      3,
      "0011111111222222333",
      1,
      10,
      64
    ],
    [
      328708,
      4,
      "0011111111222222334",
      1,
      10,
      64
    ],
    [
      197636,
      4,
      "0011111111222222344",
      1,
      10,
      64
    ],
    [
      459780,
      5,
      "0011111111222222345",
      1,
      10,
      64
    ],
    [
      33796,
      3,
      "0011111111222223333",
      1,
      10,
      64
    ],
    [
      295940,
      4,
      "0011111111222223334",
      1,
      10,
      64
    ],
    [
      164868,
      4,
      "0011111111222223344",
      1,
      10,
      64
    ],
    [
      427012,
      5,
      "0011111111222223345",
      1,
      10,
      64
    ],
    [
      99332,
      4,
      "0011111111222223444",
      1,
      10,
      64
    ],
    [
      361476,
      5,
      "0011111111222223445",
      1,
      10,
      64
    ],
    [
      230404,
      5,
      "0011111111222223455",
      1,
      10,
      64
    ],
    [
      17412,
      3,
      "0011111111222233333",
      1,
      10,
      64
    ],
    [
      279556,
      4,
      "0011111111222233334",
      1,
      10,
      64
    ],
    [
      148484,
      4,
      "0011111111222233344",
      1,
      10,
      64
    ],
    [
      410628,
      5,
      "0011111111222233345",
      1,
      10,
      64
    ],
    [
      82948,
      4,
      "0011111111222233444",
      1,
      10,
      64
    ],
    [
      345092,
      5,
      "0011111111222233445",
      1,
      10,
      64
    ],
    [
      214020,
      5,
      "0011111111222233455",
      1,
      10,
      64
    ],
    [
      476164,
      6,
      "0011111111222233456",
      1,
      10,
      64
    ],
    [
      50180,
      4,
      "0011111111222234444",
      1,
      10,
      64
    ],
    [
      312324,
      5,
      "0011111111222234445",
      1,
      10,
      64
    ],
    [
      181252,
      5,
      "0011111111222234455",
      1,
      10,
      64
    ],
    [
      115716,
      5,
      "0011111111222234555",
      1,
      10,
      64
    ],
    [
      377860,
      6,
      "0011111111222234556",
      1,
      10,
      64
    ],
    [
      9220,
      3,
      "0011111111222333333",
      1,
      10,
      64
    ],
    [
      271364,
      4,
      "0011111111222333334",
      1,
      10,
      64
    ],
    [
      140292,
      4,
      "0011111111222333344",
      1,
      10,
      64
    ],
    [
      402436,
      5,
      "0011111111222333345",
      1,
      10,
      64
    ],
    [
      74756,
      4,
      "0011111111222333444",
      1,
      10,
      64
    ],
    [
      336900,
      5,
      "0011111111222333445",
      1,
      10,
      64
    ],
    [
      205828,
      5,
      "0011111111222333455",
      1,
      10,
      64
    ],
    [
      467972,
      6,
      "0011111111222333456",
      1,
      10,
      64
    ],
    [
      41988,
      4,
      "0011111111222334444",
      1,
      10,
      64
    ],
    [
      173060,
      5,
      "0011111111222334455",
      1,
      10,
      64
    ],
    [
      107524,
      5,
      "0011111111222334555",
      1,
      10,
      64
    ],
    [
      238596,
      6,
      "0011111111222334566",
      1,
      10,
      64
    ],
    [
      25604,
      4,
      "0011111111222344444",
      1,
      10,
      64
    ],
    [
      287748,
      5,
      "0011111111222344445",
      1,
      10,
      64
    ],
    [
      91140,
      5,
      "0011111111222344555",
      1,
      10,
      64
    ],
    [
      353284,
      6,
      "0011111111222344556",
      1,
      10,
      64
    ],
    [
      58372,
      5,
      "0011111111222345555",
      1,
      10,
      64
    ],
    [
      5124,
      3,
      "0011111111223333333",
      1,
      10,
      64
    ],
    [
      267268,
      4,
      "0011111111223333334",
      1,
      10,
      64
    ],
    [
      136196,
      4,
      "0011111111223333344",
      1,
      10,
      64
    ],
    [
      398340,
      5,
      "0011111111223333345",
      1,
      10,
      64
    ],
    [
      70660,
      4,
      "0011111111223333444",
      1,
      10,
      64
    ],
    [
      201732,
      5,
      "0011111111223333455",
      1,
      10,
      64
    ],
    [
      37892,
      4,
      "0011111111223334444",
      1,
      10,
      64
    ],
    [
      300036,
      5,
      "0011111111223334445",
      1,
      10,
      64
    ],
    [
      103428,
      5,
      "0011111111223334555",
      1,
      10,
      64
    ],
    [
      21508,
      4,
      "0011111111223344444",
      1,
      10,
      64
    ],
    [
      283652,
      5,
      "0011111111223344445",
      1,
      10,
      64
    ],
    [
      152580,
      5,
      "0011111111223344455",
      1,
      10,
      64
    ],
    [
      414724,
      6,
      "0011111111223344456",
      1,
      10,
      64
    ],
    [
      54276,
      5,
      "0011111111223345555",
      1,
      10,
      64
    ],
    [
      316420,
      6,
      "0011111111223345556",
      1,
      10,
      64
    ],
    [
      13316,
      4,
      "0011111111223444444",
      1,
      10,
      64
    ],
    [
      275460,
      5,
      "0011111111223444445",
      1,
      10,
      64
    ],
    [
      144388,
      5,
      "0011111111223444455",
      1,
      10,
      64
    ],
    [
      78852,
      5,
      "0011111111223444555",
      1,
      10,
      64
    ],
    [
      29700,
      5,
      "0011111111223455555",
      1,
      10,
      64
    ],
    [
      291844,
      6,
      "0011111111223455556",
      1,
      10,
      64
    ],
    [
      3076,
      3,
      "0011111111233333333",
      1,
      10,
      64
    ],
    [
      265220,
      4,
      "0011111111233333334",
      1,
      10,
      64
    ],
    [
      134148,
      4,
      "0011111111233333344",
      1,
      10,
      64
    ],
    [
      68612,
      4,
      "0011111111233333444",
      1,
      10,
      64
    ],
    [
      330756,
      5,
      "0011111111233333445",
      1,
      10,
      64
    ],
    [
      35844,
      4,
      "0011111111233334444",
      1,
      10,
      64
    ],
    [
      297988,
      5,
      "0011111111233334445",
      1,
      10,
      64
    ],
    [
      166916,
      5,
      "0011111111233334455",
      1,
      10,
      64
    ],
    [
      19460,
      4,
      "0011111111233344444",
      1,
      10,
      64
    ],
    [
      281604,
      5,
      "0011111111233344445",
      1,
      10,
      64
    ],
    [
      150532,
      5,
      "0011111111233344455",
      1,
      10,
      64
    ],
    [
      84996,
      5,
      "0011111111233344555",
      1,
      10,
      64
    ],
    [
      347140,
      6,
      "0011111111233344556",
      1,
      10,
      64
    ],
    [
      11268,
      4,
      "0011111111233444444",
      1,
      10,
      64
    ],
    [
      273412,
      5,
      "0011111111233444445",
      1,
      10,
      64
    ],
    [
      142340,
      5,
      "0011111111233444455",
      1,
      10,
      64
    ],
    [
      76804,
      5,
      "0011111111233444555",
      1,
      10,
      64
    ],
    [
      44036,
      5,
      "0011111111233445555",
      1,
      10,
      64
    ],
    [
      7172,
      4,
      "0011111111234444444",
      1,
      10,
      64
    ],
    [
      269316,
      5,
      "0011111111234444445",
      1,
      10,
      64
    ],
    [
      138244,
      5,
      "0011111111234444455",
      1,
      10,
      64
    ],
    [
      72708,
      5,
      "0011111111234444555",
      1,
      10,
      64
    ],
    [
      39940,
      5,
      "0011111111234445555",
      1,
      10,
      64
    ],
    [
      302084,
      6,
      "0011111111234445556",
      1,
      10,
      64
    ],
    [
      23556,
      5,
      "0011111111234455555",
      1,
      10,
      64
    ],
    [
      285700,
      6,
      "0011111111234455556",
      1,
      10,
      64
    ],
    [
      154628,
      6,
      "0011111111234455566",
      1,
      10,
      64
    ],
    [
      516,
      2,
      "0011111112222222222",
      1,
      9,
      32
    ],
    [
      262660,
      3,
      "0011111112222222223",
      1,
      9,
      32
    ],
    [
      131588,
      3,
      "0011111112222222233",
      1,
      9,
      32
    ],
    [
      393732,
      4,
      "0011111112222222234",
      1,
      9,
      32
    ],
    [
      66052,
      3,
      "0011111112222222333",
      1,
      9,
      32
    ],
    [
      328196,
      4,
      "0011111112222222334",
      1,
      9,
      32
    ],
    [
      197124,
      4,
      "0011111112222222344",
      1,
      9,
      32
    ],
    [
      459268,
      5,
      "0011111112222222345",
      1,
      9,
      32
    ],
    [
      33284,
      3,
      "0011111112222223333",
      1,
      9,
      32
    ],
    [
      295428,
      4,
      "0011111112222223334",
      1,
      9,
      32
    ],
    [
      164356,
      4,
      "0011111112222223344",
      1,
      9,
      32
    ],
    [
      426500,
      5,
      "0011111112222223345",
      1,
      9,
      32
    ],
    [
      98820,
      4,
      "0011111112222223444",
      1,
      9,
      32
    ],
    [
      360964,
      5,
      "0011111112222223445",
      1,
      9,
      32
    ],
    [
      229892,
      5,
      "0011111112222223455",
      1,
      9,
      32
    ],
    [
      16900,
      3,
      "0011111112222233333",
      1,
      9,
      32
    ],
    [
      279044,
      4,
      "0011111112222233334",
      1,
      9,
      32
    ],
    [
      147972,
      4,
      "0011111112222233344",
      1,
      9,
      32
    ],
    [
      410116,
      5,
      "0011111112222233345",
      1,
      9,
      32
    ],
    [
      82436,
      4,
      "0011111112222233444",
      1,
      9,
      32
    ],
    [
      344580,
      5,
      "0011111112222233445",
      1,
      9,
      32
    ],
    [
      213508,
      5,
      "0011111112222233455",
      1,
      9,
      32
    ],
    [
      475652,
      6,
      "0011111112222233456",
      1,
      9,
      32
    ],
    [
      49668,
      4,
      "0011111112222234444",
      1,
      9,
      32
    ],
    [
      311812,
      5,
      "0011111112222234445",
      1,
      9,
      32
    ],
    [
      180740,
      5,
      "0011111112222234455",
      1,
      9,
      32
    ],
    [
      115204,
      5,
      "0011111112222234555",
      1,
      9,
      32
    ],
    [
      377348,
      6,
      "0011111112222234556",
      1,
      9,
      32
    ],
    [
      8708,
      3,
      "0011111112222333333",
      1,
      9,
      32
    ],
    [
      270852,
      4,
      "0011111112222333334",
      1,
      9,
      32
    ],
    [
      139780,
      4,
      "0011111112222333344",
      1,
      9,
      32
    ],
    [
      401924,
      5,
      "0011111112222333345",
      1,
      9,
      32
    ],
    [
      74244,
      4,
      "0011111112222333444",
      1,
      9,
      32
    ],
    [
      336388,
      5,
      "0011111112222333445",
      1,
      9,
      32
    ],
    [
      205316,
      5,
      "0011111112222333455",
      1,
      9,
      32
    ],
    [
      467460,
      6,
      "0011111112222333456",
      1,
      9,
      32
    ],
    [
      41476,
      4,
      "0011111112222334444",
      1,
      9,
      32
    ],
    [
      303620,
      5,
      "0011111112222334445",
      1,
      9,
      32
    ],
    [
      172548,
      5,
      "0011111112222334455",
      1,
      9,
      32
    ],
    [
      434692,
      6,
      "0011111112222334456",
      1,
      9,
      32
    ],
    [
      107012,
      5,
      "0011111112222334555",
      1,
      9,
      32
    ],
    [
      238084,
      6,
      "0011111112222334566",
      1,
      9,
      32
    ],
    [
      25092,
      4,
      "0011111112222344444",
      1,
      9,
      32
    ],
    [
      156164,
      5,
      "0011111112222344455",
      1,
      9,
      32
    ],
    [
      90628,
      5,
      "0011111112222344555",
      1,
      9,
      32
    ],
    [
      57860,
      5,
      "0011111112222345555",
      1,
      9,
      32
    ],
    [
      188932,
      6,
      "0011111112222345566",
      1,
      9,
      32
    ],
    [
      4612,
      3,
      "0011111112223333333",
      1,
      9,
      32
    ],
    [
      266756,
      4,
      "0011111112223333334",
      1,
      9,
      32
    ],
    [
      135684,
      4,
      "0011111112223333344",
      1,
      9,
      32
    ],
    [
      397828,
      5,
      "0011111112223333345",
      1,
      9,
      32
    ],
    [
      70148,
      4,
      "0011111112223333444",
      1,
      9,
      32
    ],
    [
      332292,
      5,
      "0011111112223333445",
      1,
      9,
      32
    ],
    [
      201220,
      5,
      "0011111112223333455",
      1,
      9,
      32
    ],
    [
      463364,
      6,
      "0011111112223333456",
      1,
      9,
      32
    ],
    [
      37380,
      4,
      "0011111112223334444",
      1,
      9,
      32
    ],
    [
      168452,
      5,
      "0011111112223334455",
      1,
      9,
      32
    ],
    [
      102916,
      5,
      "0011111112223334555",
      1,
      9,
      32
    ],
    [
      233988,
      6,
      "0011111112223334566",
      1,
      9,
      32
    ],
    [
      20996,
      4,
      "0011111112223344444",
      1,
      9,
      32
    ],
    [
      283140,
      5,
      "0011111112223344445",
      1,
      9,
      32
    ],
    [
      86532,
      5,
      "0011111112223344555",
      1,
      9,
      32
    ],
    [
      53764,
      5,
      "0011111112223345555",
      1,
      9,
      32
    ],
    [
      119300,
      6,
      "0011111112223345666",
      1,
      9,
      32
    ],
    [
      12804,
      4,
      "0011111112223444444",
      1,
      9,
      32
    ],
    [
      274948,
      5,
      "0011111112223444445",
      1,
      9,
      32
    ],
    [
      143876,
      5,
      "0011111112223444455",
      1,
      9,
      32
    ],
    [
      45572,
      5,
      "0011111112223445555",
      1,
      9,
      32
    ],
    [
      176644,
      6,
      "0011111112223445566",
      1,
      9,
      32
    ],
    [
      29188,
      5,
      "0011111112223455555",
      1,
      9,
      32
    ],
    [
      2564,
      3,
      "0011111112233333333",
      1,
      9,
      32
    ],
    [
      133636,
      4,
      "0011111112233333344",
      1,
      9,
      32
    ],
    [
      68100,
      4,
      "0011111112233333444",
      1,
      9,
      32
    ],
    [
      199172,
      5,
      "0011111112233333455",
      1,
      9,
      32
    ],
    [
      35332,
      4,
      "0011111112233334444",
      1,
      9,
      32
    ],
    [
      100868,
      5,
      "0011111112233334555",
      1,
      9,
      32
    ],
    [
      18948,
      4,
      "0011111112233344444",
      1,
      9,
      32
    ],
    [
      150020,
      5,
      "0011111112233344455",
      1,
      9,
      32
    ],
    [
      51716,
      5,
      "0011111112233345555",
      1,
      9,
      32
    ],
    [
      10756,
      4,
      "0011111112233444444",
      1,
      9,
      32
    ],
    [
      141828,
      5,
      "0011111112233444455",
      1,
      9,
      32
    ],
    [
      76292,
      5,
      "0011111112233444555",
      1,
      9,
      32
    ],
    [
      207364,
      6,
      "0011111112233444566",
      1,
      9,
      32
    ],
    [
      27140,
      5,
      "0011111112233455555",
      1,
      9,
      32
    ],
    [
      158212,
      6,
      "0011111112233455566",
      1,
      9,
      32
    ],
    [
      6660,
      4,
      "0011111112234444444",
      1,
      9,
      32
    ],
    [
      137732,
      5,
      "0011111112234444455",
      1,
      9,
      32
    ],
    [
      72196,
      5,
      "0011111112234444555",
      1,
      9,
      32
    ],
    [
      39428,
      5,
      "0011111112234445555",
      1,
      9,
      32
    ],
    [
      14852,
      5,
      "0011111112234555555",
      1,
      9,
      32
    ],
    [
      145924,
      6,
      "0011111112234555566",
      1,
      9,
      32
    ],
    [
      1540,
      3,
      "0011111112333333333",
      1,
      9,
      32
    ],
    [
      263684,
      4,
      "0011111112333333334",
      1,
      9,
      32
    ],
    [
      67076,
      4,
      "0011111112333333444",
      1,
      9,
      32
    ],
    [
      329220,
      5,
      "0011111112333333445",
      1,
      9,
      32
    ],
    [
      34308,
      4,
      "0011111112333334444",
      1,
      9,
      32
    ],
    [
      296452,
      5,
      "0011111112333334445",
      1,
      9,
      32
    ],
    [
      17924,
      4,
      "0011111112333344444",
      1,
      9,
      32
    ],
    [
      280068,
      5,
      "0011111112333344445",
      1,
      9,
      32
    ],
    [
      83460,
      5,
      "0011111112333344555",
      1,
      9,
      32
    ],
    [
      345604,
      6,
      "0011111112333344556",
      1,
      9,
      32
    ],
    [
      9732,
      4,
      "0011111112333444444",
      1,
      9,
      32
    ],
    [
      271876,
      5,
      "0011111112333444445",
      1,
      9,
      32
    ],
    [
      75268,
      5,
      "0011111112333444555",
      1,
      9,
      32
    ],
    [
      337412,
      6,
      "0011111112333444556",
      1,
      9,
      32
    ],
    [
      42500,
      5,
      "0011111112333445555",
      1,
      9,
      32
    ],
    [
      5636,
      4,
      "0011111112334444444",
      1,
      9,
      32
    ],
    [
      267780,
      5,
      "0011111112334444445",
      1,
      9,
      32
    ],
    [
      71172,
      5,
      "0011111112334444555",
      1,
      9,
      32
    ],
    [
      38404,
      5,
      "0011111112334445555",
      1,
      9,
      32
    ],
    [
      22020,
      5,
      "0011111112334455555",
      1,
      9,
      32
    ],
    [
      284164,
      6,
      "0011111112334455556",
      1,
      9,
      32
    ],
    [
      3588,
      4,
      "0011111112344444444",
      1,
      9,
      32
    ],
    [
      69124,
      5,
      "0011111112344444555",
      1,
      9,
      32
    ],
    [
      36356,
      5,
      "0011111112344445555",
      1,
      9,
      32
    ],
    [
      19972,
      5,
      "0011111112344455555",
      1,
      9,
      32
    ],
    [
      11780,
      5,
      "0011111112344555555",
      1,
      9,
      32
    ],
    [
      77316,
      6,
      "0011111112344555666",
      1,
      9,
      32
    ],
    [
      260,
      2,
      "0011111122222222222",
      1,
      8,
      16
    ],
    [
      262404,
      3,
      "0011111122222222223",
      1,
      8,
      16
    ],
    [
      131332,
      3,
      "0011111122222222233",
      1,
      8,
      16
    ],
    [
      393476,
      4,
      "0011111122222222234",
      1,
      8,
      16
    ],
    [
      65796,
      3,
      "0011111122222222333",
      1,
      8,
      16
    ],
    [
      327940,
      4,
      "0011111122222222334",
      1,
      8,
      16
    ],
    [
      196868,
      4,
      "0011111122222222344",
      1,
      8,
      16
    ],
    [
      459012,
      5,
      "0011111122222222345",
      1,
      8,
      16
    ],
    [
      33028,
      3,
      "0011111122222223333",
      1,
      8,
      16
    ],
    [
      295172,
      4,
      "0011111122222223334",
      1,
      8,
      16
    ],
    [
      164100,
      4,
      "0011111122222223344",
      1,
      8,
      16
    ],
    [
      426244,
      5,
      "0011111122222223345",
      1,
      8,
      16
    ],
    [
      98564,
      4,
      "0011111122222223444",
      1,
      8,
      16
    ],
    [
      360708,
      5,
      "0011111122222223445",
      1,
      8,
      16
    ],
    [
      229636,
      5,
      "0011111122222223455",
      1,
      8,
      16
    ],
    [
      16644,
      3,
      "0011111122222233333",
      1,
      8,
      16
    ],
    [
      278788,
      4,
      "0011111122222233334",
      1,
      8,
      16
    ],
    [
      147716,
      4,
      "0011111122222233344",
      1,
      8,
      16
    ],
    [
      409860,
      5,
      "0011111122222233345",
      1,
      8,
      16
    ],
    [
      82180,
      4,
      "0011111122222233444",
      1,
      8,
      16
    ],
    [
      344324,
      5,
      "0011111122222233445",
      1,
      8,
      16
    ],
    [
      213252,
      5,
      "0011111122222233455",
      1,
      8,
      16
    ],
    [
      475396,
      6,
      "0011111122222233456",
      1,
      8,
      16
    ],
    [
      49412,
      4,
      "0011111122222234444",
      1,
      8,
      16
    ],
    [
      311556,
      5,
      "0011111122222234445",
      1,
      8,
      16
    ],
    [
      180484,
      5,
      "0011111122222234455",
      1,
      8,
      16
    ],
    [
      114948,
      5,
      "0011111122222234555",
      1,
      8,
      16
    ],
    [
      377092,
      6,
      "0011111122222234556",
      1,
      8,
      16
    ],
    [
      8452,
      3,
      "0011111122222333333",
      1,
      8,
      16
    ],
    [
      270596,
      4,
      "0011111122222333334",
      1,
      8,
      16
    ],
    [
      139524,
      4,
      "0011111122222333344",
      1,
      8,
      16
    ],
    [
      401668,
      5,
      "0011111122222333345",
      1,
      8,
      16
    ],
    [
      73988,
      4,
      "0011111122222333444",
      1,
      8,
      16
    ],
    [
      336132,
      5,
      "0011111122222333445",
      1,
      8,
      16
    ],
    [
      205060,
      5,
      "0011111122222333455",
      1,
      8,
      16
    ],
    [
      467204,
      6,
      "0011111122222333456",
      1,
      8,
      16
    ],
    [
      41220,
      4,
      "0011111122222334444",
      1,
      8,
      16
    ],
    [
      303364,
      5,
      "0011111122222334445",
      1,
      8,
      16
    ],
    [
      172292,
      5,
      "0011111122222334455",
      1,
      8,
      16
    ],
    [
      434436,
      6,
      "0011111122222334456",
      1,
      8,
      16
    ],
    [
      106756,
      5,
      "0011111122222334555",
      1,
      8,
      16
    ],
    [
      237828,
      6,
      "0011111122222334566",
      1,
      8,
      16
    ],
    [
      24836,
      4,
      "0011111122222344444",
      1,
      8,
      16
    ],
    [
      286980,
      5,
      "0011111122222344445",
      1,
      8,
      16
    ],
    [
      155908,
      5,
      "0011111122222344455",
      1,
      8,
      16
    ],
    [
      90372,
      5,
      "0011111122222344555",
      1,
      8,
      16
    ],
    [
      352516,
      6,
      "0011111122222344556",
      1,
      8,
      16
    ],
    [
      57604,
      5,
      "0011111122222345555",
      1,
      8,
      16
    ],
    [
      319748,
      6,
      "0011111122222345556",
      1,
      8,
      16
    ],
    [
      188676,
      6,
      "0011111122222345566",
      1,
      8,
      16
    ],
    [
      4356,
      3,
      "0011111122223333333",
      1,
      8,
      16
    ],
    [
      135428,
      4,
      "0011111122223333344",
      1,
      8,
      16
    ],
    [
      69892,
      4,
      "0011111122223333444",
      1,
      8,
      16
    ],
    [
      200964,
      5,
      "0011111122223333455",
      1,
      8,
      16
    ],
    [
      37124,
      4,
      "0011111122223334444",
      1,
      8,
      16
    ],
    [
      168196,
      5,
      "0011111122223334455",
      1,
      8,
      16
    ],
    [
      102660,
      5,
      "0011111122223334555",
      1,
      8,
      16
    ],
    [
      233732,
      6,
      "0011111122223334566",
      1,
      8,
      16
    ],
    [
      20740,
      4,
      "0011111122223344444",
      1,
      8,
      16
    ],
    [
      151812,
      5,
      "0011111122223344455",
      1,
      8,
      16
    ],
    [
      86276,
      5,
      "0011111122223344555",
      1,
      8,
      16
    ],
    [
      217348,
      6,
      "0011111122223344566",
      1,
      8,
      16
    ],
    [
      53508,
      5,
      "0011111122223345555",
      1,
      8,
      16
    ],
    [
      119044,
      6,
      "0011111122223345666",
      1,
      8,
      16
    ],
    [
      12548,
      4,
      "0011111122223444444",
      1,
      8,
      16
    ],
    [
      78084,
      5,
      "0011111122223444555",
      1,
      8,
      16
    ],
    [
      45316,
      5,
      "0011111122223445555",
      1,
      8,
      16
    ],
    [
      28932,
      5,
      "0011111122223455555",
      1,
      8,
      16
    ],
    [
      94468,
      6,
      "0011111122223455666",
      1,
      8,
      16
    ],
    [
      2308,
      3,
      "0011111122233333333",
      1,
      8,
      16
    ],
    [
      264452,
      4,
      "0011111122233333334",
      1,
      8,
      16
    ],
    [
      67844,
      4,
      "0011111122233333444",
      1,
      8,
      16
    ],
    [
      329988,
      5,
      "0011111122233333445",
      1,
      8,
      16
    ],
    [
      35076,
      4,
      "0011111122233334444",
      1,
      8,
      16
    ],
    [
      100612,
      5,
      "0011111122233334555",
      1,
      8,
      16
    ],
    [
      18692,
      4,
      "0011111122233344444",
      1,
      8,
      16
    ],
    [
      280836,
      5,
      "0011111122233344445",
      1,
      8,
      16
    ],
    [
      84228,
      5,
      "0011111122233344555",
      1,
      8,
      16
    ],
    [
      346372,
      6,
      "0011111122233344556",
      1,
      8,
      16
    ],
    [
      51460,
      5,
      "0011111122233345555",
      1,
      8,
      16
    ],
    [
      116996,
      6,
      "0011111122233345666",
      1,
      8,
      16
    ],
    [
      10500,
      4,
      "0011111122233444444",
      1,
      8,
      16
    ],
    [
      272644,
      5,
      "0011111122233444445",
      1,
      8,
      16
    ],
    [
      43268,
      5,
      "0011111122233445555",
      1,
      8,
      16
    ],
    [
      26884,
      5,
      "0011111122233455555",
      1,
      8,
      16
    ],
    [
      289028,
      6,
      "0011111122233455556",
      1,
      8,
      16
    ],
    [
      59652,
      6,
      "0011111122233456666",
      1,
      8,
      16
    ],
    [
      6404,
      4,
      "0011111122234444444",
      1,
      8,
      16
    ],
    [
      71940,
      5,
      "0011111122234444555",
      1,
      8,
      16
    ],
    [
      22788,
      5,
      "0011111122234455555",
      1,
      8,
      16
    ],
    [
      88324,
      6,
      "0011111122234455666",
      1,
      8,
      16
    ],
    [
      14596,
      5,
      "0011111122234555555",
      1,
      8,
      16
    ],
    [
      1284,
      3,
      "0011111122333333333",
      1,
      8,
      16
    ],
    [
      263428,
      4,
      "0011111122333333334",
      1,
      8,
      16
    ],
    [
      132356,
      4,
      "0011111122333333344",
      1,
      8,
      16
    ],
    [
      394500,
      5,
      "0011111122333333345",
      1,
      8,
      16
    ],
    [
      34052,
      4,
      "0011111122333334444",
      1,
      8,
      16
    ],
    [
      296196,
      5,
      "0011111122333334445",
      1,
      8,
      16
    ],
    [
      17668,
      4,
      "0011111122333344444",
      1,
      8,
      16
    ],
    [
      279812,
      5,
      "0011111122333344445",
      1,
      8,
      16
    ],
    [
      148740,
      5,
      "0011111122333344455",
      1,
      8,
      16
    ],
    [
      410884,
      6,
      "0011111122333344456",
      1,
      8,
      16
    ],
    [
      50436,
      5,
      "0011111122333345555",
      1,
      8,
      16
    ],
    [
      312580,
      6,
      "0011111122333345556",
      1,
      8,
      16
    ],
    [
      9476,
      4,
      "0011111122333444444",
      1,
      8,
      16
    ],
    [
      271620,
      5,
      "0011111122333444445",
      1,
      8,
      16
    ],
    [
      140548,
      5,
      "0011111122333444455",
      1,
      8,
      16
    ],
    [
      402692,
      6,
      "0011111122333444456",
      1,
      8,
      16
    ],
    [
      25860,
      5,
      "0011111122333455555",
      1,
      8,
      16
    ],
    [
      288004,
      6,
      "0011111122333455556",
      1,
      8,
      16
    ],
    [
      5380,
      4,
      "0011111122334444444",
      1,
      8,
      16
    ],
    [
      136452,
      5,
      "0011111122334444455",
      1,
      8,
      16
    ],
    [
      38148,
      5,
      "0011111122334445555",
      1,
      8,
      16
    ],
    [
      13572,
      5,
      "0011111122334555555",
      1,
      8,
      16
    ],
    [
      3332,
      4,
      "0011111122344444444",
      1,
      8,
      16
    ],
    [
      265476,
      5,
      "0011111122344444445",
      1,
      8,
      16
    ],
    [
      36100,
      5,
      "0011111122344445555",
      1,
      8,
      16
    ],
    [
      19716,
      5,
      "0011111122344455555",
      1,
      8,
      16
    ],
    [
      281860,
      6,
      "0011111122344455556",
      1,
      8,
      16
    ],
    [
      7428,
      5,
      "0011111122345555555",
      1,
      8,
      16
    ],
    [
      772,
      3,
      "0011111123333333333",
      1,
      8,
      16
    ],
    [
      262916,
      4,
      "0011111123333333334",
      1,
      8,
      16
    ],
    [
      131844,
      4,
      "0011111123333333344",
      1,
      8,
      16
    ],
    [
      66308,
      4,
      "0011111123333333444",
      1,
      8,
      16
    ],
    [
      328452,
      5,
      "0011111123333333445",
      1,
      8,
      16
    ],
    [
      17156,
      4,
      "0011111123333344444",
      1,
      8,
      16
    ],
    [
      279300,
      5,
      "0011111123333344445",
      1,
      8,
      16
    ],
    [
      148228,
      5,
      "0011111123333344455",
      1,
      8,
      16
    ],
    [
      82692,
      5,
      "0011111123333344555",
      1,
      8,
      16
    ],
    [
      344836,
      6,
      "0011111123333344556",
      1,
      8,
      16
    ],
    [
      8964,
      4,
      "0011111123333444444",
      1,
      8,
      16
    ],
    [
      271108,
      5,
      "0011111123333444445",
      1,
      8,
      16
    ],
    [
      140036,
      5,
      "0011111123333444455",
      1,
      8,
      16
    ],
    [
      74500,
      5,
      "0011111123333444555",
      1,
      8,
      16
    ],
    [
      336644,
      6,
      "0011111123333444556",
      1,
      8,
      16
    ],
    [
      4868,
      4,
      "0011111123334444444",
      1,
      8,
      16
    ],
    [
      135940,
      5,
      "0011111123334444455",
      1,
      8,
      16
    ],
    [
      70404,
      5,
      "0011111123334444555",
      1,
      8,
      16
    ],
    [
      21252,
      5,
      "0011111123334455555",
      1,
      8,
      16
    ],
    [
      86788,
      6,
      "0011111123334455666",
      1,
      8,
      16
    ],
    [
      2820,
      4,
      "0011111123344444444",
      1,
      8,
      16
    ],
    [
      68356,
      5,
      "0011111123344444555",
      1,
      8,
      16
    ],
    [
      19204,
      5,
      "0011111123344455555",
      1,
      8,
      16
    ],
    [
      11012,
      5,
      "0011111123344555555",
      1,
      8,
      16
    ],
    [
      1796,
      4,
      "0011111123444444444",
      1,
      8,
      16
    ],
    [
      263940,
      5,
      "0011111123444444445",
      1,
      8,
      16
    ],
    [
      18180,
      5,
      "0011111123444455555",
      1,
      8,
      16
    ],
    [
      280324,
      6,
      "0011111123444455556",
      1,
      8,
      16
    ],
    [
      9988,
      5,
      "0011111123444555555",
      1,
      8,
      16
    ],
    [
      272132,
      6,
      "0011111123444555556",
      1,
      8,
      16
    ],
    [
      5892,
      5,
      "0011111123445555555",
      1,
      8,
      16
    ],
    [
      132,
      2,
      "0011111222222222222",
      1,
      7,
      8
    ],
    [
      262276,
      3,
      "0011111222222222223",
      1,
      7,
      8
    ],
    [
      131204,
      3,
      "0011111222222222233",
      1,
      7,
      8
    ],
    [
      393348,
      4,
      "0011111222222222234",
      1,
      7,
      8
    ],
    [
      65668,
      3,
      "0011111222222222333",
      1,
      7,
      8
    ],
    [
      327812,
      4,
      "0011111222222222334",
      1,
      7,
      8
    ],
    [
      196740,
      4,
      "0011111222222222344",
      1,
      7,
      8
    ],
    [
      458884,
      5,
      "0011111222222222345",
      1,
      7,
      8
    ],
    [
      32900,
      3,
      "0011111222222223333",
      1,
      7,
      8
    ],
    [
      295044,
      4,
      "0011111222222223334",
      1,
      7,
      8
    ],
    [
      163972,
      4,
      "0011111222222223344",
      1,
      7,
      8
    ],
    [
      426116,
      5,
      "0011111222222223345",
      1,
      7,
      8
    ],
    [
      98436,
      4,
      "0011111222222223444",
      1,
      7,
      8
    ],
    [
      360580,
      5,
      "0011111222222223445",
      1,
      7,
      8
    ],
    [
      229508,
      5,
      "0011111222222223455",
      1,
      7,
      8
    ],
    [
      16516,
      3,
      "0011111222222233333",
      1,
      7,
      8
    ],
    [
      278660,
      4,
      "0011111222222233334",
      1,
      7,
      8
    ],
    [
      147588,
      4,
      "0011111222222233344",
      1,
      7,
      8
    ],
    [
      409732,
      5,
      "0011111222222233345",
      1,
      7,
      8
    ],
    [
      82052,
      4,
      "0011111222222233444",
      1,
      7,
      8
    ],
    [
      344196,
      5,
      "0011111222222233445",
      1,
      7,
      8
    ],
    [
      213124,
      5,
      "0011111222222233455",
      1,
      7,
      8
    ],
    [
      475268,
      6,
      "0011111222222233456",
      1,
      7,
      8
    ],
    [
      49284,
      4,
      "0011111222222234444",
      1,
      7,
      8
    ],
    [
      311428,
      5,
      "0011111222222234445",
      1,
      7,
      8
    ],
    [
      180356,
      5,
      "0011111222222234455",
      1,
      7,
      8
    ],
    [
      114820,
      5,
      "0011111222222234555",
      1,
      7,
      8
    ],
    [
      376964,
      6,
      "0011111222222234556",
      1,
      7,
      8
    ],
    [
      8324,
      3,
      "0011111222222333333",
      1,
      7,
      8
    ],
    [
      139396,
      4,
      "0011111222222333344",
      1,
      7,
      8
    ],
    [
      73860,
      4,
      "0011111222222333444",
      1,
      7,
      8
    ],
    [
      204932,
      5,
      "0011111222222333455",
      1,
      7,
      8
    ],
    [
      41092,
      4,
      "0011111222222334444",
      1,
      7,
      8
    ],
    [
      172164,
      5,
      "0011111222222334455",
      1,
      7,
      8
    ],
    [
      106628,
      5,
      "0011111222222334555",
      1,
      7,
      8
    ],
    [
      237700,
      6,
      "0011111222222334566",
      1,
      7,
      8
    ],
    [
      24708,
      4,
      "0011111222222344444",
      1,
      7,
      8
    ],
    [
      155780,
      5,
      "0011111222222344455",
      1,
      7,
      8
    ],
    [
      90244,
      5,
      "0011111222222344555",
      1,
      7,
      8
    ],
    [
      57476,
      5,
      "0011111222222345555",
      1,
      7,
      8
    ],
    [
      188548,
      6,
      "0011111222222345566",
      1,
      7,
      8
    ],
    [
      4228,
      3,
      "0011111222223333333",
      1,
      7,
      8
    ],
    [
      266372,
      4,
      "0011111222223333334",
      1,
      7,
      8
    ],
    [
      69764,
      4,
      "0011111222223333444",
      1,
      7,
      8
    ],
    [
      331908,
      5,
      "0011111222223333445",
      1,
      7,
      8
    ],
    [
      36996,
      4,
      "0011111222223334444",
      1,
      7,
      8
    ],
    [
      299140,
      5,
      "0011111222223334445",
      1,
      7,
      8
    ],
    [
      102532,
      5,
      "0011111222223334555",
      1,
      7,
      8
    ],
    [
      364676,
      6,
      "0011111222223334556",
      1,
      7,
      8
    ],
    [
      20612,
      4,
      "0011111222223344444",
      1,
      7,
      8
    ],
    [
      282756,
      5,
      "0011111222223344445",
      1,
      7,
      8
    ],
    [
      86148,
      5,
      "0011111222223344555",
      1,
      7,
      8
    ],
    [
      53380,
      5,
      "0011111222223345555",
      1,
      7,
      8
    ],
    [
      315524,
      6,
      "0011111222223345556",
      1,
      7,
      8
    ],
    [
      118916,
      6,
      "0011111222223345666",
      1,
      7,
      8
    ],
    [
      12420,
      4,
      "0011111222223444444",
      1,
      7,
      8
    ],
    [
      77956,
      5,
      "0011111222223444555",
      1,
      7,
      8
    ],
    [
      45188,
      5,
      "0011111222223445555",
      1,
      7,
      8
    ],
    [
      28804,
      5,
      "0011111222223455555",
      1,
      7,
      8
    ],
    [
      94340,
      6,
      "0011111222223455666",
      1,
      7,
      8
    ],
    [
      2180,
      3,
      "0011111222233333333",
      1,
      7,
      8
    ],
    [
      264324,
      4,
      "0011111222233333334",
      1,
      7,
      8
    ],
    [
      133252,
      4,
      "0011111222233333344",
      1,
      7,
      8
    ],
    [
      395396,
      5,
      "0011111222233333345",
      1,
      7,
      8
    ],
    [
      34948,
      4,
      "0011111222233334444",
      1,
      7,
      8
    ],
    [
      297092,
      5,
      "0011111222233334445",
      1,
      7,
      8
    ],
    [
      166020,
      5,
      "0011111222233334455",
      1,
      7,
      8
    ],
    [
      428164,
      6,
      "0011111222233334456",
      1,
      7,
      8
    ],
    [
      18564,
      4,
      "0011111222233344444",
      1,
      7,
      8
    ],
    [
      149636,
      5,
      "0011111222233344455",
      1,
      7,
      8
    ],
    [
      51332,
      5,
      "0011111222233345555",
      1,
      7,
      8
    ],
    [
      182404,
      6,
      "0011111222233345566",
      1,
      7,
      8
    ],
    [
      10372,
      4,
      "0011111222233444444",
      1,
      7,
      8
    ],
    [
      43140,
      5,
      "0011111222233445555",
      1,
      7,
      8
    ],
    [
      26756,
      5,
      "0011111222233455555",
      1,
      7,
      8
    ],
    [
      59524,
      6,
      "0011111222233456666",
      1,
      7,
      8
    ],
    [
      6276,
      4,
      "0011111222234444444",
      1,
      7,
      8
    ],
    [
      268420,
      5,
      "0011111222234444445",
      1,
      7,
      8
    ],
    [
      39044,
      5,
      "0011111222234445555",
      1,
      7,
      8
    ],
    [
      301188,
      6,
      "0011111222234445556",
      1,
      7,
      8
    ],
    [
      22660,
      5,
      "0011111222234455555",
      1,
      7,
      8
    ],
    [
      14468,
      5,
      "0011111222234555555",
      1,
      7,
      8
    ],
    [
      47236,
      6,
      "0011111222234556666",
      1,
      7,
      8
    ],
    [
      1156,
      3,
      "0011111222333333333",
      1,
      7,
      8
    ],
    [
      263300,
      4,
      "0011111222333333334",
      1,
      7,
      8
    ],
    [
      132228,
      4,
      "0011111222333333344",
      1,
      7,
      8
    ],
    [
      394372,
      5,
      "0011111222333333345",
      1,
      7,
      8
    ],
    [
      66692,
      4,
      "0011111222333333444",
      1,
      7,
      8
    ],
    [
      328836,
      5,
      "0011111222333333445",
      1,
      7,
      8
    ],
    [
      197764,
      5,
      "0011111222333333455",
      1,
      7,
      8
    ],
    [
      459908,
      6,
      "0011111222333333456",
      1,
      7,
      8
    ],
    [
      17540,
      4,
      "0011111222333344444",
      1,
      7,
      8
    ],
    [
      279684,
      5,
      "0011111222333344445",
      1,
      7,
      8
    ],
    [
      83076,
      5,
      "0011111222333344555",
      1,
      7,
      8
    ],
    [
      345220,
      6,
      "0011111222333344556",
      1,
      7,
      8
    ],
    [
      9348,
      4,
      "0011111222333444444",
      1,
      7,
      8
    ],
    [
      140420,
      5,
      "0011111222333444455",
      1,
      7,
      8
    ],
    [
      25732,
      5,
      "0011111222333455555",
      1,
      7,
      8
    ],
    [
      5252,
      4,
      "0011111222334444444",
      1,
      7,
      8
    ],
    [
      267396,
      5,
      "0011111222334444445",
      1,
      7,
      8
    ],
    [
      70788,
      5,
      "0011111222334444555",
      1,
      7,
      8
    ],
    [
      21636,
      5,
      "0011111222334455555",
      1,
      7,
      8
    ],
    [
      283780,
      6,
      "0011111222334455556",
      1,
      7,
      8
    ],
    [
      13444,
      5,
      "0011111222334555555",
      1,
      7,
      8
    ],
    [
      29828,
      6,
      "0011111222334566666",
      1,
      7,
      8
    ],
    [
      3204,
      4,
      "0011111222344444444",
      1,
      7,
      8
    ],
    [
      265348,
      5,
      "0011111222344444445",
      1,
      7,
      8
    ],
    [
      134276,
      5,
      "0011111222344444455",
      1,
      7,
      8
    ],
    [
      11396,
      5,
      "0011111222344555555",
      1,
      7,
      8
    ],
    [
      7300,
      5,
      "0011111222345555555",
      1,
      7,
      8
    ],
    [
      269444,
      6,
      "0011111222345555556",
      1,
      7,
      8
    ],
    [
      644,
      3,
      "0011111223333333333",
      1,
      7,
      8
    ],
    [
      262788,
      4,
      "0011111223333333334",
      1,
      7,
      8
    ],
    [
      131716,
      4,
      "0011111223333333344",
      1,
      7,
      8
    ],
    [
      393860,
      5,
      "0011111223333333345",
      1,
      7,
      8
    ],
    [
      66180,
      4,
      "0011111223333333444",
      1,
      7,
      8
    ],
    [
      197252,
      5,
      "0011111223333333455",
      1,
      7,
      8
    ],
    [
      33412,
      4,
      "0011111223333334444",
      1,
      7,
      8
    ],
    [
      295556,
      5,
      "0011111223333334445",
      1,
      7,
      8
    ],
    [
      98948,
      5,
      "0011111223333334555",
      1,
      7,
      8
    ],
    [
      8836,
      4,
      "0011111223333444444",
      1,
      7,
      8
    ],
    [
      139908,
      5,
      "0011111223333444455",
      1,
      7,
      8
    ],
    [
      74372,
      5,
      "0011111223333444555",
      1,
      7,
      8
    ],
    [
      205444,
      6,
      "0011111223333444566",
      1,
      7,
      8
    ],
    [
      4740,
      4,
      "0011111223334444444",
      1,
      7,
      8
    ],
    [
      266884,
      5,
      "0011111223334444445",
      1,
      7,
      8
    ],
    [
      70276,
      5,
      "0011111223334444555",
      1,
      7,
      8
    ],
    [
      37508,
      5,
      "0011111223334445555",
      1,
      7,
      8
    ],
    [
      103044,
      6,
      "0011111223334445666",
      1,
      7,
      8
    ],
    [
      12932,
      5,
      "0011111223334555555",
      1,
      7,
      8
    ],
    [
      2692,
      4,
      "0011111223344444444",
      1,
      7,
      8
    ],
    [
      133764,
      5,
      "0011111223344444455",
      1,
      7,
      8
    ],
    [
      35460,
      5,
      "0011111223344445555",
      1,
      7,
      8
    ],
    [
      6788,
      5,
      "0011111223345555555",
      1,
      7,
      8
    ],
    [
      39556,
      6,
      "0011111223345556666",
      1,
      7,
      8
    ],
    [
      1668,
      4,
      "0011111223444444444",
      1,
      7,
      8
    ],
    [
      263812,
      5,
      "0011111223444444445",
      1,
      7,
      8
    ],
    [
      67204,
      5,
      "0011111223444444555",
      1,
      7,
      8
    ],
    [
      9860,
      5,
      "0011111223444555555",
      1,
      7,
      8
    ],
    [
      3716,
      5,
      "0011111223455555555",
      1,
      7,
      8
    ],
    [
      388,
      3,
      "0011111233333333333",
      1,
      7,
      8
    ],
    [
      262532,
      4,
      "0011111233333333334",
      1,
      7,
      8
    ],
    [
      131460,
      4,
      "0011111233333333344",
      1,
      7,
      8
    ],
    [
      65924,
      4,
      "0011111233333333444",
      1,
      7,
      8
    ],
    [
      328068,
      5,
      "0011111233333333445",
      1,
      7,
      8
    ],
    [
      33156,
      4,
      "0011111233333334444",
      1,
      7,
      8
    ],
    [
      295300,
      5,
      "0011111233333334445",
      1,
      7,
      8
    ],
    [
      164228,
      5,
      "0011111233333334455",
      1,
      7,
      8
    ],
    [
      16772,
      4,
      "0011111233333344444",
      1,
      7,
      8
    ],
    [
      278916,
      5,
      "0011111233333344445",
      1,
      7,
      8
    ],
    [
      147844,
      5,
      "0011111233333344455",
      1,
      7,
      8
    ],
    [
      82308,
      5,
      "0011111233333344555",
      1,
      7,
      8
    ],
    [
      344452,
      6,
      "0011111233333344556",
      1,
      7,
      8
    ],
    [
      4484,
      4,
      "0011111233334444444",
      1,
      7,
      8
    ],
    [
      70020,
      5,
      "0011111233334444555",
      1,
      7,
      8
    ],
    [
      37252,
      5,
      "0011111233334445555",
      1,
      7,
      8
    ],
    [
      20868,
      5,
      "0011111233334455555",
      1,
      7,
      8
    ],
    [
      86404,
      6,
      "0011111233334455666",
      1,
      7,
      8
    ],
    [
      2436,
      4,
      "0011111233344444444",
      1,
      7,
      8
    ],
    [
      264580,
      5,
      "0011111233344444445",
      1,
      7,
      8
    ],
    [
      35204,
      5,
      "0011111233344445555",
      1,
      7,
      8
    ],
    [
      18820,
      5,
      "0011111233344455555",
      1,
      7,
      8
    ],
    [
      1412,
      4,
      "0011111233444444444",
      1,
      7,
      8
    ],
    [
      263556,
      5,
      "0011111233444444445",
      1,
      7,
      8
    ],
    [
      132484,
      5,
      "0011111233444444455",
      1,
      7,
      8
    ],
    [
      17796,
      5,
      "0011111233444455555",
      1,
      7,
      8
    ],
    [
      279940,
      6,
      "0011111233444455556",
      1,
      7,
      8
    ],
    [
      5508,
      5,
      "0011111233445555555",
      1,
      7,
      8
    ],
    [
      900,
      4,
      "0011111234444444444",
      1,
      7,
      8
    ],
    [
      263044,
      5,
      "0011111234444444445",
      1,
      7,
      8
    ],
    [
      131972,
      5,
      "0011111234444444455",
      1,
      7,
      8
    ],
    [
      66436,
      5,
      "0011111234444444555",
      1,
      7,
      8
    ],
    [
      4996,
      5,
      "0011111234445555555",
      1,
      7,
      8
    ],
    [
      70532,
      6,
      "0011111234445555666",
      1,
      7,
      8
    ],
    [
      2948,
      5,
      "0011111234455555555",
      1,
      7,
      8
    ],
    [
      68,
      2,
      "0011112222222222222",
      1,
      6,
      4
    ],
    [
      262212,
      3,
      "0011112222222222223",
      1,
      6,
      4
    ],
    [
      131140,
      3,
      "0011112222222222233",
      1,
      6,
      4
    ],
    [
      393284,
      4,
      "0011112222222222234",
      1,
      6,
      4
    ],
    [
      65604,
      3,
      "0011112222222222333",
      1,
      6,
      4
    ],
    [
      327748,
      4,
      "0011112222222222334",
      1,
      6,
      4
    ],
    [
      196676,
      4,
      "0011112222222222344",
      1,
      6,
      4
    ],
    [
      458820,
      5,
      "0011112222222222345",
      1,
      6,
      4
    ],
    [
      32836,
      3,
      "0011112222222223333",
      1,
      6,
      4
    ],
    [
      294980,
      4,
      "0011112222222223334",
      1,
      6,
      4
    ],
    [
      163908,
      4,
      "0011112222222223344",
      1,
      6,
      4
    ],
    [
      426052,
      5,
      "0011112222222223345",
      1,
      6,
      4
    ],
    [
      98372,
      4,
      "0011112222222223444",
      1,
      6,
      4
    ],
    [
      360516,
      5,
      "0011112222222223445",
      1,
      6,
      4
    ],
    [
      229444,
      5,
      "0011112222222223455",
      1,
      6,
      4
    ],
    [
      16452,
      3,
      "0011112222222233333",
      1,
      6,
      4
    ],
    [
      147524,
      4,
      "0011112222222233344",
      1,
      6,
      4
    ],
    [
      81988,
      4,
      "0011112222222233444",
      1,
      6,
      4
    ],
    [
      213060,
      5,
      "0011112222222233455",
      1,
      6,
      4
    ],
    [
      49220,
      4,
      "0011112222222234444",
      1,
      6,
      4
    ],
    [
      180292,
      5,
      "0011112222222234455",
      1,
      6,
      4
    ],
    [
      114756,
      5,
      "0011112222222234555",
      1,
      6,
      4
    ],
    [
      8260,
      3,
      "0011112222222333333",
      1,
      6,
      4
    ],
    [
      270404,
      4,
      "0011112222222333334",
      1,
      6,
      4
    ],
    [
      73796,
      4,
      "0011112222222333444",
      1,
      6,
      4
    ],
    [
      335940,
      5,
      "0011112222222333445",
      1,
      6,
      4
    ],
    [
      41028,
      4,
      "0011112222222334444",
      1,
      6,
      4
    ],
    [
      303172,
      5,
      "0011112222222334445",
      1,
      6,
      4
    ],
    [
      106564,
      5,
      "0011112222222334555",
      1,
      6,
      4
    ],
    [
      24644,
      4,
      "0011112222222344444",
      1,
      6,
      4
    ],
    [
      90180,
      5,
      "0011112222222344555",
      1,
      6,
      4
    ],
    [
      57412,
      5,
      "0011112222222345555",
      1,
      6,
      4
    ],
    [
      4164,
      3,
      "0011112222223333333",
      1,
      6,
      4
    ],
    [
      266308,
      4,
      "0011112222223333334",
      1,
      6,
      4
    ],
    [
      135236,
      4,
      "0011112222223333344",
      1,
      6,
      4
    ],
    [
      397380,
      5,
      "0011112222223333345",
      1,
      6,
      4
    ],
    [
      36932,
      4,
      "0011112222223334444",
      1,
      6,
      4
    ],
    [
      299076,
      5,
      "0011112222223334445",
      1,
      6,
      4
    ],
    [
      168004,
      5,
      "0011112222223334455",
      1,
      6,
      4
    ],
    [
      430148,
      6,
      "0011112222223334456",
      1,
      6,
      4
    ],
    [
      20548,
      4,
      "0011112222223344444",
      1,
      6,
      4
    ],
    [
      151620,
      5,
      "0011112222223344455",
      1,
      6,
      4
    ],
    [
      53316,
      5,
      "0011112222223345555",
      1,
      6,
      4
    ],
    [
      12356,
      4,
      "0011112222223444444",
      1,
      6,
      4
    ],
    [
      274500,
      5,
      "0011112222223444445",
      1,
      6,
      4
    ],
    [
      45124,
      5,
      "0011112222223445555",
      1,
      6,
      4
    ],
    [
      307268,
      6,
      "0011112222223445556",
      1,
      6,
      4
    ],
    [
      28740,
      5,
      "0011112222223455555",
      1,
      6,
      4
    ],
    [
      2116,
      3,
      "0011112222233333333",
      1,
      6,
      4
    ],
    [
      264260,
      4,
      "0011112222233333334",
      1,
      6,
      4
    ],
    [
      133188,
      4,
      "0011112222233333344",
      1,
      6,
      4
    ],
    [
      395332,
      5,
      "0011112222233333345",
      1,
      6,
      4
    ],
    [
      67652,
      4,
      "0011112222233333444",
      1,
      6,
      4
    ],
    [
      329796,
      5,
      "0011112222233333445",
      1,
      6,
      4
    ],
    [
      198724,
      5,
      "0011112222233333455",
      1,
      6,
      4
    ],
    [
      460868,
      6,
      "0011112222233333456",
      1,
      6,
      4
    ],
    [
      18500,
      4,
      "0011112222233344444",
      1,
      6,
      4
    ],
    [
      149572,
      5,
      "0011112222233344455",
      1,
      6,
      4
    ],
    [
      84036,
      5,
      "0011112222233344555",
      1,
      6,
      4
    ],
    [
      215108,
      6,
      "0011112222233344566",
      1,
      6,
      4
    ],
    [
      10308,
      4,
      "0011112222233444444",
      1,
      6,
      4
    ],
    [
      75844,
      5,
      "0011112222233444555",
      1,
      6,
      4
    ],
    [
      26692,
      5,
      "0011112222233455555",
      1,
      6,
      4
    ],
    [
      6212,
      4,
      "0011112222234444444",
      1,
      6,
      4
    ],
    [
      268356,
      5,
      "0011112222234444445",
      1,
      6,
      4
    ],
    [
      22596,
      5,
      "0011112222234455555",
      1,
      6,
      4
    ],
    [
      14404,
      5,
      "0011112222234555555",
      1,
      6,
      4
    ],
    [
      1092,
      3,
      "0011112222333333333",
      1,
      6,
      4
    ],
    [
      263236,
      4,
      "0011112222333333334",
      1,
      6,
      4
    ],
    [
      132164,
      4,
      "0011112222333333344",
      1,
      6,
      4
    ],
    [
      394308,
      5,
      "0011112222333333345",
      1,
      6,
      4
    ],
    [
      66628,
      4,
      "0011112222333333444",
      1,
      6,
      4
    ],
    [
      328772,
      5,
      "0011112222333333445",
      1,
      6,
      4
    ],
    [
      197700,
      5,
      "0011112222333333455",
      1,
      6,
      4
    ],
    [
      459844,
      6,
      "0011112222333333456",
      1,
      6,
      4
    ],
    [
      33860,
      4,
      "0011112222333334444",
      1,
      6,
      4
    ],
    [
      296004,
      5,
      "0011112222333334445",
      1,
      6,
      4
    ],
    [
      164932,
      5,
      "0011112222333334455",
      1,
      6,
      4
    ],
    [
      427076,
      6,
      "0011112222333334456",
      1,
      6,
      4
    ],
    [
      99396,
      5,
      "0011112222333334555",
      1,
      6,
      4
    ],
    [
      361540,
      6,
      "0011112222333334556",
      1,
      6,
      4
    ],
    [
      230468,
      6,
      "0011112222333334566",
      1,
      6,
      4
    ],
    [
      9284,
      4,
      "0011112222333444444",
      1,
      6,
      4
    ],
    [
      271428,
      5,
      "0011112222333444445",
      1,
      6,
      4
    ],
    [
      74820,
      5,
      "0011112222333444555",
      1,
      6,
      4
    ],
    [
      336964,
      6,
      "0011112222333444556",
      1,
      6,
      4
    ],
    [
      42052,
      5,
      "0011112222333445555",
      1,
      6,
      4
    ],
    [
      107588,
      6,
      "0011112222333445666",
      1,
      6,
      4
    ],
    [
      5188,
      4,
      "0011112222334444444",
      1,
      6,
      4
    ],
    [
      267332,
      5,
      "0011112222334444445",
      1,
      6,
      4
    ],
    [
      136260,
      5,
      "0011112222334444455",
      1,
      6,
      4
    ],
    [
      398404,
      6,
      "0011112222334444456",
      1,
      6,
      4
    ],
    [
      37956,
      5,
      "0011112222334445555",
      1,
      6,
      4
    ],
    [
      300100,
      6,
      "0011112222334445556",
      1,
      6,
      4
    ],
    [
      13380,
      5,
      "0011112222334555555",
      1,
      6,
      4
    ],
    [
      275524,
      6,
      "0011112222334555556",
      1,
      6,
      4
    ],
    [
      3140,
      4,
      "0011112222344444444",
      1,
      6,
      4
    ],
    [
      265284,
      5,
      "0011112222344444445",
      1,
      6,
      4
    ],
    [
      134212,
      5,
      "0011112222344444455",
      1,
      6,
      4
    ],
    [
      68676,
      5,
      "0011112222344444555",
      1,
      6,
      4
    ],
    [
      330820,
      6,
      "0011112222344444556",
      1,
      6,
      4
    ],
    [
      11332,
      5,
      "0011112222344555555",
      1,
      6,
      4
    ],
    [
      76868,
      6,
      "0011112222344555666",
      1,
      6,
      4
    ],
    [
      7236,
      5,
      "0011112222345555555",
      1,
      6,
      4
    ],
    [
      269380,
      6,
      "0011112222345555556",
      1,
      6,
      4
    ],
    [
      580,
      3,
      "0011112223333333333",
      1,
      6,
      4
    ],
    [
      262724,
      4,
      "0011112223333333334",
      1,
      6,
      4
    ],
    [
      131652,
      4,
      "0011112223333333344",
      1,
      6,
      4
    ],
    [
      393796,
      5,
      "0011112223333333345",
      1,
      6,
      4
    ],
    [
      66116,
      4,
      "0011112223333333444",
      1,
      6,
      4
    ],
    [
      328260,
      5,
      "0011112223333333445",
      1,
      6,
      4
    ],
    [
      197188,
      5,
      "0011112223333333455",
      1,
      6,
      4
    ],
    [
      459332,
      6,
      "0011112223333333456",
      1,
      6,
      4
    ],
    [
      33348,
      4,
      "0011112223333334444",
      1,
      6,
      4
    ],
    [
      164420,
      5,
      "0011112223333334455",
      1,
      6,
      4
    ],
    [
      98884,
      5,
      "0011112223333334555",
      1,
      6,
      4
    ],
    [
      229956,
      6,
      "0011112223333334566",
      1,
      6,
      4
    ],
    [
      16964,
      4,
      "0011112223333344444",
      1,
      6,
      4
    ],
    [
      82500,
      5,
      "0011112223333344555",
      1,
      6,
      4
    ],
    [
      49732,
      5,
      "0011112223333345555",
      1,
      6,
      4
    ],
    [
      115268,
      6,
      "0011112223333345666",
      1,
      6,
      4
    ],
    [
      4676,
      4,
      "0011112223334444444",
      1,
      6,
      4
    ],
    [
      266820,
      5,
      "0011112223334444445",
      1,
      6,
      4
    ],
    [
      135748,
      5,
      "0011112223334444455",
      1,
      6,
      4
    ],
    [
      397892,
      6,
      "0011112223334444456",
      1,
      6,
      4
    ],
    [
      21060,
      5,
      "0011112223334455555",
      1,
      6,
      4
    ],
    [
      2628,
      4,
      "0011112223344444444",
      1,
      6,
      4
    ],
    [
      133700,
      5,
      "0011112223344444455",
      1,
      6,
      4
    ],
    [
      68164,
      5,
      "0011112223344444555",
      1,
      6,
      4
    ],
    [
      199236,
      6,
      "0011112223344444566",
      1,
      6,
      4
    ],
    [
      6724,
      5,
      "0011112223345555555",
      1,
      6,
      4
    ],
    [
      1604,
      4,
      "0011112223444444444",
      1,
      6,
      4
    ],
    [
      263748,
      5,
      "0011112223444444445",
      1,
      6,
      4
    ],
    [
      67140,
      5,
      "0011112223444444555",
      1,
      6,
      4
    ],
    [
      329284,
      6,
      "0011112223444444556",
      1,
      6,
      4
    ],
    [
      34372,
      5,
      "0011112223444445555",
      1,
      6,
      4
    ],
    [
      5700,
      5,
      "0011112223445555555",
      1,
      6,
      4
    ],
    [
      267844,
      6,
      "0011112223445555556",
      1,
      6,
      4
    ],
    [
      3652,
      5,
      "0011112223455555555",
      1,
      6,
      4
    ],
    [
      69188,
      6,
      "0011112223455555666",
      1,
      6,
      4
    ],
    [
      324,
      3,
      "0011112233333333333",
      1,
      6,
      4
    ],
    [
      262468,
      4,
      "0011112233333333334",
      1,
      6,
      4
    ],
    [
      131396,
      4,
      "0011112233333333344",
      1,
      6,
      4
    ],
    [
      393540,
      5,
      "0011112233333333345",
      1,
      6,
      4
    ],
    [
      65860,
      4,
      "0011112233333333444",
      1,
      6,
      4
    ],
    [
      196932,
      5,
      "0011112233333333455",
      1,
      6,
      4
    ],
    [
      33092,
      4,
      "0011112233333334444",
      1,
      6,
      4
    ],
    [
      295236,
      5,
      "0011112233333334445",
      1,
      6,
      4
    ],
    [
      98628,
      5,
      "0011112233333334555",
      1,
      6,
      4
    ],
    [
      16708,
      4,
      "0011112233333344444",
      1,
      6,
      4
    ],
    [
      147780,
      5,
      "0011112233333344455",
      1,
      6,
      4
    ],
    [
      49476,
      5,
      "0011112233333345555",
      1,
      6,
      4
    ],
    [
      8516,
      4,
      "0011112233333444444",
      1,
      6,
      4
    ],
    [
      270660,
      5,
      "0011112233333444445",
      1,
      6,
      4
    ],
    [
      74052,
      5,
      "0011112233333444555",
      1,
      6,
      4
    ],
    [
      24900,
      5,
      "0011112233333455555",
      1,
      6,
      4
    ],
    [
      2372,
      4,
      "0011112233344444444",
      1,
      6,
      4
    ],
    [
      264516,
      5,
      "0011112233344444445",
      1,
      6,
      4
    ],
    [
      67908,
      5,
      "0011112233344444555",
      1,
      6,
      4
    ],
    [
      18756,
      5,
      "0011112233344455555",
      1,
      6,
      4
    ],
    [
      1348,
      4,
      "0011112233444444444",
      1,
      6,
      4
    ],
    [
      263492,
      5,
      "0011112233444444445",
      1,
      6,
      4
    ],
    [
      132420,
      5,
      "0011112233444444455",
      1,
      6,
      4
    ],
    [
      394564,
      6,
      "0011112233444444456",
      1,
      6,
      4
    ],
    [
      34116,
      5,
      "0011112233444445555",
      1,
      6,
      4
    ],
    [
      296260,
      6,
      "0011112233444445556",
      1,
      6,
      4
    ],
    [
      9540,
      5,
      "0011112233444555555",
      1,
      6,
      4
    ],
    [
      271684,
      6,
      "0011112233444555556",
      1,
      6,
      4
    ],
    [
      3396,
      5,
      "0011112233455555555",
      1,
      6,
      4
    ],
    [
      265540,
      6,
      "0011112233455555556",
      1,
      6,
      4
    ],
    [
      836,
      4,
      "0011112234444444444",
      1,
      6,
      4
    ],
    [
      262980,
      5,
      "0011112234444444445",
      1,
      6,
      4
    ],
    [
      131908,
      5,
      "0011112234444444455",
      1,
      6,
      4
    ],
    [
      66372,
      5,
      "0011112234444444555",
      1,
      6,
      4
    ],
    [
      17220,
      5,
      "0011112234444455555",
      1,
      6,
      4
    ],
    [
      1860,
      5,
      "0011112234555555555",
      1,
      6,
      4
    ],
    [
      264004,
      6,
      "0011112234555555556",
      1,
      6,
      4
    ],
    [
      196,
      3,
      "0011112333333333333",
      1,
      6,
      4
    ],
    [
      262340,
      4,
      "0011112333333333334",
      1,
      6,
      4
    ],
    [
      131268,
      4,
      "0011112333333333344",
      1,
      6,
      4
    ],
    [
      65732,
      4,
      "0011112333333333444",
      1,
      6,
      4
    ],
    [
      327876,
      5,
      "0011112333333333445",
      1,
      6,
      4
    ],
    [
      32964,
      4,
      "0011112333333334444",
      1,
      6,
      4
    ],
    [
      295108,
      5,
      "0011112333333334445",
      1,
      6,
      4
    ],
    [
      164036,
      5,
      "0011112333333334455",
      1,
      6,
      4
    ],
    [
      16580,
      4,
      "0011112333333344444",
      1,
      6,
      4
    ],
    [
      147652,
      5,
      "0011112333333344455",
      1,
      6,
      4
    ],
    [
      82116,
      5,
      "0011112333333344555",
      1,
      6,
      4
    ],
    [
      8388,
      4,
      "0011112333333444444",
      1,
      6,
      4
    ],
    [
      73924,
      5,
      "0011112333333444555",
      1,
      6,
      4
    ],
    [
      41156,
      5,
      "0011112333333445555",
      1,
      6,
      4
    ],
    [
      4292,
      4,
      "0011112333334444444",
      1,
      6,
      4
    ],
    [
      266436,
      5,
      "0011112333334444445",
      1,
      6,
      4
    ],
    [
      37060,
      5,
      "0011112333334445555",
      1,
      6,
      4
    ],
    [
      299204,
      6,
      "0011112333334445556",
      1,
      6,
      4
    ],
    [
      20676,
      5,
      "0011112333334455555",
      1,
      6,
      4
    ],
    [
      1220,
      4,
      "0011112333444444444",
      1,
      6,
      4
    ],
    [
      263364,
      5,
      "0011112333444444445",
      1,
      6,
      4
    ],
    [
      132292,
      5,
      "0011112333444444455",
      1,
      6,
      4
    ],
    [
      66756,
      5,
      "0011112333444444555",
      1,
      6,
      4
    ],
    [
      328900,
      6,
      "0011112333444444556",
      1,
      6,
      4
    ],
    [
      9412,
      5,
      "0011112333444555555",
      1,
      6,
      4
    ],
    [
      5316,
      5,
      "0011112333445555555",
      1,
      6,
      4
    ],
    [
      267460,
      6,
      "0011112333445555556",
      1,
      6,
      4
    ],
    [
      708,
      4,
      "0011112334444444444",
      1,
      6,
      4
    ],
    [
      262852,
      5,
      "0011112334444444445",
      1,
      6,
      4
    ],
    [
      131780,
      5,
      "0011112334444444455",
      1,
      6,
      4
    ],
    [
      66244,
      5,
      "0011112334444444555",
      1,
      6,
      4
    ],
    [
      33476,
      5,
      "0011112334444445555",
      1,
      6,
      4
    ],
    [
      4804,
      5,
      "0011112334445555555",
      1,
      6,
      4
    ],
    [
      266948,
      6,
      "0011112334445555556",
      1,
      6,
      4
    ],
    [
      452,
      4,
      "0011112344444444444",
      1,
      6,
      4
    ],
    [
      262596,
      5,
      "0011112344444444445",
      1,
      6,
      4
    ],
    [
      131524,
      5,
      "0011112344444444455",
      1,
      6,
      4
    ],
    [
      65988,
      5,
      "0011112344444444555",
      1,
      6,
      4
    ],
    [
      33220,
      5,
      "0011112344444445555",
      1,
      6,
      4
    ],
    [
      295364,
      6,
      "0011112344444445556",
      1,
      6,
      4
    ],
    [
      16836,
      5,
      "0011112344444455555",
      1,
      6,
      4
    ],
    [
      147908,
      6,
      "0011112344444455566",
      1,
      6,
      4
    ],
    [
      1476,
      5,
      "0011112344555555555",
      1,
      6,
      4
    ],
    [
      263620,
      6,
      "0011112344555555556",
      1,
      6,
      4
    ],
    [
      132548,
      6,
      "0011112344555555566",
      1,
      6,
      4
    ],
    [
      36,
      2,
      "0011122222222222222",
      1,
      5,
      2
    ],
    [
      262180,
      3,
      "0011122222222222223",
      1,
      5,
      2
    ],
    [
      131108,
      3,
      "0011122222222222233",
      1,
      5,
      2
    ],
    [
      393252,
      4,
      "0011122222222222234",
      1,
      5,
      2
    ],
    [
      65572,
      3,
      "0011122222222222333",
      1,
      5,
      2
    ],
    [
      327716,
      4,
      "0011122222222222334",
      1,
      5,
      2
    ],
    [
      196644,
      4,
      "0011122222222222344",
      1,
      5,
      2
    ],
    [
      458788,
      5,
      "0011122222222222345",
      1,
      5,
      2
    ],
    [
      32804,
      3,
      "0011122222222223333",
      1,
      5,
      2
    ],
    [
      163876,
      4,
      "0011122222222223344",
      1,
      5,
      2
    ],
    [
      98340,
      4,
      "0011122222222223444",
      1,
      5,
      2
    ],
    [
      229412,
      5,
      "0011122222222223455",
      1,
      5,
      2
    ],
    [
      16420,
      3,
      "0011122222222233333",
      1,
      5,
      2
    ],
    [
      278564,
      4,
      "0011122222222233334",
      1,
      5,
      2
    ],
    [
      81956,
      4,
      "0011122222222233444",
      1,
      5,
      2
    ],
    [
      344100,
      5,
      "0011122222222233445",
      1,
      5,
      2
    ],
    [
      49188,
      4,
      "0011122222222234444",
      1,
      5,
      2
    ],
    [
      114724,
      5,
      "0011122222222234555",
      1,
      5,
      2
    ],
    [
      8228,
      3,
      "0011122222222333333",
      1,
      5,
      2
    ],
    [
      270372,
      4,
      "0011122222222333334",
      1,
      5,
      2
    ],
    [
      139300,
      4,
      "0011122222222333344",
      1,
      5,
      2
    ],
    [
      401444,
      5,
      "0011122222222333345",
      1,
      5,
      2
    ],
    [
      40996,
      4,
      "0011122222222334444",
      1,
      5,
      2
    ],
    [
      172068,
      5,
      "0011122222222334455",
      1,
      5,
      2
    ],
    [
      24612,
      4,
      "0011122222222344444",
      1,
      5,
      2
    ],
    [
      286756,
      5,
      "0011122222222344445",
      1,
      5,
      2
    ],
    [
      57380,
      5,
      "0011122222222345555",
      1,
      5,
      2
    ],
    [
      4132,
      3,
      "0011122222223333333",
      1,
      5,
      2
    ],
    [
      266276,
      4,
      "0011122222223333334",
      1,
      5,
      2
    ],
    [
      135204,
      4,
      "0011122222223333344",
      1,
      5,
      2
    ],
    [
      397348,
      5,
      "0011122222223333345",
      1,
      5,
      2
    ],
    [
      69668,
      4,
      "0011122222223333444",
      1,
      5,
      2
    ],
    [
      331812,
      5,
      "0011122222223333445",
      1,
      5,
      2
    ],
    [
      200740,
      5,
      "0011122222223333455",
      1,
      5,
      2
    ],
    [
      462884,
      6,
      "0011122222223333456",
      1,
      5,
      2
    ],
    [
      20516,
      4,
      "0011122222223344444",
      1,
      5,
      2
    ],
    [
      282660,
      5,
      "0011122222223344445",
      1,
      5,
      2
    ],
    [
      86052,
      5,
      "0011122222223344555",
      1,
      5,
      2
    ],
    [
      12324,
      4,
      "0011122222223444444",
      1,
      5,
      2
    ],
    [
      274468,
      5,
      "0011122222223444445",
      1,
      5,
      2
    ],
    [
      143396,
      5,
      "0011122222223444455",
      1,
      5,
      2
    ],
    [
      28708,
      5,
      "0011122222223455555",
      1,
      5,
      2
    ],
    [
      290852,
      6,
      "0011122222223455556",
      1,
      5,
      2
    ],
    [
      2084,
      3,
      "0011122222233333333",
      1,
      5,
      2
    ],
    [
      264228,
      4,
      "0011122222233333334",
      1,
      5,
      2
    ],
    [
      133156,
      4,
      "0011122222233333344",
      1,
      5,
      2
    ],
    [
      395300,
      5,
      "0011122222233333345",
      1,
      5,
      2
    ],
    [
      67620,
      4,
      "0011122222233333444",
      1,
      5,
      2
    ],
    [
      329764,
      5,
      "0011122222233333445",
      1,
      5,
      2
    ],
    [
      198692,
      5,
      "0011122222233333455",
      1,
      5,
      2
    ],
    [
      460836,
      6,
      "0011122222233333456",
      1,
      5,
      2
    ],
    [
      34852,
      4,
      "0011122222233334444",
      1,
      5,
      2
    ],
    [
      165924,
      5,
      "0011122222233334455",
      1,
      5,
      2
    ],
    [
      100388,
      5,
      "0011122222233334555",
      1,
      5,
      2
    ],
    [
      231460,
      6,
      "0011122222233334566",
      1,
      5,
      2
    ],
    [
      10276,
      4,
      "0011122222233444444",
      1,
      5,
      2
    ],
    [
      272420,
      5,
      "0011122222233444445",
      1,
      5,
      2
    ],
    [
      141348,
      5,
      "0011122222233444455",
      1,
      5,
      2
    ],
    [
      403492,
      6,
      "0011122222233444456",
      1,
      5,
      2
    ],
    [
      43044,
      5,
      "0011122222233445555",
      1,
      5,
      2
    ],
    [
      6180,
      4,
      "0011122222234444444",
      1,
      5,
      2
    ],
    [
      137252,
      5,
      "0011122222234444455",
      1,
      5,
      2
    ],
    [
      71716,
      5,
      "0011122222234444555",
      1,
      5,
      2
    ],
    [
      14372,
      5,
      "0011122222234555555",
      1,
      5,
      2
    ],
    [
      145444,
      6,
      "0011122222234555566",
      1,
      5,
      2
    ],
    [
      1060,
      3,
      "0011122222333333333",
      1,
      5,
      2
    ],
    [
      263204,
      4,
      "0011122222333333334",
      1,
      5,
      2
    ],
    [
      132132,
      4,
      "0011122222333333344",
      1,
      5,
      2
    ],
    [
      394276,
      5,
      "0011122222333333345",
      1,
      5,
      2
    ],
    [
      66596,
      4,
      "0011122222333333444",
      1,
      5,
      2
    ],
    [
      328740,
      5,
      "0011122222333333445",
      1,
      5,
      2
    ],
    [
      197668,
      5,
      "0011122222333333455",
      1,
      5,
      2
    ],
    [
      459812,
      6,
      "0011122222333333456",
      1,
      5,
      2
    ],
    [
      33828,
      4,
      "0011122222333334444",
      1,
      5,
      2
    ],
    [
      164900,
      5,
      "0011122222333334455",
      1,
      5,
      2
    ],
    [
      99364,
      5,
      "0011122222333334555",
      1,
      5,
      2
    ],
    [
      230436,
      6,
      "0011122222333334566",
      1,
      5,
      2
    ],
    [
      17444,
      4,
      "0011122222333344444",
      1,
      5,
      2
    ],
    [
      279588,
      5,
      "0011122222333344445",
      1,
      5,
      2
    ],
    [
      82980,
      5,
      "0011122222333344555",
      1,
      5,
      2
    ],
    [
      345124,
      6,
      "0011122222333344556",
      1,
      5,
      2
    ],
    [
      50212,
      5,
      "0011122222333345555",
      1,
      5,
      2
    ],
    [
      115748,
      6,
      "0011122222333345666",
      1,
      5,
      2
    ],
    [
      5156,
      4,
      "0011122222334444444",
      1,
      5,
      2
    ],
    [
      267300,
      5,
      "0011122222334444445",
      1,
      5,
      2
    ],
    [
      70692,
      5,
      "0011122222334444555",
      1,
      5,
      2
    ],
    [
      21540,
      5,
      "0011122222334455555",
      1,
      5,
      2
    ],
    [
      283684,
      6,
      "0011122222334455556",
      1,
      5,
      2
    ],
    [
      3108,
      4,
      "0011122222344444444",
      1,
      5,
      2
    ],
    [
      265252,
      5,
      "0011122222344444445",
      1,
      5,
      2
    ],
    [
      134180,
      5,
      "0011122222344444455",
      1,
      5,
      2
    ],
    [
      35876,
      5,
      "0011122222344445555",
      1,
      5,
      2
    ],
    [
      166948,
      6,
      "0011122222344445566",
      1,
      5,
      2
    ],
    [
      7204,
      5,
      "0011122222345555555",
      1,
      5,
      2
    ],
    [
      548,
      3,
      "0011122223333333333",
      1,
      5,
      2
    ],
    [
      262692,
      4,
      "0011122223333333334",
      1,
      5,
      2
    ],
    [
      131620,
      4,
      "0011122223333333344",
      1,
      5,
      2
    ],
    [
      393764,
      5,
      "0011122223333333345",
      1,
      5,
      2
    ],
    [
      66084,
      4,
      "0011122223333333444",
      1,
      5,
      2
    ],
    [
      328228,
      5,
      "0011122223333333445",
      1,
      5,
      2
    ],
    [
      197156,
      5,
      "0011122223333333455",
      1,
      5,
      2
    ],
    [
      459300,
      6,
      "0011122223333333456",
      1,
      5,
      2
    ],
    [
      33316,
      4,
      "0011122223333334444",
      1,
      5,
      2
    ],
    [
      164388,
      5,
      "0011122223333334455",
      1,
      5,
      2
    ],
    [
      98852,
      5,
      "0011122223333334555",
      1,
      5,
      2
    ],
    [
      229924,
      6,
      "0011122223333334566",
      1,
      5,
      2
    ],
    [
      16932,
      4,
      "0011122223333344444",
      1,
      5,
      2
    ],
    [
      82468,
      5,
      "0011122223333344555",
      1,
      5,
      2
    ],
    [
      49700,
      5,
      "0011122223333345555",
      1,
      5,
      2
    ],
    [
      115236,
      6,
      "0011122223333345666",
      1,
      5,
      2
    ],
    [
      8740,
      4,
      "0011122223333444444",
      1,
      5,
      2
    ],
    [
      270884,
      5,
      "0011122223333444445",
      1,
      5,
      2
    ],
    [
      41508,
      5,
      "0011122223333445555",
      1,
      5,
      2
    ],
    [
      25124,
      5,
      "0011122223333455555",
      1,
      5,
      2
    ],
    [
      57892,
      6,
      "0011122223333456666",
      1,
      5,
      2
    ],
    [
      2596,
      4,
      "0011122223344444444",
      1,
      5,
      2
    ],
    [
      133668,
      5,
      "0011122223344444455",
      1,
      5,
      2
    ],
    [
      68132,
      5,
      "0011122223344444555",
      1,
      5,
      2
    ],
    [
      199204,
      6,
      "0011122223344444566",
      1,
      5,
      2
    ],
    [
      10788,
      5,
      "0011122223344555555",
      1,
      5,
      2
    ],
    [
      1572,
      4,
      "0011122223444444444",
      1,
      5,
      2
    ],
    [
      263716,
      5,
      "0011122223444444445",
      1,
      5,
      2
    ],
    [
      67108,
      5,
      "0011122223444444555",
      1,
      5,
      2
    ],
    [
      329252,
      6,
      "0011122223444444556",
      1,
      5,
      2
    ],
    [
      34340,
      5,
      "0011122223444445555",
      1,
      5,
      2
    ],
    [
      3620,
      5,
      "0011122223455555555",
      1,
      5,
      2
    ],
    [
      292,
      3,
      "0011122233333333333",
      1,
      5,
      2
    ],
    [
      262436,
      4,
      "0011122233333333334",
      1,
      5,
      2
    ],
    [
      131364,
      4,
      "0011122233333333344",
      1,
      5,
      2
    ],
    [
      393508,
      5,
      "0011122233333333345",
      1,
      5,
      2
    ],
    [
      65828,
      4,
      "0011122233333333444",
      1,
      5,
      2
    ],
    [
      327972,
      5,
      "0011122233333333445",
      1,
      5,
      2
    ],
    [
      196900,
      5,
      "0011122233333333455",
      1,
      5,
      2
    ],
    [
      459044,
      6,
      "0011122233333333456",
      1,
      5,
      2
    ],
    [
      33060,
      4,
      "0011122233333334444",
      1,
      5,
      2
    ],
    [
      164132,
      5,
      "0011122233333334455",
      1,
      5,
      2
    ],
    [
      98596,
      5,
      "0011122233333334555",
      1,
      5,
      2
    ],
    [
      229668,
      6,
      "0011122233333334566",
      1,
      5,
      2
    ],
    [
      16676,
      4,
      "0011122233333344444",
      1,
      5,
      2
    ],
    [
      278820,
      5,
      "0011122233333344445",
      1,
      5,
      2
    ],
    [
      82212,
      5,
      "0011122233333344555",
      1,
      5,
      2
    ],
    [
      344356,
      6,
      "0011122233333344556",
      1,
      5,
      2
    ],
    [
      49444,
      5,
      "0011122233333345555",
      1,
      5,
      2
    ],
    [
      114980,
      6,
      "0011122233333345666",
      1,
      5,
      2
    ],
    [
      8484,
      4,
      "0011122233333444444",
      1,
      5,
      2
    ],
    [
      270628,
      5,
      "0011122233333444445",
      1,
      5,
      2
    ],
    [
      139556,
      5,
      "0011122233333444455",
      1,
      5,
      2
    ],
    [
      401700,
      6,
      "0011122233333444456",
      1,
      5,
      2
    ],
    [
      41252,
      5,
      "0011122233333445555",
      1,
      5,
      2
    ],
    [
      172324,
      6,
      "0011122233333445566",
      1,
      5,
      2
    ],
    [
      24868,
      5,
      "0011122233333455555",
      1,
      5,
      2
    ],
    [
      287012,
      6,
      "0011122233333455556",
      1,
      5,
      2
    ],
    [
      57636,
      6,
      "0011122233333456666",
      1,
      5,
      2
    ],
    [
      4388,
      4,
      "0011122233334444444",
      1,
      5,
      2
    ],
    [
      135460,
      5,
      "0011122233334444455",
      1,
      5,
      2
    ],
    [
      69924,
      5,
      "0011122233334444555",
      1,
      5,
      2
    ],
    [
      200996,
      6,
      "0011122233334444566",
      1,
      5,
      2
    ],
    [
      20772,
      5,
      "0011122233334455555",
      1,
      5,
      2
    ],
    [
      86308,
      6,
      "0011122233334455666",
      1,
      5,
      2
    ],
    [
      12580,
      5,
      "0011122233334555555",
      1,
      5,
      2
    ],
    [
      28964,
      6,
      "0011122233334566666",
      1,
      5,
      2
    ],
    [
      1316,
      4,
      "0011122233444444444",
      1,
      5,
      2
    ],
    [
      263460,
      5,
      "0011122233444444445",
      1,
      5,
      2
    ],
    [
      132388,
      5,
      "0011122233444444455",
      1,
      5,
      2
    ],
    [
      394532,
      6,
      "0011122233444444456",
      1,
      5,
      2
    ],
    [
      34084,
      5,
      "0011122233444445555",
      1,
      5,
      2
    ],
    [
      17700,
      5,
      "0011122233444455555",
      1,
      5,
      2
    ],
    [
      279844,
      6,
      "0011122233444455556",
      1,
      5,
      2
    ],
    [
      50468,
      6,
      "0011122233444456666",
      1,
      5,
      2
    ],
    [
      5412,
      5,
      "0011122233445555555",
      1,
      5,
      2
    ],
    [
      804,
      4,
      "0011122234444444444",
      1,
      5,
      2
    ],
    [
      262948,
      5,
      "0011122234444444445",
      1,
      5,
      2
    ],
    [
      131876,
      5,
      "0011122234444444455",
      1,
      5,
      2
    ],
    [
      66340,
      5,
      "0011122234444444555",
      1,
      5,
      2
    ],
    [
      328484,
      6,
      "0011122234444444556",
      1,
      5,
      2
    ],
    [
      17188,
      5,
      "0011122234444455555",
      1,
      5,
      2
    ],
    [
      82724,
      6,
      "0011122234444455666",
      1,
      5,
      2
    ],
    [
      8996,
      5,
      "0011122234444555555",
      1,
      5,
      2
    ],
    [
      271140,
      6,
      "0011122234444555556",
      1,
      5,
      2
    ],
    [
      1828,
      5,
      "0011122234555555555",
      1,
      5,
      2
    ],
    [
      263972,
      6,
      "0011122234555555556",
      1,
      5,
      2
    ],
    [
      164,
      3,
      "0011122333333333333",
      1,
      5,
      2
    ],
    [
      262308,
      4,
      "0011122333333333334",
      1,
      5,
      2
    ],
    [
      131236,
      4,
      "0011122333333333344",
      1,
      5,
      2
    ],
    [
      393380,
      5,
      "0011122333333333345",
      1,
      5,
      2
    ],
    [
      65700,
      4,
      "0011122333333333444",
      1,
      5,
      2
    ],
    [
      196772,
      5,
      "0011122333333333455",
      1,
      5,
      2
    ],
    [
      32932,
      4,
      "0011122333333334444",
      1,
      5,
      2
    ],
    [
      98468,
      5,
      "0011122333333334555",
      1,
      5,
      2
    ],
    [
      16548,
      4,
      "0011122333333344444",
      1,
      5,
      2
    ],
    [
      278692,
      5,
      "0011122333333344445",
      1,
      5,
      2
    ],
    [
      49316,
      5,
      "0011122333333345555",
      1,
      5,
      2
    ],
    [
      8356,
      4,
      "0011122333333444444",
      1,
      5,
      2
    ],
    [
      139428,
      5,
      "0011122333333444455",
      1,
      5,
      2
    ],
    [
      24740,
      5,
      "0011122333333455555",
      1,
      5,
      2
    ],
    [
      4260,
      4,
      "0011122333334444444",
      1,
      5,
      2
    ],
    [
      266404,
      5,
      "0011122333334444445",
      1,
      5,
      2
    ],
    [
      69796,
      5,
      "0011122333334444555",
      1,
      5,
      2
    ],
    [
      12452,
      5,
      "0011122333334555555",
      1,
      5,
      2
    ],
    [
      2212,
      4,
      "0011122333344444444",
      1,
      5,
      2
    ],
    [
      264356,
      5,
      "0011122333344444445",
      1,
      5,
      2
    ],
    [
      133284,
      5,
      "0011122333344444455",
      1,
      5,
      2
    ],
    [
      395428,
      6,
      "0011122333344444456",
      1,
      5,
      2
    ],
    [
      34980,
      5,
      "0011122333344445555",
      1,
      5,
      2
    ],
    [
      6308,
      5,
      "0011122333345555555",
      1,
      5,
      2
    ],
    [
      676,
      4,
      "0011122334444444444",
      1,
      5,
      2
    ],
    [
      262820,
      5,
      "0011122334444444445",
      1,
      5,
      2
    ],
    [
      131748,
      5,
      "0011122334444444455",
      1,
      5,
      2
    ],
    [
      393892,
      6,
      "0011122334444444456",
      1,
      5,
      2
    ],
    [
      66212,
      5,
      "0011122334444444555",
      1,
      5,
      2
    ],
    [
      197284,
      6,
      "0011122334444444566",
      1,
      5,
      2
    ],
    [
      33444,
      5,
      "0011122334444445555",
      1,
      5,
      2
    ],
    [
      98980,
      6,
      "0011122334444445666",
      1,
      5,
      2
    ],
    [
      8868,
      5,
      "0011122334444555555",
      1,
      5,
      2
    ],
    [
      420,
      4,
      "0011122344444444444",
      1,
      5,
      2
    ],
    [
      262564,
      5,
      "0011122344444444445",
      1,
      5,
      2
    ],
    [
      131492,
      5,
      "0011122344444444455",
      1,
      5,
      2
    ],
    [
      65956,
      5,
      "0011122344444444555",
      1,
      5,
      2
    ],
    [
      33188,
      5,
      "0011122344444445555",
      1,
      5,
      2
    ],
    [
      16804,
      5,
      "0011122344444455555",
      1,
      5,
      2
    ],
    [
      278948,
      6,
      "0011122344444455556",
      1,
      5,
      2
    ],
    [
      4516,
      5,
      "0011122344445555555",
      1,
      5,
      2
    ],
    [
      70052,
      6,
      "0011122344445555666",
      1,
      5,
      2
    ],
    [
      932,
      5,
      "0011122345555555555",
      1,
      5,
      2
    ],
    [
      263076,
      6,
      "0011122345555555556",
      1,
      5,
      2
    ],
    [
      132004,
      6,
      "0011122345555555566",
      1,
      5,
      2
    ],
    [
      66468,
      6,
      "0011122345555555666",
      1,
      5,
      2
    ],
    [
      100,
      3,
      "0011123333333333333",
      1,
      5,
      2
    ],
    [
      262244,
      4,
      "0011123333333333334",
      1,
      5,
      2
    ],
    [
      131172,
      4,
      "0011123333333333344",
      1,
      5,
      2
    ],
    [
      65636,
      4,
      "0011123333333333444",
      1,
      5,
      2
    ],
    [
      327780,
      5,
      "0011123333333333445",
      1,
      5,
      2
    ],
    [
      32868,
      4,
      "0011123333333334444",
      1,
      5,
      2
    ],
    [
      163940,
      5,
      "0011123333333334455",
      1,
      5,
      2
    ],
    [
      16484,
      4,
      "0011123333333344444",
      1,
      5,
      2
    ],
    [
      82020,
      5,
      "0011123333333344555",
      1,
      5,
      2
    ],
    [
      8292,
      4,
      "0011123333333444444",
      1,
      5,
      2
    ],
    [
      270436,
      5,
      "0011123333333444445",
      1,
      5,
      2
    ],
    [
      41060,
      5,
      "0011123333333445555",
      1,
      5,
      2
    ],
    [
      4196,
      4,
      "0011123333334444444",
      1,
      5,
      2
    ],
    [
      266340,
      5,
      "0011123333334444445",
      1,
      5,
      2
    ],
    [
      135268,
      5,
      "0011123333334444455",
      1,
      5,
      2
    ],
    [
      20580,
      5,
      "0011123333334455555",
      1,
      5,
      2
    ],
    [
      2148,
      4,
      "0011123333344444444",
      1,
      5,
      2
    ],
    [
      264292,
      5,
      "0011123333344444445",
      1,
      5,
      2
    ],
    [
      133220,
      5,
      "0011123333344444455",
      1,
      5,
      2
    ],
    [
      67684,
      5,
      "0011123333344444555",
      1,
      5,
      2
    ],
    [
      329828,
      6,
      "0011123333344444556",
      1,
      5,
      2
    ],
    [
      10340,
      5,
      "0011123333344555555",
      1,
      5,
      2
    ],
    [
      1124,
      4,
      "0011123333444444444",
      1,
      5,
      2
    ],
    [
      263268,
      5,
      "0011123333444444445",
      1,
      5,
      2
    ],
    [
      132196,
      5,
      "0011123333444444455",
      1,
      5,
      2
    ],
    [
      66660,
      5,
      "0011123333444444555",
      1,
      5,
      2
    ],
    [
      328804,
      6,
      "0011123333444444556",
      1,
      5,
      2
    ],
    [
      33892,
      5,
      "0011123333444445555",
      1,
      5,
      2
    ],
    [
      164964,
      6,
      "0011123333444445566",
      1,
      5,
      2
    ],
    [
      5220,
      5,
      "0011123333445555555",
      1,
      5,
      2
    ],
    [
      267364,
      6,
      "0011123333445555556",
      1,
      5,
      2
    ],
    [
      356,
      4,
      "0011123344444444444",
      1,
      5,
      2
    ],
    [
      262500,
      5,
      "0011123344444444445",
      1,
      5,
      2
    ],
    [
      131428,
      5,
      "0011123344444444455",
      1,
      5,
      2
    ],
    [
      65892,
      5,
      "0011123344444444555",
      1,
      5,
      2
    ],
    [
      33124,
      5,
      "0011123344444445555",
      1,
      5,
      2
    ],
    [
      16740,
      5,
      "0011123344444455555",
      1,
      5,
      2
    ],
    [
      8548,
      5,
      "0011123344444555555",
      1,
      5,
      2
    ],
    [
      270692,
      6,
      "0011123344444555556",
      1,
      5,
      2
    ],
    [
      1380,
      5,
      "0011123344555555555",
      1,
      5,
      2
    ],
    [
      263524,
      6,
      "0011123344555555556",
      1,
      5,
      2
    ],
    [
      132452,
      6,
      "0011123344555555566",
      1,
      5,
      2
    ],
    [
      34148,
      6,
      "0011123344555556666",
      1,
      5,
      2
    ],
    [
      228,
      4,
      "0011123444444444444",
      1,
      5,
      2
    ],
    [
      262372,
      5,
      "0011123444444444445",
      1,
      5,
      2
    ],
    [
      131300,
      5,
      "0011123444444444455",
      1,
      5,
      2
    ],
    [
      65764,
      5,
      "0011123444444444555",
      1,
      5,
      2
    ],
    [
      32996,
      5,
      "0011123444444445555",
      1,
      5,
      2
    ],
    [
      16612,
      5,
      "0011123444444455555",
      1,
      5,
      2
    ],
    [
      8420,
      5,
      "0011123444444555555",
      1,
      5,
      2
    ],
    [
      4324,
      5,
      "0011123444445555555",
      1,
      5,
      2
    ],
    [
      266468,
      6,
      "0011123444445555556",
      1,
      5,
      2
    ],
    [
      20,
      2,
      "0011222222222222222",
      4,
      19,
      32768
    ],
    [
      262164,
      3,
      "0011222222222222223",
      2,
      9,
      16384
    ],
    [
      131092,
      3,
      "0011222222222222233",
      4,
      17,
      8192
    ],
    [
      393236,
      4,
      "0011222222222222234",
      4,
      17,
      8192
    ],
    [
      65556,
      3,
      "0011222222222222333",
      1,
      4,
      4097
    ],
    [
      196628,
      4,
      "0011222222222222344",
      1,
      4,
      4097
    ],
    [
      32788,
      3,
      "0011222222222223333",
      1,
      4,
      1
    ],
    [
      294932,
      4,
      "0011222222222223334",
      1,
      4,
      1
    ],
    [
      98324,
      4,
      "0011222222222223444",
      1,
      4,
      1
    ],
    [
      16404,
      3,
      "0011222222222233333",
      1,
      4,
      1
    ],
    [
      278548,
      4,
      "0011222222222233334",
      1,
      4,
      1
    ],
    [
      147476,
      4,
      "0011222222222233344",
      1,
      4,
      1
    ],
    [
      409620,
      5,
      "0011222222222233345",
      1,
      4,
      1
    ],
    [
      49172,
      4,
      "0011222222222234444",
      1,
      4,
      1
    ],
    [
      311316,
      5,
      "0011222222222234445",
      1,
      4,
      1
    ],
    [
      8212,
      3,
      "0011222222222333333",
      1,
      4,
      1
    ],
    [
      270356,
      4,
      "0011222222222333334",
      1,
      4,
      1
    ],
    [
      139284,
      4,
      "0011222222222333344",
      1,
      4,
      1
    ],
    [
      401428,
      5,
      "0011222222222333345",
      1,
      4,
      1
    ],
    [
      73748,
      4,
      "0011222222222333444",
      1,
      4,
      1
    ],
    [
      204820,
      5,
      "0011222222222333455",
      1,
      4,
      1
    ],
    [
      24596,
      4,
      "0011222222222344444",
      1,
      4,
      1
    ],
    [
      286740,
      5,
      "0011222222222344445",
      1,
      4,
      1
    ],
    [
      155668,
      5,
      "0011222222222344455",
      1,
      4,
      1
    ],
    [
      4116,
      3,
      "0011222222223333333",
      1,
      4,
      1
    ],
    [
      266260,
      4,
      "0011222222223333334",
      1,
      4,
      1
    ],
    [
      135188,
      4,
      "0011222222223333344",
      1,
      4,
      1
    ],
    [
      397332,
      5,
      "0011222222223333345",
      1,
      4,
      1
    ],
    [
      69652,
      4,
      "0011222222223333444",
      1,
      4,
      1
    ],
    [
      200724,
      5,
      "0011222222223333455",
      1,
      4,
      1
    ],
    [
      36884,
      4,
      "0011222222223334444",
      1,
      4,
      1
    ],
    [
      299028,
      5,
      "0011222222223334445",
      1,
      4,
      1
    ],
    [
      102420,
      5,
      "0011222222223334555",
      1,
      4,
      1
    ],
    [
      12308,
      4,
      "0011222222223444444",
      1,
      4,
      1
    ],
    [
      274452,
      5,
      "0011222222223444445",
      1,
      4,
      1
    ],
    [
      143380,
      5,
      "0011222222223444455",
      1,
      4,
      1
    ],
    [
      77844,
      5,
      "0011222222223444555",
      1,
      4,
      1
    ],
    [
      2068,
      3,
      "0011222222233333333",
      1,
      4,
      1
    ],
    [
      264212,
      4,
      "0011222222233333334",
      1,
      4,
      1
    ],
    [
      133140,
      4,
      "0011222222233333344",
      1,
      4,
      1
    ],
    [
      395284,
      5,
      "0011222222233333345",
      1,
      4,
      1
    ],
    [
      67604,
      4,
      "0011222222233333444",
      1,
      4,
      1
    ],
    [
      198676,
      5,
      "0011222222233333455",
      1,
      4,
      1
    ],
    [
      34836,
      4,
      "0011222222233334444",
      1,
      4,
      1
    ],
    [
      296980,
      5,
      "0011222222233334445",
      1,
      4,
      1
    ],
    [
      100372,
      5,
      "0011222222233334555",
      1,
      4,
      1
    ],
    [
      18452,
      4,
      "0011222222233344444",
      1,
      4,
      1
    ],
    [
      280596,
      5,
      "0011222222233344445",
      1,
      4,
      1
    ],
    [
      149524,
      5,
      "0011222222233344455",
      1,
      4,
      1
    ],
    [
      411668,
      6,
      "0011222222233344456",
      1,
      4,
      1
    ],
    [
      51220,
      5,
      "0011222222233345555",
      1,
      4,
      1
    ],
    [
      6164,
      4,
      "0011222222234444444",
      1,
      4,
      1
    ],
    [
      268308,
      5,
      "0011222222234444445",
      1,
      4,
      1
    ],
    [
      137236,
      5,
      "0011222222234444455",
      1,
      4,
      1
    ],
    [
      71700,
      5,
      "0011222222234444555",
      1,
      4,
      1
    ],
    [
      38932,
      5,
      "0011222222234445555",
      1,
      4,
      1
    ],
    [
      301076,
      6,
      "0011222222234445556",
      1,
      4,
      1
    ],
    [
      1044,
      3,
      "0011222222333333333",
      1,
      4,
      1
    ],
    [
      263188,
      4,
      "0011222222333333334",
      1,
      4,
      1
    ],
    [
      132116,
      4,
      "0011222222333333344",
      1,
      4,
      1
    ],
    [
      394260,
      5,
      "0011222222333333345",
      1,
      4,
      1
    ],
    [
      66580,
      4,
      "0011222222333333444",
      1,
      4,
      1
    ],
    [
      197652,
      5,
      "0011222222333333455",
      1,
      4,
      1
    ],
    [
      33812,
      4,
      "0011222222333334444",
      1,
      4,
      1
    ],
    [
      295956,
      5,
      "0011222222333334445",
      1,
      4,
      1
    ],
    [
      99348,
      5,
      "0011222222333334555",
      1,
      4,
      1
    ],
    [
      17428,
      4,
      "0011222222333344444",
      1,
      4,
      1
    ],
    [
      279572,
      5,
      "0011222222333344445",
      1,
      4,
      1
    ],
    [
      148500,
      5,
      "0011222222333344455",
      1,
      4,
      1
    ],
    [
      410644,
      6,
      "0011222222333344456",
      1,
      4,
      1
    ],
    [
      50196,
      5,
      "0011222222333345555",
      1,
      4,
      1
    ],
    [
      312340,
      6,
      "0011222222333345556",
      1,
      4,
      1
    ],
    [
      9236,
      4,
      "0011222222333444444",
      1,
      4,
      1
    ],
    [
      271380,
      5,
      "0011222222333444445",
      1,
      4,
      1
    ],
    [
      140308,
      5,
      "0011222222333444455",
      1,
      4,
      1
    ],
    [
      402452,
      6,
      "0011222222333444456",
      1,
      4,
      1
    ],
    [
      74772,
      5,
      "0011222222333444555",
      1,
      4,
      1
    ],
    [
      205844,
      6,
      "0011222222333444566",
      1,
      4,
      1
    ],
    [
      25620,
      5,
      "0011222222333455555",
      1,
      4,
      1
    ],
    [
      287764,
      6,
      "0011222222333455556",
      1,
      4,
      1
    ],
    [
      3092,
      4,
      "0011222222344444444",
      1,
      4,
      1
    ],
    [
      265236,
      5,
      "0011222222344444445",
      1,
      4,
      1
    ],
    [
      68628,
      5,
      "0011222222344444555",
      1,
      4,
      1
    ],
    [
      35860,
      5,
      "0011222222344445555",
      1,
      4,
      1
    ],
    [
      298004,
      6,
      "0011222222344445556",
      1,
      4,
      1
    ],
    [
      19476,
      5,
      "0011222222344455555",
      1,
      4,
      1
    ],
    [
      281620,
      6,
      "0011222222344455556",
      1,
      4,
      1
    ],
    [
      532,
      3,
      "0011222223333333333",
      1,
      4,
      1
    ],
    [
      262676,
      4,
      "0011222223333333334",
      1,
      4,
      1
    ],
    [
      131604,
      4,
      "0011222223333333344",
      1,
      4,
      1
    ],
    [
      393748,
      5,
      "0011222223333333345",
      1,
      4,
      1
    ],
    [
      66068,
      4,
      "0011222223333333444",
      1,
      4,
      1
    ],
    [
      197140,
      5,
      "0011222223333333455",
      1,
      4,
      1
    ],
    [
      33300,
      4,
      "0011222223333334444",
      1,
      4,
      1
    ],
    [
      295444,
      5,
      "0011222223333334445",
      1,
      4,
      1
    ],
    [
      98836,
      5,
      "0011222223333334555",
      1,
      4,
      1
    ],
    [
      16916,
      4,
      "0011222223333344444",
      1,
      4,
      1
    ],
    [
      279060,
      5,
      "0011222223333344445",
      1,
      4,
      1
    ],
    [
      147988,
      5,
      "0011222223333344455",
      1,
      4,
      1
    ],
    [
      410132,
      6,
      "0011222223333344456",
      1,
      4,
      1
    ],
    [
      49684,
      5,
      "0011222223333345555",
      1,
      4,
      1
    ],
    [
      311828,
      6,
      "0011222223333345556",
      1,
      4,
      1
    ],
    [
      8724,
      4,
      "0011222223333444444",
      1,
      4,
      1
    ],
    [
      139796,
      5,
      "0011222223333444455",
      1,
      4,
      1
    ],
    [
      74260,
      5,
      "0011222223333444555",
      1,
      4,
      1
    ],
    [
      205332,
      6,
      "0011222223333444566",
      1,
      4,
      1
    ],
    [
      25108,
      5,
      "0011222223333455555",
      1,
      4,
      1
    ],
    [
      156180,
      6,
      "0011222223333455566",
      1,
      4,
      1
    ],
    [
      4628,
      4,
      "0011222223334444444",
      1,
      4,
      1
    ],
    [
      266772,
      5,
      "0011222223334444445",
      1,
      4,
      1
    ],
    [
      70164,
      5,
      "0011222223334444555",
      1,
      4,
      1
    ],
    [
      37396,
      5,
      "0011222223334445555",
      1,
      4,
      1
    ],
    [
      102932,
      6,
      "0011222223334445666",
      1,
      4,
      1
    ],
    [
      12820,
      5,
      "0011222223334555555",
      1,
      4,
      1
    ],
    [
      1556,
      4,
      "0011222223444444444",
      1,
      4,
      1
    ],
    [
      263700,
      5,
      "0011222223444444445",
      1,
      4,
      1
    ],
    [
      67092,
      5,
      "0011222223444444555",
      1,
      4,
      1
    ],
    [
      17940,
      5,
      "0011222223444455555",
      1,
      4,
      1
    ],
    [
      280084,
      6,
      "0011222223444455556",
      1,
      4,
      1
    ],
    [
      9748,
      5,
      "0011222223444555555",
      1,
      4,
      1
    ],
    [
      75284,
      6,
      "0011222223444555666",
      1,
      4,
      1
    ],
    [
      276,
      3,
      "0011222233333333333",
      1,
      4,
      1
    ],
    [
      262420,
      4,
      "0011222233333333334",
      1,
      4,
      1
    ],
