 5,
      2
    ],
    [
      311329,
      5,
      "1111122222222234445",
      1,
      5,
      2
    ],
    [
      180257,
      5,
      "1111122222222234455",
      1,
      5,
      2
    ],
    [
      114721,
      5,
      "1111122222222234555",
      1,
      5,
      2
    ],
    [
      376865,
      6,
      "1111122222222234556",
      1,
      5,
      2
    ],
    [
      8225,
      3,
      "1111122222222333333",
      1,
      5,
      2
    ],
    [
      139297,
      4,
      "1111122222222333344",
      1,
      5,
      2
    ],
    [
      73761,
      4,
      "1111122222222333444",
      1,
      5,
      2
    ],
    [
      204833,
      5,
      "1111122222222333455",
      1,
      5,
      2
    ],
    [
      40993,
      4,
      "1111122222222334444",
      1,
      5,
      2
    ],
    [
      172065,
      5,
      "1111122222222334455",
      1,
      5,
      2
    ],
    [
      106529,
      5,
      "1111122222222334555",
      1,
      5,
      2
    ],
    [
      237601,
      6,
      "1111122222222334566",
      1,
      5,
      2
    ],
    [
      24609,
      4,
      "1111122222222344444",
      1,
      5,
      2
    ],
    [
      155681,
      5,
      "1111122222222344455",
      1,
      5,
      2
    ],
    [
      90145,
      5,
      "1111122222222344555",
      1,
      5,
      2
    ],
    [
      57377,
      5,
      "1111122222222345555",
      1,
      5,
      2
    ],
    [
      188449,
      6,
      "1111122222222345566",
      1,
      5,
      2
    ],
    [
      4129,
      3,
      "1111122222223333333",
      1,
      5,
      2
    ],
    [
      266273,
      4,
      "1111122222223333334",
      1,
      5,
      2
    ],
    [
      69665,
      4,
      "1111122222223333444",
      1,
      5,
      2
    ],
    [
      331809,
      5,
      "1111122222223333445",
      1,
      5,
      2
    ],
    [
      36897,
      4,
      "1111122222223334444",
      1,
      5,
      2
    ],
    [
      299041,
      5,
      "1111122222223334445",
      1,
      5,
      2
    ],
    [
      102433,
      5,
      "1111122222223334555",
      1,
      5,
      2
    ],
    [
      364577,
      6,
      "1111122222223334556",
      1,
      5,
      2
    ],
    [
      20513,
      4,
      "1111122222223344444",
      1,
      5,
      2
    ],
    [
      282657,
      5,
      "1111122222223344445",
      1,
      5,
      2
    ],
    [
      86049,
      5,
      "1111122222223344555",
      1,
      5,
      2
    ],
    [
      53281,
      5,
      "1111122222223345555",
      1,
      5,
      2
    ],
    [
      315425,
      6,
      "1111122222223345556",
      1,
      5,
      2
    ],
    [
      118817,
      6,
      "1111122222223345666",
      1,
      5,
      2
    ],
    [
      12321,
      4,
      "1111122222223444444",
      1,
      5,
      2
    ],
    [
      77857,
      5,
      "1111122222223444555",
      1,
      5,
      2
    ],
    [
      45089,
      5,
      "1111122222223445555",
      1,
      5,
      2
    ],
    [
      28705,
      5,
      "1111122222223455555",
      1,
      5,
      2
    ],
    [
      94241,
      6,
      "1111122222223455666",
      1,
      5,
      2
    ],
    [
      2081,
      3,
      "1111122222233333333",
      1,
      5,
      2
    ],
    [
      264225,
      4,
      "1111122222233333334",
      1,
      5,
      2
    ],
    [
      133153,
      4,
      "1111122222233333344",
      1,
      5,
      2
    ],
    [
      395297,
      5,
      "1111122222233333345",
      1,
      5,
      2
    ],
    [
      34849,
      4,
      "1111122222233334444",
      1,
      5,
      2
    ],
    [
      296993,
      5,
      "1111122222233334445",
      1,
      5,
      2
    ],
    [
      165921,
      5,
      "1111122222233334455",
      1,
      5,
      2
    ],
    [
      428065,
      6,
      "1111122222233334456",
      1,
      5,
      2
    ],
    [
      18465,
      4,
      "1111122222233344444",
      1,
      5,
      2
    ],
    [
      280609,
      5,
      "1111122222233344445",
      1,
      5,
      2
    ],
    [
      149537,
      5,
      "1111122222233344455",
      1,
      5,
      2
    ],
    [
      411681,
      6,
      "1111122222233344456",
      1,
      5,
      2
    ],
    [
      51233,
      5,
      "1111122222233345555",
      1,
      5,
      2
    ],
    [
      182305,
      6,
      "1111122222233345566",
      1,
      5,
      2
    ],
    [
      10273,
      4,
      "1111122222233444444",
      1,
      5,
      2
    ],
    [
      141345,
      5,
      "1111122222233444455",
      1,
      5,
      2
    ],
    [
      43041,
      5,
      "1111122222233445555",
      1,
      5,
      2
    ],
    [
      26657,
      5,
      "1111122222233455555",
      1,
      5,
      2
    ],
    [
      157729,
      6,
      "1111122222233455566",
      1,
      5,
      2
    ],
    [
      59425,
      6,
      "1111122222233456666",
      1,
      5,
      2
    ],
    [
      6177,
      4,
      "1111122222234444444",
      1,
      5,
      2
    ],
    [
      38945,
      5,
      "1111122222234445555",
      1,
      5,
      2
    ],
    [
      22561,
      5,
      "1111122222234455555",
      1,
      5,
      2
    ],
    [
      14369,
      5,
      "1111122222234555555",
      1,
      5,
      2
    ],
    [
      47137,
      6,
      "1111122222234556666",
      1,
      5,
      2
    ],
    [
      1057,
      3,
      "1111122222333333333",
      1,
      5,
      2
    ],
    [
      263201,
      4,
      "1111122222333333334",
      1,
      5,
      2
    ],
    [
      132129,
      4,
      "1111122222333333344",
      1,
      5,
      2
    ],
    [
      394273,
      5,
      "1111122222333333345",
      1,
      5,
      2
    ],
    [
      66593,
      4,
      "1111122222333333444",
      1,
      5,
      2
    ],
    [
      328737,
      5,
      "1111122222333333445",
      1,
      5,
      2
    ],
    [
      197665,
      5,
      "1111122222333333455",
      1,
      5,
      2
    ],
    [
      459809,
      6,
      "1111122222333333456",
      1,
      5,
      2
    ],
    [
      17441,
      4,
      "1111122222333344444",
      1,
      5,
      2
    ],
    [
      279585,
      5,
      "1111122222333344445",
      1,
      5,
      2
    ],
    [
      148513,
      5,
      "1111122222333344455",
      1,
      5,
      2
    ],
    [
      410657,
      6,
      "1111122222333344456",
      1,
      5,
      2
    ],
    [
      82977,
      5,
      "1111122222333344555",
      1,
      5,
      2
    ],
    [
      345121,
      6,
      "1111122222333344556",
      1,
      5,
      2
    ],
    [
      214049,
      6,
      "1111122222333344566",
      1,
      5,
      2
    ],
    [
      476193,
      7,
      "1111122222333344567",
      1,
      5,
      2
    ],
    [
      9249,
      4,
      "1111122222333444444",
      1,
      5,
      2
    ],
    [
      140321,
      5,
      "1111122222333444455",
      1,
      5,
      2
    ],
    [
      74785,
      5,
      "1111122222333444555",
      1,
      5,
      2
    ],
    [
      205857,
      6,
      "1111122222333444566",
      1,
      5,
      2
    ],
    [
      25633,
      5,
      "1111122222333455555",
      1,
      5,
      2
    ],
    [
      91169,
      6,
      "1111122222333455666",
      1,
      5,
      2
    ],
    [
      5153,
      4,
      "1111122222334444444",
      1,
      5,
      2
    ],
    [
      267297,
      5,
      "1111122222334444445",
      1,
      5,
      2
    ],
    [
      70689,
      5,
      "1111122222334444555",
      1,
      5,
      2
    ],
    [
      21537,
      5,
      "1111122222334455555",
      1,
      5,
      2
    ],
    [
      283681,
      6,
      "1111122222334455556",
      1,
      5,
      2
    ],
    [
      13345,
      5,
      "1111122222334555555",
      1,
      5,
      2
    ],
    [
      78881,
      6,
      "1111122222334555666",
      1,
      5,
      2
    ],
    [
      29729,
      6,
      "1111122222334566666",
      1,
      5,
      2
    ],
    [
      3105,
      4,
      "1111122222344444444",
      1,
      5,
      2
    ],
    [
      265249,
      5,
      "1111122222344444445",
      1,
      5,
      2
    ],
    [
      134177,
      5,
      "1111122222344444455",
      1,
      5,
      2
    ],
    [
      19489,
      5,
      "1111122222344455555",
      1,
      5,
      2
    ],
    [
      281633,
      6,
      "1111122222344455556",
      1,
      5,
      2
    ],
    [
      150561,
      6,
      "1111122222344455566",
      1,
      5,
      2
    ],
    [
      11297,
      5,
      "1111122222344555555",
      1,
      5,
      2
    ],
    [
      142369,
      6,
      "1111122222344555566",
      1,
      5,
      2
    ],
    [
      7201,
      5,
      "1111122222345555555",
      1,
      5,
      2
    ],
    [
      23585,
      6,
      "1111122222345566666",
      1,
      5,
      2
    ],
    [
      545,
      3,
      "1111122223333333333",
      1,
      5,
      2
    ],
    [
      262689,
      4,
      "1111122223333333334",
      1,
      5,
      2
    ],
    [
      131617,
      4,
      "1111122223333333344",
      1,
      5,
      2
    ],
    [
      393761,
      5,
      "1111122223333333345",
      1,
      5,
      2
    ],
    [
      66081,
      4,
      "1111122223333333444",
      1,
      5,
      2
    ],
    [
      328225,
      5,
      "1111122223333333445",
      1,
      5,
      2
    ],
    [
      197153,
      5,
      "1111122223333333455",
      1,
      5,
      2
    ],
    [
      459297,
      6,
      "1111122223333333456",
      1,
      5,
      2
    ],
    [
      33313,
      4,
      "1111122223333334444",
      1,
      5,
      2
    ],
    [
      295457,
      5,
      "1111122223333334445",
      1,
      5,
      2
    ],
    [
      164385,
      5,
      "1111122223333334455",
      1,
      5,
      2
    ],
    [
      426529,
      6,
      "1111122223333334456",
      1,
      5,
      2
    ],
    [
      98849,
      5,
      "1111122223333334555",
      1,
      5,
      2
    ],
    [
      360993,
      6,
      "1111122223333334556",
      1,
      5,
      2
    ],
    [
      229921,
      6,
      "1111122223333334566",
      1,
      5,
      2
    ],
    [
      8737,
      4,
      "1111122223333444444",
      1,
      5,
      2
    ],
    [
      74273,
      5,
      "1111122223333444555",
      1,
      5,
      2
    ],
    [
      41505,
      5,
      "1111122223333445555",
      1,
      5,
      2
    ],
    [
      107041,
      6,
      "1111122223333445666",
      1,
      5,
      2
    ],
    [
      4641,
      4,
      "1111122223334444444",
      1,
      5,
      2
    ],
    [
      266785,
      5,
      "1111122223334444445",
      1,
      5,
      2
    ],
    [
      37409,
      5,
      "1111122223334445555",
      1,
      5,
      2
    ],
    [
      12833,
      5,
      "1111122223334555555",
      1,
      5,
      2
    ],
    [
      45601,
      6,
      "1111122223334556666",
      1,
      5,
      2
    ],
    [
      2593,
      4,
      "1111122223344444444",
      1,
      5,
      2
    ],
    [
      264737,
      5,
      "1111122223344444445",
      1,
      5,
      2
    ],
    [
      133665,
      5,
      "1111122223344444455",
      1,
      5,
      2
    ],
    [
      395809,
      6,
      "1111122223344444456",
      1,
      5,
      2
    ],
    [
      10785,
      5,
      "1111122223344555555",
      1,
      5,
      2
    ],
    [
      6689,
      5,
      "1111122223345555555",
      1,
      5,
      2
    ],
    [
      14881,
      6,
      "1111122223345666666",
      1,
      5,
      2
    ],
    [
      1569,
      4,
      "1111122223444444444",
      1,
      5,
      2
    ],
    [
      263713,
      5,
      "1111122223444444445",
      1,
      5,
      2
    ],
    [
      132641,
      5,
      "1111122223444444455",
      1,
      5,
      2
    ],
    [
      67105,
      5,
      "1111122223444444555",
      1,
      5,
      2
    ],
    [
      329249,
      6,
      "1111122223444444556",
      1,
      5,
      2
    ],
    [
      9761,
      5,
      "1111122223444555555",
      1,
      5,
      2
    ],
    [
      75297,
      6,
      "1111122223444555666",
      1,
      5,
      2
    ],
    [
      5665,
      5,
      "1111122223445555555",
      1,
      5,
      2
    ],
    [
      267809,
      6,
      "1111122223445555556",
      1,
      5,
      2
    ],
    [
      3617,
      5,
      "1111122223455555555",
      1,
      5,
      2
    ],
    [
      265761,
      6,
      "1111122223455555556",
      1,
      5,
      2
    ],
    [
      134689,
      6,
      "1111122223455555566",
      1,
      5,
      2
    ],
    [
      11809,
      6,
      "1111122223455666666",
      1,
      5,
      2
    ],
    [
      289,
      3,
      "1111122233333333333",
      1,
      5,
      2
    ],
    [
      262433,
      4,
      "1111122233333333334",
      1,
      5,
      2
    ],
    [
      131361,
      4,
      "1111122233333333344",
      1,
      5,
      2
    ],
    [
      393505,
      5,
      "1111122233333333345",
      1,
      5,
      2
    ],
    [
      65825,
      4,
      "1111122233333333444",
      1,
      5,
      2
    ],
    [
      327969,
      5,
      "1111122233333333445",
      1,
      5,
      2
    ],
    [
      196897,
      5,
      "1111122233333333455",
      1,
      5,
      2
    ],
    [
      459041,
      6,
      "1111122233333333456",
      1,
      5,
      2
    ],
    [
      33057,
      4,
      "1111122233333334444",
      1,
      5,
      2
    ],
    [
      164129,
      5,
      "1111122233333334455",
      1,
      5,
      2
    ],
    [
      98593,
      5,
      "1111122233333334555",
      1,
      5,
      2
    ],
    [
      229665,
      6,
      "1111122233333334566",
      1,
      5,
      2
    ],
    [
      16673,
      4,
      "1111122233333344444",
      1,
      5,
      2
    ],
    [
      278817,
      5,
      "1111122233333344445",
      1,
      5,
      2
    ],
    [
      82209,
      5,
      "1111122233333344555",
      1,
      5,
      2
    ],
    [
      344353,
      6,
      "1111122233333344556",
      1,
      5,
      2
    ],
    [
      49441,
      5,
      "1111122233333345555",
      1,
      5,
      2
    ],
    [
      114977,
      6,
      "1111122233333345666",
      1,
      5,
      2
    ],
    [
      4385,
      4,
      "1111122233334444444",
      1,
      5,
      2
    ],
    [
      266529,
      5,
      "1111122233334444445",
      1,
      5,
      2
    ],
    [
      69921,
      5,
      "1111122233334444555",
      1,
      5,
      2
    ],
    [
      332065,
      6,
      "1111122233334444556",
      1,
      5,
      2
    ],
    [
      20769,
      5,
      "1111122233334455555",
      1,
      5,
      2
    ],
    [
      86305,
      6,
      "1111122233334455666",
      1,
      5,
      2
    ],
    [
      2337,
      4,
      "1111122233344444444",
      1,
      5,
      2
    ],
    [
      264481,
      5,
      "1111122233344444445",
      1,
      5,
      2
    ],
    [
      133409,
      5,
      "1111122233344444455",
      1,
      5,
      2
    ],
    [
      395553,
      6,
      "1111122233344444456",
      1,
      5,
      2
    ],
    [
      35105,
      5,
      "1111122233344445555",
      1,
      5,
      2
    ],
    [
      166177,
      6,
      "1111122233344445566",
      1,
      5,
      2
    ],
    [
      6433,
      5,
      "1111122233345555555",
      1,
      5,
      2
    ],
    [
      1313,
      4,
      "1111122233444444444",
      1,
      5,
      2
    ],
    [
      132385,
      5,
      "1111122233444444455",
      1,
      5,
      2
    ],
    [
      66849,
      5,
      "1111122233444444555",
      1,
      5,
      2
    ],
    [
      197921,
      6,
      "1111122233444444566",
      1,
      5,
      2
    ],
    [
      17697,
      5,
      "1111122233444455555",
      1,
      5,
      2
    ],
    [
      5409,
      5,
      "1111122233445555555",
      1,
      5,
      2
    ],
    [
      70945,
      6,
      "1111122233445555666",
      1,
      5,
      2
    ],
    [
      3361,
      5,
      "1111122233455555555",
      1,
      5,
      2
    ],
    [
      134433,
      6,
      "1111122233455555566",
      1,
      5,
      2
    ],
    [
      7457,
      6,
      "1111122233456666666",
      1,
      5,
      2
    ],
    [
      801,
      4,
      "1111122234444444444",
      1,
      5,
      2
    ],
    [
      262945,
      5,
      "1111122234444444445",
      1,
      5,
      2
    ],
    [
      66337,
      5,
      "1111122234444444555",
      1,
      5,
      2
    ],
    [
      328481,
      6,
      "1111122234444444556",
      1,
      5,
      2
    ],
    [
      33569,
      5,
      "1111122234444445555",
      1,
      5,
      2
    ],
    [
      2849,
      5,
      "1111122234455555555",
      1,
      5,
      2
    ],
    [
      264993,
      6,
      "1111122234455555556",
      1,
      5,
      2
    ],
    [
      1825,
      5,
      "1111122234555555555",
      1,
      5,
      2
    ],
    [
      67361,
      6,
      "1111122234555555666",
      1,
      5,
      2
    ],
    [
      161,
      3,
      "1111122333333333333",
      1,
      5,
      2
    ],
    [
      262305,
      4,
      "1111122333333333334",
      1,
      5,
      2
    ],
    [
      131233,
      4,
      "1111122333333333344",
      1,
      5,
      2
    ],
    [
      393377,
      5,
      "1111122333333333345",
      1,
      5,
      2
    ],
    [
      65697,
      4,
      "1111122333333333444",
      1,
      5,
      2
    ],
    [
      196769,
      5,
      "1111122333333333455",
      1,
      5,
      2
    ],
    [
      32929,
      4,
      "1111122333333334444",
      1,
      5,
      2
    ],
    [
      295073,
      5,
      "1111122333333334445",
      1,
      5,
      2
    ],
    [
      98465,
      5,
      "1111122333333334555",
      1,
      5,
      2
    ],
    [
      16545,
      4,
      "1111122333333344444",
      1,
      5,
      2
    ],
    [
      278689,
      5,
      "1111122333333344445",
      1,
      5,
      2
    ],
    [
      147617,
      5,
      "1111122333333344455",
      1,
      5,
      2
    ],
    [
      409761,
      6,
      "1111122333333344456",
      1,
      5,
      2
    ],
    [
      49313,
      5,
      "1111122333333345555",
      1,
      5,
      2
    ],
    [
      311457,
      6,
      "1111122333333345556",
      1,
      5,
      2
    ],
    [
      8353,
      4,
      "1111122333333444444",
      1,
      5,
      2
    ],
    [
      139425,
      5,
      "1111122333333444455",
      1,
      5,
      2
    ],
    [
      73889,
      5,
      "1111122333333444555",
      1,
      5,
      2
    ],
    [
      204961,
      6,
      "1111122333333444566",
      1,
      5,
      2
    ],
    [
      24737,
      5,
      "1111122333333455555",
      1,
      5,
      2
    ],
    [
      155809,
      6,
      "1111122333333455566",
      1,
      5,
      2
    ],
    [
      2209,
      4,
      "1111122333344444444",
      1,
      5,
      2
    ],
    [
      133281,
      5,
      "1111122333344444455",
      1,
      5,
      2
    ],
    [
      34977,
      5,
      "1111122333344445555",
      1,
      5,
      2
    ],
    [
      18593,
      5,
      "1111122333344455555",
      1,
      5,
      2
    ],
    [
      149665,
      6,
      "1111122333344455566",
      1,
      5,
      2
    ],
    [
      51361,
      6,
      "1111122333344456666",
      1,
      5,
      2
    ],
    [
      1185,
      4,
      "1111122333444444444",
      1,
      5,
      2
    ],
    [
      263329,
      5,
      "1111122333444444445",
      1,
      5,
      2
    ],
    [
      66721,
      5,
      "1111122333444444555",
      1,
      5,
      2
    ],
    [
      17569,
      5,
      "1111122333444455555",
      1,
      5,
      2
    ],
    [
      279713,
      6,
      "1111122333444455556",
      1,
      5,
      2
    ],
    [
      9377,
      5,
      "1111122333444555555",
      1,
      5,
      2
    ],
    [
      25761,
      6,
      "1111122333444566666",
      1,
      5,
      2
    ],
    [
      3233,
      5,
      "1111122333455555555",
      1,
      5,
      2
    ],
    [
      673,
      4,
      "1111122334444444444",
      1,
      5,
      2
    ],
    [
      262817,
      5,
      "1111122334444444445",
      1,
      5,
      2
    ],
    [
      131745,
      5,
      "1111122334444444455",
      1,
      5,
      2
    ],
    [
      393889,
      6,
      "1111122334444444456",
      1,
      5,
      2
    ],
    [
      33441,
      5,
      "1111122334444445555",
      1,
      5,
      2
    ],
    [
      295585,
      6,
      "1111122334444445556",
      1,
      5,
      2
    ],
    [
      8865,
      5,
      "1111122334444555555",
      1,
      5,
      2
    ],
    [
      1697,
      5,
      "1111122334555555555",
      1,
      5,
      2
    ],
    [
      263841,
      6,
      "1111122334555555556",
      1,
      5,
      2
    ],
    [
      9889,
      6,
      "1111122334555666666",
      1,
      5,
      2
    ],
    [
      417,
      4,
      "1111122344444444444",
      1,
      5,
      2
    ],
    [
      262561,
      5,
      "1111122344444444445",
      1,
      5,
      2
    ],
    [
      131489,
      5,
      "1111122344444444455",
      1,
      5,
      2
    ],
    [
      65953,
      5,
      "1111122344444444555",
      1,
      5,
      2
    ],
    [
      16801,
      5,
      "1111122344444455555",
      1,
      5,
      2
    ],
    [
      278945,
      6,
      "1111122344444455556",
      1,
      5,
      2
    ],
    [
      2465,
      5,
      "1111122344455555555",
      1,
      5,
      2
    ],
    [
      133537,
      6,
      "1111122344455555566",
      1,
      5,
      2
    ],
    [
      929,
      5,
      "1111122345555555555",
      1,
      5,
      2
    ],
    [
      263073,
      6,
      "1111122345555555556",
      1,
      5,
      2
    ],
    [
      97,
      3,
      "1111123333333333333",
      1,
      5,
      2
    ],
    [
      262241,
      4,
      "1111123333333333334",
      1,
      5,
      2
    ],
    [
      131169,
      4,
      "1111123333333333344",
      1,
      5,
      2
    ],
    [
      65633,
      4,
      "1111123333333333444",
      1,
      5,
      2
    ],
    [
      327777,
      5,
      "1111123333333333445",
      1,
      5,
      2
    ],
    [
      32865,
      4,
      "1111123333333334444",
      1,
      5,
      2
    ],
    [
      295009,
      5,
      "1111123333333334445",
      1,
      5,
      2
    ],
    [
      163937,
      5,
      "1111123333333334455",
      1,
      5,
      2
    ],
    [
      16481,
      4,
      "1111123333333344444",
      1,
      5,
      2
    ],
    [
      278625,
      5,
      "1111123333333344445",
      1,
      5,
      2
    ],
    [
      147553,
      5,
      "1111123333333344455",
      1,
      5,
      2
    ],
    [
      82017,
      5,
      "1111123333333344555",
      1,
      5,
      2
    ],
    [
      344161,
      6,
      "1111123333333344556",
      1,
      5,
      2
    ],
    [
      8289,
      4,
      "1111123333333444444",
      1,
      5,
      2
    ],
    [
      139361,
      5,
      "1111123333333444455",
      1,
      5,
      2
    ],
    [
      73825,
      5,
      "1111123333333444555",
      1,
      5,
      2
    ],
    [
      41057,
      5,
      "1111123333333445555",
      1,
      5,
      2
    ],
    [
      172129,
      6,
      "1111123333333445566",
      1,
      5,
      2
    ],
    [
      4193,
      4,
      "1111123333334444444",
      1,
      5,
      2
    ],
    [
      69729,
      5,
      "1111123333334444555",
      1,
      5,
      2
    ],
    [
      36961,
      5,
      "1111123333334445555",
      1,
      5,
      2
    ],
    [
      20577,
      5,
      "1111123333334455555",
      1,
      5,
      2
    ],
    [
      86113,
      6,
      "1111123333334455666",
      1,
      5,
      2
    ],
    [
      1121,
      4,
      "1111123333444444444",
      1,
      5,
      2
    ],
    [
      263265,
      5,
      "1111123333444444445",
      1,
      5,
      2
    ],
    [
      132193,
      5,
      "1111123333444444455",
      1,
      5,
      2
    ],
    [
      17505,
      5,
      "1111123333444455555",
      1,
      5,
      2
    ],
    [
      148577,
      6,
      "1111123333444455566",
      1,
      5,
      2
    ],
    [
      9313,
      5,
      "1111123333444555555",
      1,
      5,
      2
    ],
    [
      5217,
      5,
      "1111123333445555555",
      1,
      5,
      2
    ],
    [
      21601,
      6,
      "1111123333445566666",
      1,
      5,
      2
    ],
    [
      609,
      4,
      "1111123334444444444",
      1,
      5,
      2
    ],
    [
      262753,
      5,
      "1111123334444444445",
      1,
      5,
      2
    ],
    [
      131681,
      5,
      "1111123334444444455",
      1,
      5,
      2
    ],
    [
      66145,
      5,
      "1111123334444444555",
      1,
      5,
      2
    ],
    [
      328289,
      6,
      "1111123334444444556",
      1,
      5,
      2
    ],
    [
      8801,
      5,
      "1111123334444555555",
      1,
      5,
      2
    ],
    [
      4705,
      5,
      "1111123334445555555",
      1,
      5,
      2
    ],
    [
      353,
      4,
      "1111123344444444444",
      1,
      5,
      2
    ],
    [
      262497,
      5,
      "1111123344444444445",
      1,
      5,
      2
    ],
    [
      131425,
      5,
      "1111123344444444455",
      1,
      5,
      2
    ],
    [
      65889,
      5,
      "1111123344444444555",
      1,
      5,
      2
    ],
    [
      33121,
      5,
      "1111123344444445555",
      1,
      5,
      2
    ],
    [
      4449,
      5,
      "1111123344445555555",
      1,
      5,
      2
    ],
    [
      69985,
      6,
      "1111123344445555666",
      1,
      5,
      2
    ],
    [
      1377,
      5,
      "1111123344555555555",
      1,
      5,
      2
    ],
    [
      132449,
      6,
      "1111123344555555566",
      1,
      5,
      2
    ],
    [
      225,
      4,
      "1111123444444444444",
      1,
      5,
      2
    ],
    [
      262369,
      5,
      "1111123444444444445",
      1,
      5,
      2
    ],
    [
      131297,
      5,
      "1111123444444444455",
      1,
      5,
      2
    ],
    [
      65761,
      5,
      "1111123444444444555",
      1,
      5,
      2
    ],
    [
      32993,
      5,
      "1111123444444445555",
      1,
      5,
      2
    ],
    [
      295137,
      6,
      "1111123444444445556",
      1,
      5,
      2
    ],
    [
      16609,
      5,
      "1111123444444455555",
      1,
      5,
      2
    ],
    [
      278753,
      6,
      "1111123444444455556",
      1,
      5,
      2
    ],
    [
      147681,
      6,
      "1111123444444455566",
      1,
      5,
      2
    ],
    [
      1249,
      5,
      "1111123444555555555",
      1,
      5,
      2
    ],
    [
      263393,
      6,
      "1111123444555555556",
      1,
      5,
      2
    ],
    [
      17633,
      6,
      "1111123444555566666",
      1,
      5,
      2
    ],
    [
      737,
      5,
      "1111123445555555555",
      1,
      5,
      2
    ],
    [
      262881,
      6,
      "1111123445555555556",
      1,
      5,
      2
    ],
    [
      131809,
      6,
      "1111123445555555566",
      1,
      5,
      2
    ],
    [
      17,
      2,
      "1111222222222222222",
      4,
      19,
      32768
    ],
    [
      262161,
      3,
      "1111222222222222223",
      2,
      9,
      16384
    ],
    [
      131089,
      3,
      "1111222222222222233",
      4,
      17,
      8192
    ],
    [
      393233,
      4,
      "1111222222222222234",
      4,
      17,
      8192
    ],
    [
      65553,
      3,
      "1111222222222222333",
      1,
      4,
      4097
    ],
    [
      327697,
      4,
      "1111222222222222334",
      1,
      4,
      4097
    ],
    [
      196625,
      4,
      "1111222222222222344",
      1,
      4,
      4097
    ],
    [
      458769,
      5,
      "1111222222222222345",
      1,
      4,
      4097
    ],
    [
      32785,
      3,
      "1111222222222223333",
      1,
      4,
      1
    ],
    [
      294929,
      4,
      "1111222222222223334",
      1,
      4,
      1
    ],
    [
      163857,
      4,
      "1111222222222223344",
      1,
      4,
      1
    ],
    [
      426001,
      5,
      "1111222222222223345",
      1,
      4,
      1
    ],
    [
      98321,
      4,
      "1111222222222223444",
      1,
      4,
      1
    ],
    [
      360465,
      5,
      "1111222222222223445",
      1,
      4,
      1
    ],
    [
      229393,
      5,
      "1111222222222223455",
      1,
      4,
      1
    ],
    [
      16401,
      3,
      "1111222222222233333",
      1,
      4,
      1
    ],
    [
      147473,
      4,
      "1111222222222233344",
      1,
      4,
      1
    ],
    [
      81937,
      4,
      "1111222222222233444",
      1,
      4,
      1
    ],
    [
      213009,
      5,
      "1111222222222233455",
      1,
      4,
      1
    ],
    [
      49169,
      4,
      "1111222222222234444",
      1,
      4,
      1
    ],
    [
      180241,
      5,
      "1111222222222234455",
      1,
      4,
      1
    ],
    [
      114705,
      5,
      "1111222222222234555",
      1,
      4,
      1
    ],
    [
      8209,
      3,
      "1111222222222333333",
      1,
      4,
      1
    ],
    [
      270353,
      4,
      "1111222222222333334",
      1,
      4,
      1
    ],
    [
      73745,
      4,
      "1111222222222333444",
      1,
      4,
      1
    ],
    [
      335889,
      5,
      "1111222222222333445",
      1,
      4,
      1
    ],
    [
      40977,
      4,
      "1111222222222334444",
      1,
      4,
      1
    ],
    [
      303121,
      5,
      "1111222222222334445",
      1,
      4,
      1
    ],
    [
      106513,
      5,
      "1111222222222334555",
      1,
      4,
      1
    ],
    [
      24593,
      4,
      "1111222222222344444",
      1,
      4,
      1
    ],
    [
      90129,
      5,
      "1111222222222344555",
      1,
      4,
      1
    ],
    [
      57361,
      5,
      "1111222222222345555",
      1,
      4,
      1
    ],
    [
      4113,
      3,
      "1111222222223333333",
      1,
      4,
      1
    ],
    [
      266257,
      4,
      "1111222222223333334",
      1,
      4,
      1
    ],
    [
      135185,
      4,
      "1111222222223333344",
      1,
      4,
      1
    ],
    [
      397329,
      5,
      "1111222222223333345",
      1,
      4,
      1
    ],
    [
      36881,
      4,
      "1111222222223334444",
      1,
      4,
      1
    ],
    [
      299025,
      5,
      "1111222222223334445",
      1,
      4,
      1
    ],
    [
      167953,
      5,
      "1111222222223334455",
      1,
      4,
      1
    ],
    [
      430097,
      6,
      "1111222222223334456",
      1,
      4,
      1
    ],
    [
      20497,
      4,
      "1111222222223344444",
      1,
      4,
      1
    ],
    [
      151569,
      5,
      "1111222222223344455",
      1,
      4,
      1
    ],
    [
      53265,
      5,
      "1111222222223345555",
      1,
      4,
      1
    ],
    [
      12305,
      4,
      "1111222222223444444",
      1,
      4,
      1
    ],
    [
      274449,
      5,
      "1111222222223444445",
      1,
      4,
      1
    ],
    [
      45073,
      5,
      "1111222222223445555",
      1,
      4,
      1
    ],
    [
      307217,
      6,
      "1111222222223445556",
      1,
      4,
      1
    ],
    [
      28689,
      5,
      "1111222222223455555",
      1,
      4,
      1
    ],
    [
      2065,
      3,
      "1111222222233333333",
      1,
      4,
      1
    ],
    [
      264209,
      4,
      "1111222222233333334",
      1,
      4,
      1
    ],
    [
      133137,
      4,
      "1111222222233333344",
      1,
      4,
      1
    ],
    [
      395281,
      5,
      "1111222222233333345",
      1,
      4,
      1
    ],
    [
      67601,
      4,
      "1111222222233333444",
      1,
      4,
      1
    ],
    [
      329745,
      5,
      "1111222222233333445",
      1,
      4,
      1
    ],
    [
      198673,
      5,
      "1111222222233333455",
      1,
      4,
      1
    ],
    [
      460817,
      6,
      "1111222222233333456",
      1,
      4,
      1
    ],
    [
      18449,
      4,
      "1111222222233344444",
      1,
      4,
      1
    ],
    [
      149521,
      5,
      "1111222222233344455",
      1,
      4,
      1
    ],
    [
      83985,
      5,
      "1111222222233344555",
      1,
      4,
      1
    ],
    [
      215057,
      6,
      "1111222222233344566",
      1,
      4,
      1
    ],
    [
      10257,
      4,
      "1111222222233444444",
      1,
      4,
      1
    ],
    [
      272401,
      5,
      "1111222222233444445",
      1,
      4,
      1
    ],
    [
      75793,
      5,
      "1111222222233444555",
      1,
      4,
      1
    ],
    [
      26641,
      5,
      "1111222222233455555",
      1,
      4,
      1
    ],
    [
      6161,
      4,
      "1111222222234444444",
      1,
      4,
      1
    ],
    [
      268305,
      5,
      "1111222222234444445",
      1,
      4,
      1
    ],
    [
      137233,
      5,
      "1111222222234444455",
      1,
      4,
      1
    ],
    [
      22545,
      5,
      "1111222222234455555",
      1,
      4,
      1
    ],
    [
      153617,
      6,
      "1111222222234455566",
      1,
      4,
      1
    ],
    [
      14353,
      5,
      "1111222222234555555",
      1,
      4,
      1
    ],
    [
      276497,
      6,
      "1111222222234555556",
      1,
      4,
      1
    ],
    [
      1041,
      3,
      "1111222222333333333",
      1,
      4,
      1
    ],
    [
      263185,
      4,
      "1111222222333333334",
      1,
      4,
      1
    ],
    [
      132113,
      4,
      "1111222222333333344",
      1,
      4,
      1
    ],
    [
      394257,
      5,
      "1111222222333333345",
      1,
      4,
      1
    ],
    [
      66577,
      4,
      "1111222222333333444",
      1,
      4,
      1
    ],
    [
      328721,
      5,
      "1111222222333333445",
      1,
      4,
      1
    ],
    [
      197649,
      5,
      "1111222222333333455",
      1,
      4,
      1
    ],
    [
      459793,
      6,
      "1111222222333333456",
      1,
      4,
      1
    ],
    [
      33809,
      4,
      "1111222222333334444",
      1,
      4,
      1
    ],
    [
      295953,
      5,
      "1111222222333334445",
      1,
      4,
      1
    ],
    [
      164881,
      5,
      "1111222222333334455",
      1,
      4,
      1
    ],
    [
      427025,
      6,
      "1111222222333334456",
      1,
      4,
      1
    ],
    [
      99345,
      5,
      "1111222222333334555",
      1,
      4,
      1
    ],
    [
      361489,
      6,
      "1111222222333334556",
      1,
      4,
      1
    ],
    [
      230417,
      6,
      "1111222222333334566",
      1,
      4,
      1
    ],
    [
      9233,
      4,
      "1111222222333444444",
      1,
      4,
      1
    ],
    [
      271377,
      5,
      "1111222222333444445",
      1,
      4,
      1
    ],
    [
      74769,
      5,
      "1111222222333444555",
      1,
      4,
      1
    ],
    [
      336913,
      6,
      "1111222222333444556",
      1,
      4,
      1
    ],
    [
      42001,
      5,
      "1111222222333445555",
      1,
      4,
      1
    ],
    [
      107537,
      6,
      "1111222222333445666",
      1,
      4,
      1
    ],
    [
      5137,
      4,
      "1111222222334444444",
      1,
      4,
      1
    ],
    [
      136209,
      5,
      "1111222222334444455",
      1,
      4,
      1
    ],
    [
      37905,
      5,
      "1111222222334445555",
      1,
      4,
      1
    ],
    [
      13329,
      5,
      "1111222222334555555",
      1,
      4,
      1
    ],
    [
      3089,
      4,
      "1111222222344444444",
      1,
      4,
      1
    ],
    [
      265233,
      5,
      "1111222222344444445",
      1,
      4,
      1
    ],
    [
      68625,
      5,
      "1111222222344444555",
      1,
      4,
      1
    ],
    [
      330769,
      6,
      "1111222222344444556",
      1,
      4,
      1
    ],
    [
      11281,
      5,
      "1111222222344555555",
      1,
      4,
      1
    ],
    [
      273425,
      6,
      "1111222222344555556",
      1,
      4,
      1
    ],
    [
      76817,
      6,
      "1111222222344555666",
      1,
      4,
      1
    ],
    [
      7185,
      5,
      "1111222222345555555",
      1,
      4,
      1
    ],
    [
      529,
      3,
      "1111222223333333333",
      1,
      4,
      1
    ],
    [
      262673,
      4,
      "1111222223333333334",
      1,
      4,
      1
    ],
    [
      131601,
      4,
      "1111222223333333344",
      1,
      4,
      1
    ],
    [
      393745,
      5,
      "1111222223333333345",
      1,
      4,
      1
    ],
    [
      66065,
      4,
      "1111222223333333444",
      1,
      4,
      1
    ],
    [
      328209,
      5,
      "1111222223333333445",
      1,
      4,
      1
    ],
    [
      197137,
      5,
      "1111222223333333455",
      1,
      4,
      1
    ],
    [
      459281,
      6,
      "1111222223333333456",
      1,
      4,
      1
    ],
    [
      33297,
      4,
      "1111222223333334444",
      1,
      4,
      1
    ],
    [
      295441,
      5,
      "1111222223333334445",
      1,
      4,
      1
    ],
    [
      164369,
      5,
      "1111222223333334455",
      1,
      4,
      1
    ],
    [
      426513,
      6,
      "1111222223333334456",
      1,
      4,
      1
    ],
    [
      98833,
      5,
      "1111222223333334555",
      1,
      4,
      1
    ],
    [
      360977,
      6,
      "1111222223333334556",
      1,
      4,
      1
    ],
    [
      229905,
      6,
      "1111222223333334566",
      1,
      4,
      1
    ],
    [
      16913,
      4,
      "1111222223333344444",
      1,
      4,
      1
    ],
    [
      147985,
      5,
      "1111222223333344455",
      1,
      4,
      1
    ],
    [
      82449,
      5,
      "1111222223333344555",
      1,
      4,
      1
    ],
    [
      213521,
      6,
      "1111222223333344566",
      1,
      4,
      1
    ],
    [
      49681,
      5,
      "1111222223333345555",
      1,
      4,
      1
    ],
    [
      180753,
      6,
      "1111222223333345566",
      1,
      4,
      1
    ],
    [
      115217,
      6,
      "1111222223333345666",
      1,
      4,
      1
    ],
    [
      4625,
      4,
      "1111222223334444444",
      1,
      4,
      1
    ],
    [
      266769,
      5,
      "1111222223334444445",
      1,
      4,
      1
    ],
    [
      37393,
      5,
      "1111222223334445555",
      1,
      4,
      1
    ],
    [
      21009,
      5,
      "1111222223334455555",
      1,
      4,
      1
    ],
    [
      53777,
      6,
      "1111222223334456666",
      1,
      4,
      1
    ],
    [
      2577,
      4,
      "1111222223344444444",
      1,
      4,
      1
    ],
    [
      264721,
      5,
      "1111222223344444445",
      1,
      4,
      1
    ],
    [
      133649,
      5,
      "1111222223344444455",
      1,
      4,
      1
    ],
    [
      395793,
      6,
      "1111222223344444456",
      1,
      4,
      1
    ],
    [
      18961,
      5,
      "1111222223344455555",
      1,
      4,
      1
    ],
    [
      150033,
      6,
      "1111222223344455566",
      1,
      4,
      1
    ],
    [
      6673,
      5,
      "1111222223345555555",
      1,
      4,
      1
    ],
    [
      268817,
      6,
      "1111222223345555556",
      1,
      4,
      1
    ],
    [
      1553,
      4,
      "1111222223444444444",
      1,
      4,
      1
    ],
    [
      263697,
      5,
      "1111222223444444445",
      1,
      4,
      1
    ],
    [
      132625,
      5,
      "1111222223444444455",
      1,
      4,
      1
    ],
    [
      67089,
      5,
      "1111222223444444555",
      1,
      4,
      1
    ],
    [
      329233,
      6,
      "1111222223444444556",
      1,
      4,
      1
    ],
    [
      5649,
      5,
      "1111222223445555555",
      1,
      4,
      1
    ],
    [
      3601,
      5,
      "1111222223455555555",
      1,
      4,
      1
    ],
    [
      265745,
      6,
      "1111222223455555556",
      1,
      4,
      1
    ],
    [
      273,
      3,
      "1111222233333333333",
      1,
      4,
      1
    ],
    [
      262417,
      4,
      "1111222233333333334",
      1,
      4,
      1
    ],
    [
      131345,
      4,
      "1111222233333333344",
      1,
      4,
      1
    ],
    [
      393489,
      5,
      "1111222233333333345",
      1,
      4,
      1
    ],
    [
      65809,
      4,
      "1111222233333333444",
      1,
      4,
      1
    ],
    [
      327953,
      5,
      "1111222233333333445",
      1,
      4,
      1
    ],
    [
      196881,
      5,
      "1111222233333333455",
      1,
      4,
      1
    ],
    [
      459025,
      6,
      "1111222233333333456",
      1,
      4,
      1
    ],
    [
      33041,
      4,
      "1111222233333334444",
      1,
      4,
      1
    ],
    [
      295185,
      5,
      "1111222233333334445",
      1,
      4,
      1
    ],
    [
      164113,
      5,
      "1111222233333334455",
      1,
      4,
      1
    ],
    [
      426257,
      6,
      "1111222233333334456",
      1,
      4,
      1
    ],
    [
      98577,
      5,
      "1111222233333334555",
      1,
      4,
      1
    ],
    [
      360721,
      6,
      "1111222233333334556",
      1,
      4,
      1
    ],
    [
      229649,
      6,
      "1111222233333334566",
      1,
      4,
      1
    ],
    [
      16657,
      4,
      "1111222233333344444",
      1,
      4,
      1
    ],
    [
      147729,
      5,
      "1111222233333344455",
      1,
      4,
      1
    ],
    [
      82193,
      5,
      "1111222233333344555",
      1,
      4,
      1
    ],
    [
      213265,
      6,
      "1111222233333344566",
      1,
      4,
      1
    ],
    [
      49425,
      5,
      "1111222233333345555",
      1,
      4,
      1
    ],
    [
      180497,
      6,
      "1111222233333345566",
      1,
      4,
      1
    ],
    [
      114961,
      6,
      "1111222233333345666",
      1,
      4,
      1
    ],
    [
      8465,
      4,
      "1111222233333444444",
      1,
      4,
      1
    ],
    [
      270609,
      5,
      "1111222233333444445",
      1,
      4,
      1
    ],
    [
      74001,
      5,
      "1111222233333444555",
      1,
      4,
      1
    ],
    [
      336145,
      6,
      "1111222233333444556",
      1,
      4,
      1
    ],
    [
      41233,
      5,
      "1111222233333445555",
      1,
      4,
      1
    ],
    [
      303377,
      6,
      "1111222233333445556",
      1,
      4,
      1
    ],
    [
      106769,
      6,
      "1111222233333445666",
      1,
      4,
      1
    ],
    [
      24849,
      5,
      "1111222233333455555",
      1,
      4,
      1
    ],
    [
      90385,
      6,
      "1111222233333455666",
      1,
      4,
      1
    ],
    [
      57617,
      6,
      "1111222233333456666",
      1,
      4,
      1
    ],
    [
      2321,
      4,
      "1111222233344444444",
      1,
      4,
      1
    ],
    [
      264465,
      5,
      "1111222233344444445",
      1,
      4,
      1
    ],
    [
      133393,
      5,
      "1111222233344444455",
      1,
      4,
      1
    ],
    [
      395537,
      6,
      "1111222233344444456",
      1,
      4,
      1
    ],
    [
      67857,
      5,
      "1111222233344444555",
      1,
      4,
      1
    ],
    [
      330001,
      6,
      "1111222233344444556",
      1,
      4,
      1
    ],
    [
      198929,
      6,
      "1111222233344444566",
      1,
      4,
      1
    ],
    [
      461073,
      7,
      "1111222233344444567",
      1,
      4,
      1
    ],
    [
      18705,
      5,
      "1111222233344455555",
      1,
      4,
      1
    ],
    [
      84241,
      6,
      "1111222233344455666",
      1,
      4,
      1
    ],
    [
      10513,
      5,
      "1111222233344555555",
      1,
      4,
      1
    ],
    [
      272657,
      6,
      "1111222233344555556",
      1,
      4,
      1
    ],
    [
      26897,
      6,
      "1111222233344566666",
      1,
      4,
      1
    ],
    [
      1297,
      4,
      "1111222233444444444",
      1,
      4,
      1
    ],
    [
      132369,
      5,
      "1111222233444444455",
      1,
      4,
      1
    ],
    [
      66833,
      5,
      "1111222233444444555",
      1,
      4,
      1
    ],
    [
      197905,
      6,
      "1111222233444444566",
      1,
      4,
      1
    ],
    [
      34065,
      5,
      "1111222233444445555",
      1,
      4,
      1
    ],
    [
      99601,
      6,
      "1111222233444445666",
      1,
      4,
      1
    ],
    [
      9489,
      5,
      "1111222233444555555",
      1,
      4,
      1
    ],
    [
      75025,
      6,
      "1111222233444555666",
      1,
      4,
      1
    ],
    [
      3345,
      5,
      "1111222233455555555",
      1,
      4,
      1
    ],
    [
      68881,
      6,
      "1111222233455555666",
      1,
      4,
      1
    ],
    [
      785,
      4,
      "1111222234444444444",
      1,
      4,
      1
    ],
    [
      262929,
      5,
      "1111222234444444445",
      1,
      4,
      1
    ],
    [
      66321,
      5,
      "1111222234444444555",
      1,
      4,
      1
    ],
    [
      328465,
      6,
      "1111222234444444556",
      1,
      4,
      1
    ],
    [
      33553,
      5,
      "1111222234444445555",
      1,
      4,
      1
    ],
    [
      295697,
      6,
      "1111222234444445556",
      1,
      4,
      1
    ],
    [
      17169,
      5,
      "1111222234444455555",
      1,
      4,
      1
    ],
    [
      82705,
      6,
      "1111222234444455666",
      1,
      4,
      1
    ],
    [
      2833,
      5,
      "1111222234455555555",
      1,
      4,
      1
    ],
    [
      264977,
      6,
      "1111222234455555556",
      1,
      4,
      1
    ],
    [
      19217,
      6,
      "1111222234455566666",
      1,
      4,
      1
    ],
    [
      1809,
      5,
      "1111222234555555555",
      1,
      4,
      1
    ],
    [
      67345,
      6,
      "1111222234555555666",
      1,
      4,
      1
    ],
    [
      145,
      3,
      "1111222333333333333",
      1,
      4,
      1
    ],
    [
      262289,
      4,
      "1111222333333333334",
      1,
      4,
      1
    ],
    [
      131217,
      4,
      "1111222333333333344",
      1,
      4,
      1
    ],
    [
      393361,
      5,
      "1111222333333333345",
      1,
      4,
      1
    ],
    [
      65681,
      4,
      "1111222333333333444",
      1,
      4,
      1
    ],
    [
      327825,
      5,
      "1111222333333333445",
      1,
      4,
      1
    ],
    [
      196753,
      5,
      "1111222333333333455",
      1,
      4,
      1
    ],
    [
      458897,
      6,
      "1111222333333333456",
      1,
      4,
      1
    ],
    [
      32913,
      4,
      "1111222333333334444",
      1,
      4,
      1
    ],
    [
      163985,
      5,
      "1111222333333334455",
      1,
      4,
      1
    ],
    [
      98449,
      5,
      "1111222333333334555",
      1,
      4,
      1
    ],
    [
      229521,
      6,
      "1111222333333334566",
      1,
      4,
      1
    ],
    [
      16529,
      4,
      "1111222333333344444",
      1,
      4,
      1
    ],
    [
      82065,
      5,
      "1111222333333344555",
      1,
      4,
      1
    ],
    [
      49297,
      5,
      "1111222333333345555",
      1,
      4,
      1
    ],
    [
      114833,
      6,
      "1111222333333345666",
      1,
      4,
      1
    ],
    [
      8337,
      4,
      "1111222333333444444",
      1,
      4,
      1
    ],
    [
      270481,
      5,
      "1111222333333444445",
      1,
      4,
      1
    ],
    [
      41105,
      5,
      "1111222333333445555",
      1,
      4,
      1
    ],
    [
      24721,
      5,
      "1111222333333455555",
      1,
      4,
      1
    ],
    [
      57489,
      6,
      "1111222333333456666",
      1,
      4,
      1
    ],
    [
      4241,
      4,
      "1111222333334444444",
      1,
      4,
      1
    ],
    [
      266385,
      5,
      "1111222333334444445",
      1,
      4,
      1
    ],
    [
      135313,
      5,
      "1111222333334444455",
      1,
      4,
      1
    ],
    [
      397457,
      6,
      "1111222333334444456",
      1,
      4,
      1
    ],
    [
      20625,
      5,
      "1111222333334455555",
      1,
      4,
      1
    ],
    [
      12433,
      5,
      "1111222333334555555",
      1,
      4,
      1
    ],
    [
      28817,
      6,
      "1111222333334566666",
      1,
      4,
      1
    ],
    [
      1169,
      4,
      "1111222333444444444",
      1,
      4,
      1
    ],
    [
      263313,
      5,
      "1111222333444444445",
      1,
      4,
      1
    ],
    [
      66705,
      5,
      "1111222333444444555",
      1,
      4,
      1
    ],
    [
      328849,
      6,
      "1111222333444444556",
      1,
      4,
      1
    ],
    [
      33937,
      5,
      "1111222333444445555",
      1,
      4,
      1
    ],
    [
      99473,
      6,
      "1111222333444445666",
      1,
      4,
      1
    ],
    [
      5265,
      5,
      "1111222333445555555",
      1,
      4,
      1
    ],
    [
      657,
      4,
      "1111222334444444444",
      1,
      4,
      1
    ],
    [
      262801,
      5,
      "1111222334444444445",
      1,
      4,
      1
    ],
    [
      131729,
      5,
      "1111222334444444455",
      1,
      4,
      1
    ],
    [
      393873,
      6,
      "1111222334444444456",
      1,
      4,
      1
    ],
    [
      33425,
      5,
      "1111222334444445555",
      1,
      4,
      1
    ],
    [
      17041,
      5,
      "1111222334444455555",
      1,
      4,
      1
    ],
    [
      49809,
      6,
      "1111222334444456666",
      1,
      4,
      1
    ],
    [
      1681,
      5,
      "1111222334555555555",
      1,
      4,
      1
    ],
    [
      263825,
      6,
      "1111222334555555556",
      1,
      4,
      1
    ],
    [
      401,
      4,
      "1111222344444444444",
      1,
      4,
      1
    ],
    [
      262545,
      5,
      "1111222344444444445",
      1,
      4,
      1
    ],
    [
      131473,
      5,
      "1111222344444444455",
      1,
      4,
      1
    ],
    [
      65937,
      5,
      "1111222344444444555",
      1,
      4,
      1
    ],
    [
      328081,
      6,
      "1111222344444444556",
      1,
      4,
      1
    ],
    [
      16785,
      5,
      "1111222344444455555",
      1,
      4,
      1
    ],
    [
      82321,
      6,
      "1111222344444455666",
      1,
      4,
      1
    ],
    [
      8593,
      5,
      "1111222344444555555",
      1,
      4,
      1
    ],
    [
      270737,
      6,
      "1111222344444555556",
      1,
      4,
      1
    ],
    [
      1425,
      5,
      "1111222344555555555",
      1,
      4,
      1
    ],
    [
      66961,
      6,
      "1111222344555555666",
      1,
      4,
      1
    ],
    [
      913,
      5,
      "1111222345555555555",
      1,
      4,
      1
    ],
    [
      263057,
      6,
      "1111222345555555556",
      1,
      4,
      1
    ],
    [
      17297,
      6,
      "1111222345555566666",
      1,
      4,
      1
    ],
    [
      81,
      3,
      "1111223333333333333",
      1,
      4,
      1
    ],
    [
      262225,
      4,
      "1111223333333333334",
      1,
      4,
      1
    ],
    [
      131153,
      4,
      "1111223333333333344",
      1,
      4,
      1
    ],
    [
      393297,
      5,
      "1111223333333333345",
      1,
      4,
      1
    ],
    [
      65617,
      4,
      "1111223333333333444",
      1,
      4,
      1
    ],
    [
      196689,
      5,
      "1111223333333333455",
      1,
      4,
      1
    ],
    [
      32849,
      4,
      "1111223333333334444",
      1,
      4,
      1
    ],
    [
      294993,
      5,
      "1111223333333334445",
      1,
      4,
      1
    ],
    [
      98385,
      5,
      "1111223333333334555",
      1,
      4,
      1
    ],
    [
      16465,
      4,
      "1111223333333344444",
      1,
      4,
      1
    ],
    [
      147537,
      5,
      "1111223333333344455",
      1,
      4,
      1
    ],
    [
      49233,
      5,
      "1111223333333345555",
      1,
      4,
      1
    ],
    [
      8273,
      4,
      "1111223333333444444",
      1,
      4,
      1
    ],
    [
      270417,
      5,
      "1111223333333444445",
      1,
      4,
      1
    ],
    [
      73809,
      5,
      "1111223333333444555",
      1,
      4,
      1
    ],
    [
      24657,
      5,
      "1111223333333455555",
      1,
      4,
      1
    ],
    [
      4177,
      4,
      "1111223333334444444",
      1,
      4,
      1
    ],
    [
      135249,
      5,
      "1111223333334444455",
      1,
      4,
      1
    ],
    [
      36945,
      5,
      "1111223333334445555",
      1,
      4,
      1
    ],
    [
      12369,
      5,
      "1111223333334555555",
      1,
      4,
      1
    ],
    [
      2129,
      4,
      "1111223333344444444",
      1,
      4,
      1
    ],
    [
      264273,
      5,
      "1111223333344444445",
      1,
      4,
      1
    ],
    [
      67665,
      5,
      "1111223333344444555",
      1,
      4,
      1
    ],
    [
      18513,
      5,
      "1111223333344455555",
      1,
      4,
      1
    ],
    [
      6225,
      5,
      "1111223333345555555",
      1,
      4,
      1
    ],
    [
      593,
      4,
      "1111223334444444444",
      1,
      4,
      1
    ],
    [
      262737,
      5,
      "1111223334444444445",
      1,
      4,
      1
    ],
    [
      131665,
      5,
      "1111223334444444455",
      1,
      4,
      1
    ],
    [
      393809,
      6,
      "1111223334444444456",
      1,
      4,
      1
    ],
    [
      66129,
      5,
      "1111223334444444555",
      1,
      4,
      1
    ],
    [
      197201,
      6,
      "1111223334444444566",
      1,
      4,
      1
    ],
    [
      16977,
      5,
      "1111223334444455555",
      1,
      4,
      1
    ],
    [
      4689,
      5,
      "1111223334445555555",
      1,
      4,
      1
    ],
    [
      337,
      4,
      "1111223344444444444",
      1,
      4,
      1
    ],
    [
      262481,
      5,
      "1111223344444444445",
      1,
      4,
      1
    ],
    [
      131409,
      5,
      "1111223344444444455",
      1,
      4,
      1
    ],
    [
      393553,
      6,
      "1111223344444444456",
      1,
      4,
      1
    ],
    [
      65873,
      5,
      "1111223344444444555",
      1,
      4,
      1
    ],
    [
      196945,
      6,
      "1111223344444444566",
      1,
      4,
      1
    ],
    [
      33105,
      5,
      "1111223344444445555",
      1,
      4,
      1
    ],
    [
      295249,
      6,
      "1111223344444445556",
      1,
      4,
      1
    ],
    [
      98641,
      6,
      "1111223344444445666",
      1,
      4,
      1
    ],
    [
      8529,
      5,
      "1111223344444555555",
      1,
      4,
      1
    ],
    [
      270673,
      6,
      "1111223344444555556",
      1,
      4,
      1
    ],
    [
      74065,
      6,
      "1111223344444555666",
      1,
      4,
      1
    ],
    [
      2385,
      5,
      "1111223344455555555",
      1,
      4,
      1
    ],
    [
      264529,
      6,
      "1111223344455555556",
      1,
      4,
      1
    ],
    [
      67921,
      6,
      "1111223344455555666",
      1,
      4,
      1
    ],
    [
      849,
      5,
      "1111223345555555555",
      1,
      4,
      1
    ],
    [
      262993,
      6,
      "1111223345555555556",
      1,
      4,
      1
    ],
    [
      66385,
      6,
      "1111223345555555666",
      1,
      4,
      1
    ],
    [
      209,
      4,
      "1111223444444444444",
      1,
      4,
      1
    ],
    [
      262353,
      5,
      "1111223444444444445",
      1,
      4,
      1
    ],
    [
      131281,
      5,
      "1111223444444444455",
      1,
      4,
      1
    ],
    [
      65745,
      5,
      "1111223444444444555",
      1,
      4,
      1
    ],
    [
      32977,
      5,
      "1111223444444445555",
      1,
      4,
      1
    ],
    [
      16593,
      5,
      "1111223444444455555",
      1,
      4,
      1
    ],
    [
      4305,
      5,
      "1111223444445555555",
      1,
      4,
      1
    ],
    [
      135377,
      6,
      "1111223444445555566",
      1,
      4,
      1
    ],
    [
      465,
      5,
      "1111223455555555555",
      1,
      4,
      1
    ],
    [
      262609,
      6,
      "1111223455555555556",
      1,
      4,
      1
    ],
    [
      131537,
      6,
      "1111223455555555566",
      1,
      4,
      1
    ],
    [
      66001,
      6,
      "1111223455555555666",
      1,
      4,
      1
    ],
    [
      49,
      3,
      "1111233333333333333",
      1,
      4,
      1
    ],
    [
      262193,
      4,
      "1111233333333333334",
      1,
      4,
      1
    ],
    [
      131121,
      4,
      "1111233333333333344",
      1,
      4,
      1
    ],
    [
      65585,
      4,
      "1111233333333333444",
      1,
      4,
      1
    ],
    [
      327729,
      5,
      "1111233333333333445",
      1,
      4,
      1
    ],
    [
      32817,
      4,
      "1111233333333334444",
      1,
      4,
      1
    ],
    [
      294961,
      5,
      "1111233333333334445",
      1,
      4,
      1
    ],
    [
      163889,
      5,
      "1111233333333334455",
      1,
      4,
      1
    ],
    [
      16433,
      4,
      "1111233333333344444",
      1,
      4,
      1
    ],
    [
      147505,
      5,
      "1111233333333344455",
      1,
      4,
      1
    ],
    [
      81969,
      5,
      "1111233333333344555",
      1,
      4,
      1
    ],
    [
      8241,
      4,
      "1111233333333444444",
      1,
      4,
      1
    ],
    [
      73777,
      5,
      "1111233333333444555",
      1,
      4,
      1
    ],
    [
      41009,
      5,
      "1111233333333445555",
      1,
      4,
      1
    ],
    [
      4145,
      4,
      "1111233333334444444",
      1,
      4,
      1
    ],
    [
      266289,
      5,
      "1111233333334444445",
      1,
      4,
      1
    ],
    [
      36913,
      5,
      "1111233333334445555",
      1,
      4,
      1
    ],
    [
      299057,
      6,
      "1111233333334445556",
      1,
      4,
      1
    ],
    [
      20529,
      5,
      "1111233333334455555",
      1,
      4,
      1
    ],
    [
      2097,
      4,
      "1111233333344444444",
      1,
      4,
      1
    ],
    [
      264241,
      5,
      "1111233333344444445",
      1,
      4,
      1
    ],
    [
      133169,
      5,
      "1111233333344444455",
      1,
      4,
      1
    ],
    [
      18481,
      5,
      "1111233333344455555",
      1,
      4,
      1
    ],
    [
      149553,
      6,
      "1111233333344455566",
      1,
      4,
      1
    ],
    [
      10289,
      5,
      "1111233333344555555",
      1,
      4,
      1
    ],
    [
      1073,
      4,
      "1111233333444444444",
      1,
      4,
      1
    ],
    [
      263217,
      5,
      "1111233333444444445",
      1,
      4,
      1
    ],
    [
      132145,
      5,
      "1111233333444444455",
      1,
      4,
      1
    ],
    [
      66609,
      5,
      "1111233333444444555",
      1,
      4,
      1
    ],
    [
      328753,
      6,
      "1111233333444444556",
      1,
      4,
      1
    ],
    [
      9265,
      5,
      "1111233333444555555",
      1,
      4,
      1
    ],
    [
      74801,
      6,
      "1111233333444555666",
      1,
      4,
      1
    ],
    [
      5169,
      5,
      "1111233333445555555",
      1,
      4,
      1
    ],
    [
      305,
      4,
      "1111233344444444444",
      1,
      4,
      1
    ],
    [
      262449,
      5,
      "1111233344444444445",
      1,
      4,
      1
    ],
    [
      131377,
      5,
      "1111233344444444455",
      1,
      4,
      1
    ],
    [
      65841,
      5,
      "1111233344444444555",
      1,
      4,
      1
    ],
    [
      327985,
      6,
      "1111233344444444556",
      1,
      4,
      1
    ],
    [
      33073,
      5,
      "1111233344444445555",
      1,
      4,
      1
    ],
    [
      164145,
      6,
      "1111233344444445566",
      1,
      4,
      1
    ],
    [
      16689,
      5,
      "1111233344444455555",
      1,
      4,
      1
    ],
    [
      82225,
      6,
      "1111233344444455666",
      1,
      4,
      1
    ],
    [
      2353,
      5,
      "1111233344455555555",
      1,
      4,
      1
    ],
    [
      264497,
      6,
      "1111233344455555556",
      1,
      4,
      1
    ],
    [
      133425,
      6,
      "1111233344455555566",
      1,
      4,
      1
    ],
    [
      1329,
      5,
      "1111233344555555555",
      1,
      4,
      1
    ],
    [
      132401,
      6,
      "1111233344555555566",
      1,
      4,
      1
    ],
    [
      66865,
      6,
      "1111233344555555666",
      1,
      4,
      1
    ],
    [
      177,
      4,
      "1111233444444444444",
      1,
      4,
      1
    ],
    [
      262321,
      5,
      "1111233444444444445",
      1,
      4,
      1
    ],
    [
      131249,
      5,
      "1111233444444444455",
      1,
      4,
      1
    ],
    [
      65713,
      5,
      "1111233444444444555",
      1,
      4,
      1
    ],
    [
      32945,
      5,
      "1111233444444445555",
      1,
      4,
      1
    ],
    [
      16561,
      5,
      "1111233444444455555",
      1,
      4,
      1
    ],
    [
      8369,
      5,
      "1111233444444555555",
      1,
      4,
      1
    ],
    [
      1201,
      5,
      "1111233444555555555",
      1,
      4,
      1
    ],
    [
      263345,
      6,
      "1111233444555555556",
      1,
      4,
      1
    ],
    [
      66737,
      6,
      "1111233444555555666",
      1,
      4,
      1
    ],
    [
      113,
      4,
      "1111234444444444444",
      1,
      4,
      1
    ],
    [
      262257,
      5,
      "1111234444444444445",
      1,
      4,
      1
    ],
    [
      131185,
      5,
      "1111234444444444455",
      1,
      4,
      1
    ],
    [
      65649,
      5,
      "1111234444444444555",
      1,
      4,
      1
    ],
    [
      32881,
      5,
      "1111234444444445555",
      1,
      4,
      1
    ],
    [
      295025,
      6,
      "1111234444444445556",
      1,
      4,
      1
    ],
    [
      16497,
      5,
      "1111234444444455555",
      1,
      4,
      1
    ],
    [
      147569,
      6,
      "1111234444444455566",
      1,
      4,
      1
    ],
    [
      8305,
      5,
      "1111234444444555555",
      1,
      4,
      1
    ],
    [
      73841,
      6,
      "1111234444444555666",
      1,
      4,
      1
    ],
    [
      4209,
      5,
      "1111234444445555555",
      1,
      4,
      1
    ],
    [
      36977,
      6,
      "1111234444445556666",
      1,
      4,
      1
    ],
    [
      369,
      5,
      "1111234455555555555",
      1,
      4,
      1
    ],
    [
      262513,
      6,
      "1111234455555555556",
      1,
      4,
      1
    ],
    [
      131441,
      6,
      "1111234455555555566",
      1,
      4,
      1
    ],
    [
      65905,
      6,
      "1111234455555555666",
      1,
      4,
      1
    ],
    [
      33137,
      6,
      "1111234455555556666",
      1,
      4,
      1
    ],
    [
      9,
      2,
      "1112222222222222222",
      4,
      19,
      32768
    ],
    [
      262153,
      3,
      "1112222222222222223",
      2,
      9,
      16384
    ],
    [
      131081,
      3,
      "1112222222222222233",
      4,
      17,
      8192
    ],
    [
      393225,
      4,
      "1112222222222222234",
      4,
      17,
      8192
    ],
    [
      65545,
      3,
      "1112222222222222333",
      1,
      4,
      4096
    ],
    [
      327689,
      4,
      "1112222222222222334",
      1,
      4,
      4096
    ],
    [
      196617,
      4,
      "1112222222222222344",
      1,
      4,
      4096
    ],
    [
      458761,
      5,
      "1112222222222222345",
      1,
      4,
      4096
    ],
    [
      32777,
      3,
      "1112222222222223333",
      4,
      15,
      2048
    ],
    [
      163849,
      4,
      "1112222222222223344",
      4,
      15,
      2048
    ],
    [
      98313,
      4,
      "1112222222222223444",
      4,
      15,
      2048
    ],
    [
      229385,
      5,
      "1112222222222223455",
      4,
      15,
      2048
    ],
    [
      16393,
      3,
      "1112222222222233333",
      2,
      7,
      1024
    ],
    [
      278537,
      4,
      "1112222222222233334",
      2,
      7,
      1024
    ],
    [
      81929,
      4,
      "1112222222222233444",
      2,
      7,
      1024
    ],
    [
      344073,
      5,
      "1112222222222233445",
      2,
      7,
      1024
    ],
    [
      49161,
      4,
      "1112222222222234444",
      2,
      7,
      1024
    ],
    [
      114697,
      5,
      "1112222222222234555",
      2,
      7,
      1024
    ],
    [
      8201,
      3,
      "1112222222222333333",
      4,
      13,
      512
    ],
    [
      270345,
      4,
      "1112222222222333334",
      4,
      13,
      512
    ],
    [
      139273,
      4,
      "1112222222222333344",
      4,
      13,
      512
    ],
    [
      401417,
      5,
      "1112222222222333345",
      4,
      13,
      512
    ],
    [
      40969,
      4,
      "1112222222222334444",
      4,
      13,
      512
    ],
    [
      172041,
      5,
      "1112222222222334455",
      4,
      13,
      512
    ],
    [
      24585,
      4,
      "1112222222222344444",
      4,
      13,
      512
    ],
    [
      286729,
      5,
      "1112222222222344445",
      4,
      13,
      512
    ],
    [
      57353,
      5,
      "1112222222222345555",
      4,
      13,
      512
    ],
    [
      4105,
      3,
      "1112222222223333333",
      1,
      3,
      256
    ],
    [
      266249,
      4,
      "1112222222223333334",
      1,
      3,
      256
    ],
    [
      135177,
      4,
      "1112222222223333344",
      1,
      3,
      256
    ],
    [
      397321,
      5,
      "1112222222223333345",
      1,
      3,
      256
    ],
    [
      69641,
      4,
      "1112222222223333444",
      1,
      3,
      256
    ],
    [
      331785,
      5,
      "1112222222223333445",
      1,
      3,
      256
    ],
    [
      200713,
      5,
      "1112222222223333455",
      1,
      3,
      256
    ],
    [
      462857,
      6,
      "1112222222223333456",
      1,
      3,
      256
    ],
    [
      20489,
      4,
      "1112222222223344444",
      1,
      3,
      256
    ],
    [
      282633,
      5,
      "1112222222223344445",
      1,
      3,
      256
    ],
    [
      86025,
      5,
      "1112222222223344555",
      1,
      3,
      256
    ],
    [
      12297,
      4,
      "1112222222223444444",
      1,
      3,
      256
    ],
    [
      274441,
      5,
      "1112222222223444445",
      1,
      3,
      256
    ],
    [
      143369,
      5,
      "1112222222223444455",
      1,
      3,
      256
    ],
    [
      28681,
      5,
      "1112222222223455555",
      1,
      3,
      256
    ],
    [
      290825,
      6,
      "1112222222223455556",
      1,
      3,
      256
    ],
    [
      2057,
      3,
      "1112222222233333333",
      4,
      11,
      128
    ],
    [
      264201,
      4,
      "1112222222233333334",
      4,
      11,
      128
    ],
    [
      133129,
      4,
      "1112222222233333344",
      4,
      11,
      128
    ],
    [
      395273,
      5,
      "1112222222233333345",
      4,
      11,
      128
    ],
    [
      67593,
      4,
      "1112222222233333444",
      4,
      11,
      128
    ],
    [
      329737,
      5,
      "1112222222233333445",
      4,
      11,
      128
    ],
    [
      198665,
      5,
      "1112222222233333455",
      4,
      11,
      128
    ],
    [
      460809,
      6,
      "1112222222233333456",
      4,
      11,
      128
    ],
    [
      34825,
      4,
      "1112222222233334444",
      4,
      11,
      128
    ],
    [
      165897,
      5,
      "1112222222233334455",
      4,
      11,
      128
    ],
    [
      100361,
      5,
      "1112222222233334555",
      4,
      11,
      128
    ],
    [
      231433,
      6,
      "1112222222233334566",
      4,
      11,
      128
    ],
    [
      10249,
      4,
      "1112222222233444444",
      4,
      11,
      128
    ],
    [
      272393,
      5,
      "1112222222233444445",
      4,
      11,
      128
    ],
    [
      141321,
      5,
      "1112222222233444455",
      4,
      11,
      128
    ],
    [
      403465,
      6,
      "1112222222233444456",
      4,
      11,
      128
    ],
    [
      43017,
      5,
      "1112222222233445555",
      4,
      11,
      128
    ],
    [
      6153,
      4,
      "1112222222234444444",
      4,
      11,
      128
    ],
    [
      268297,
      5,
      "1112222222234444445",
      4,
      11,
      128
    ],
    [
      137225,
      5,
      "1112222222234444455",
      4,
      11,
      128
    ],
    [
      71689,
      5,
      "1112222222234444555",
      4,
      11,
      128
    ],
    [
      333833,
      6,
      "1112222222234444556",
      4,
      11,
      128
    ],
    [
      14345,
      5,
      "1112222222234555555",
      4,
      11,
      128
    ],
    [
      276489,
      6,
      "1112222222234555556",
      4,
      11,
      128
    ],
    [
      145417,
      6,
      "1112222222234555566",
      4,
      11,
      128
    ],
    [
      1033,
      3,
      "1112222222333333333",
      2,
      5,
      64
    ],
    [
      263177,
      4,
      "1112222222333333334",
      2,
      5,
      64
    ],
    [
      132105,
      4,
      "1112222222333333344",
      2,
      5,
      64
    ],
    [
      394249,
      5,
      "1112222222333333345",
      2,
      5,
      64
    ],
    [
      66569,
      4,
      "1112222222333333444",
      2,
      5,
      64
    ],
    [
      328713,
      5,
      "1112222222333333445",
      2,
      5,
      64
    ],
    [
      197641,
      5,
      "1112222222333333455",
      2,
      5,
      64
    ],
    [
      459785,
      6,
      "1112222222333333456",
      2,
      5,
      64
    ],
    [
      33801,
      4,
      "1112222222333334444",
      2,
      5,
      64
    ],
    [
      164873,
      5,
      "1112222222333334455",
      2,
      5,
      64
    ],
    [
      99337,
      5,
      "1112222222333334555",
      2,
      5,
      64
    ],
    [
      230409,
      6,
      "1112222222333334566",
      2,
      5,
      64
    ],
    [
      17417,
      4,
      "1112222222333344444",
      2,
      5,
      64
    ],
    [
      279561,
      5,
      "1112222222333344445",
      2,
      5,
      64
    ],
    [
      82953,
      5,
      "1112222222333344555",
      2,
      5,
      64
    ],
    [
      345097,
      6,
      "1112222222333344556",
      2,
      5,
      64
    ],
    [
      50185,
      5,
      "1112222222333345555",
      2,
      5,
      64
    ],
    [
      115721,
      6,
      "1112222222333345666",
      2,
      5,
      64
    ],
    [
      5129,
      4,
      "1112222222334444444",
      2,
      5,
      64
    ],
    [
      267273,
      5,
      "1112222222334444445",
      2,
      5,
      64
    ],
    [
      136201,
      5,
      "1112222222334444455",
      2,
      5,
      64
    ],
    [
      398345,
      6,
      "1112222222334444456",
      2,
      5,
      64
    ],
    [
      70665,
      5,
      "1112222222334444555",
      2,
      5,
      64
    ],
    [
      201737,
      6,
      "1112222222334444566",
      2,
      5,
      64
    ],
    [
      21513,
      5,
      "1112222222334455555",
      2,
      5,
      64
    ],
    [
      283657,
      6,
      "1112222222334455556",
      2,
      5,
      64
    ],
    [
      3081,
      4,
      "1112222222344444444",
      2,
      5,
      64
    ],
    [
      134153,
      5,
      "1112222222344444455",
      2,
      5,
      64
    ],
    [
      68617,
      5,
      "1112222222344444555",
      2,
      5,
      64
    ],
    [
      35849,
      5,
      "1112222222344445555",
      2,
      5,
      64
    ],
    [
      166921,
      6,
      "1112222222344445566",
      2,
      5,
      64
    ],
    [
      7177,
      5,
      "1112222222345555555",
      2,
      5,
      64
    ],
    [
      138249,
      6,
      "1112222222345555566",
      2,
      5,
      64
    ],
    [
      72713,
      6,
      "1112222222345555666",
      2,
      5,
      64
    ],
    [
      521,
      3,
      "1112222223333333333",
      4,
      9,
      32
    ],
    [
      262665,
      4,
      "1112222223333333334",
      4,
      9,
      32
    ],
    [
      131593,
      4,
      "1112222223333333344",
      4,
      9,
      32
    ],
    [
      393737,
      5,
      "1112222223333333345",
      4,
      9,
      32
    ],
    [
      66057,
      4,
      "1112222223333333444",
      4,
      9,
      32
    ],
    [
      328201,
      5,
      "1112222223333333445",
      4,
      9,
      32
    ],
    [
      197129,
      5,
      "1112222223333333455",
      4,
      9,
      32
    ],
    [
      459273,
      6,
      "1112222223333333456",
      4,
      9,
      32
    ],
    [
      33289,
      4,
      "1112222223333334444",
      4,
      9,
      32
    ],
    [
      164361,
      5,
      "1112222223333334455",
      4,
      9,
      32
    ],
    [
      98825,
      5,
      "1112222223333334555",
      4,
      9,
      32
    ],
    [
      229897,
      6,
      "1112222223333334566",
      4,
      9,
      32
    ],
    [
      16905,
      4,
      "1112222223333344444",
      4,
      9,
      32
    ],
    [
      279049,
      5,
      "1112222223333344445",
      4,
      9,
      32
    ],
    [
      82441,
      5,
      "1112222223333344555",
      4,
      9,
      32
    ],
    [
      344585,
      6,
      "1112222223333344556",
      4,
      9,
      32
    ],
    [
      49673,
      5,
      "1112222223333345555",
      4,
      9,
      32
    ],
    [
      115209,
      6,
      "1112222223333345666",
      4,
      9,
      32
    ],
    [
      8713,
      4,
      "1112222223333444444",
      4,
      9,
      32
    ],
    [
      270857,
      5,
      "1112222223333444445",
      4,
      9,
      32
    ],
    [
      139785,
      5,
      "1112222223333444455",
      4,
      9,
      32
    ],
    [
      401929,
      6,
      "1112222223333444456",
      4,
      9,
      32
    ],
    [
      41481,
      5,
      "1112222223333445555",
      4,
      9,
      32
    ],
    [
      172553,
      6,
      "1112222223333445566",
      4,
      9,
      32
    ],
    [
      25097,
      5,
      "1112222223333455555",
      4,
      9,
      32
    ],
    [
      57865,
      6,
      "1112222223333456666",
      4,
      9,
      32
    ],
    [
      2569,
      4,
      "1112222223344444444",
      4,
      9,
      32
    ],
    [
      264713,
      5,
      "1112222223344444445",
      4,
      9,
      32
    ],
    [
      68105,
      5,
      "1112222223344444555",
      4,
      9,
      32
    ],
    [
      35337,
      5,
      "1112222223344445555",
      4,
      9,
      32
    ],
    [
      100873,
      6,
      "1112222223344445666",
      4,
      9,
      32
    ],
    [
      10761,
      5,
      "1112222223344555555",
      4,
      9,
      32
    ],
    [
      272905,
      6,
      "1112222223344555556",
      4,
      9,
      32
    ],
    [
      1545,
      4,
      "1112222223444444444",
      4,
      9,
      32
    ],
    [
      263689,
      5,
      "1112222223444444445",
      4,
      9,
      32
    ],
    [
      132617,
      5,
      "1112222223444444455",
      4,
      9,
      32
    ],
    [
      34313,
      5,
      "1112222223444445555",
      4,
      9,
      32
    ],
    [
      165385,
      6,
      "1112222223444445566",
      4,
      9,
      32
    ],
    [
      17929,
      5,
      "1112222223444455555",
      4,
      9,
      32
    ],
    [
      280073,
      6,
      "1112222223444455556",
      4,
      9,
      32
    ],
    [
      3593,
      5,
      "1112222223455555555",
      4,
      9,
      32
    ],
    [
      36361,
      6,
      "1112222223455556666",
      4,
      9,
      32
    ],
    [
      265,
      3,
      "1112222233333333333",
      9,
      19,
      32768
    ],
    [
      262409,
      4,
      "1112222233333333334",
      1,
      2,
      16400
    ],
    [
      131337,
      4,
      "1112222233333333344",
      1,
      2,
      16
    ],
    [
      393481,
      5,
      "1112222233333333345",
      1,
      2,
      16
    ],
    [
      65801,
      4,
      "1112222233333333444",
      1,
      2,
      16
    ],
    [
      327945,
      5,
      "1112222233333333445",
      1,
      2,
      16
    ],
    [
      196873,
      5,
      "1112222233333333455",
      1,
      2,
      16
    ],
    [
      459017,
      6,
      "1112222233333333456",
      1,
      2,
      16
    ],
    [
      33033,
      4,
      "1112222233333334444",
      1,
      2,
      16
    ],
    [
      164105,
      5,
      "1112222233333334455",
      1,
      2,
      16
    ],
    [
      98569,
      5,
      "1112222233333334555",
      1,
      2,
      16
    ],
    [
      229641,
      6,
      "1112222233333334566",
      1,
      2,
      16
    ],
    [
      16649,
      4,
      "1112222233333344444",
      1,
      2,
      16
    ],
    [
      278793,
      5,
      "1112222233333344445",
      1,
      2,
      16
    ],
    [
      82185,
      5,
      "1112222233333344555",
      1,
      2,
      16
    ],
    [
      344329,
      6,
      "1112222233333344556",
      1,
      2,
      16
    ],
    [
      49417,
      5,
      "1112222233333345555",
      1,
      2,
      16
    ],
    [
      114953,
      6,
      "1112222233333345666",
      1,
      2,
      16
    ],
    [
      8457,
      4,
      "1112222233333444444",
      1,
      2,
      16
    ],
    [
      139529,
      5,
      "1112222233333444455",
      1,
      2,
      16
    ],
    [
      41225,
      5,
      "1112222233333445555",
      1,
      2,
      16
    ],
    [
      172297,
      6,
      "1112222233333445566",
      1,
      2,
      16
    ],
    [
      24841,
      5,
      "1112222233333455555",
      1,
      2,
      16
    ],
    [
      57609,
      6,
      "1112222233333456666",
      1,
      2,
      16
    ],
    [
      4361,
      4,
      "1112222233334444444",
      1,
      2,
      16
    ],
    [
      266505,
      5,
      "1112222233334444445",
      1,
      2,
      16
    ],
    [
      69897,
      5,
      "1112222233334444555",
      1,
      2,
      16
    ],
    [
      332041,
      6,
      "1112222233334444556",
      1,
      2,
      16
    ],
    [
      20745,
      5,
      "1112222233334455555",
      1,
      2,
      16
    ],
    [
      86281,
      6,
      "1112222233334455666",
      1,
      2,
      16
    ],
    [
      12553,
      5,
      "1112222233334555555",
      1,
      2,
      16
    ],
    [
      28937,
      6,
      "1112222233334566666",
      1,
      2,
      16
    ],
    [
      1289,
      4,
      "1112222233444444444",
      1,
      2,
      16
    ],
    [
      132361,
      5,
      "1112222233444444455",
      1,
      2,
      16
    ],
    [
      66825,
      5,
      "1112222233444444555",
      1,
      2,
      16
    ],
    [
      197897,
      6,
      "1112222233444444566",
      1,
      2,
      16
    ],
    [
      17673,
      5,
      "1112222233444455555",
      1,
      2,
      16
    ],
    [
      5385,
      5,
      "1112222233445555555",
      1,
      2,
      16
    ],
    [
      70921,
      6,
      "1112222233445555666",
      1,
      2,
      16
    ],
    [
      777,
      4,
      "1112222234444444444",
      1,
      2,
      16
    ],
    [
      262921,
      5,
      "1112222234444444445",
      1,
      2,
      16
    ],
    [
      66313,
      5,
      "1112222234444444555",
      1,
      2,
      16
    ],
    [
      328457,
      6,
      "1112222234444444556",
      1,
      2,
      16
    ],
    [
      33545,
      5,
      "1112222234444445555",
      1,
      2,
      16
    ],
    [
      8969,
      5,
      "1112222234444555555",
      1,
      2,
      16
    ],
    [
      41737,
      6,
      "1112222234444556666",
      1,
      2,
      16
    ],
    [
      1801,
      5,
      "1112222234555555555",
      1,
      2,
      16
    ],
    [
      137,
      3,
      "1112222333333333333",
      9,
      19,
      32768
    ],
    [
      262281,
      4,
      "1112222333333333334",
      1,
      2,
      16384
    ],
    [
      131209,
      4,
      "1112222333333333344",
      9,
      17,
      8192
    ],
    [
      393353,
      5,
      "1112222333333333345",
      9,
      17,
      8192
    ],
    [
      65673,
      4,
      "1112222333333333444",
      9,
      16,
      4096
    ],
    [
      327817,
      5,
      "1112222333333333445",
      9,
      16,
      4096
    ],
    [
      196745,
      5,
      "1112222333333333455",
      9,
      16,
      4096
    ],
    [
      458889,
      6,
      "1112222333333333456",
      9,
      16,
      4096
    ],
    [
      32905,
      4,
      "1112222333333334444",
      4,
      7,
      8
    ],
    [
      163977,
      5,
      "1112222333333334455",
      4,
      7,
      8
    ],
    [
      98441,
      5,
      "1112222333333334555",
      4,
      7,
      8
    ],
    [
      229513,
      6,
      "1112222333333334566",
      4,
      7,
      8
    ],
    [
      16521,
      4,
      "1112222333333344444",
      4,
      7,
      8
    ],
    [
      82057,
      5,
      "1112222333333344555",
      4,
      7,
      8
    ],
    [
      49289,
      5,
      "1112222333333345555",
      4,
      7,
      8
    ],
    [
      114825,
      6,
      "1112222333333345666",
      4,
      7,
      8
    ],
    [
      8329,
      4,
      "1112222333333444444",
      4,
      7,
      8
    ],
    [
      270473,
      5,
      "1112222333333444445",
      4,
      7,
      8
    ],
    [
      41097,
      5,
      "1112222333333445555",
      4,
      7,
      8
    ],
    [
      24713,
      5,
      "1112222333333455555",
      4,
      7,
      8
    ],
    [
      57481,
      6,
      "1112222333333456666",
      4,
      7,
      8
    ],
    [
      4233,
      4,
      "1112222333334444444",
      4,
      7,
      8
    ],
    [
      266377,
      5,
      "1112222333334444445",
      4,
      7,
      8
    ],
    [
      135305,
      5,
      "1112222333334444455",
      4,
      7,
      8
    ],
    [
      397449,
      6,
      "1112222333334444456",
      4,
      7,
      8
    ],
    [
      20617,
      5,
      "1112222333334455555",
      4,
      7,
      8
    ],
    [
      12425,
      5,
      "1112222333334555555",
      4,
      7,
      8
    ],
    [
      28809,
      6,
      "1112222333334566666",
      4,
      7,
      8
    ],
    [
      2185,
      4,
      "1112222333344444444",
      4,
      7,
      8
    ],
    [
      133257,
      5,
      "1112222333344444455",
      4,
      7,
      8
    ],
    [
      67721,
      5,
      "1112222333344444555",
      4,
      7,
      8
    ],
    [
      198793,
      6,
      "1112222333344444566",
      4,
      7,
      8
    ],
    [
      10377,
      5,
      "1112222333344555555",
      4,
      7,
      8
    ],
    [
      6281,
      5,
      "1112222333345555555",
      4,
      7,
      8
    ],
    [
      137353,
      6,
      "1112222333345555566",
      4,
      7,
      8
    ],
    [
      14473,
      6,
      "1112222333345666666",
      4,
      7,
      8
    ],
    [
      649,
      4,
      "1112222334444444444",
      4,
      7,
      8
    ],
    [
      262793,
      5,
      "1112222334444444445",
      4,
      7,
      8
    ],
    [
      131721,
      5,
      "1112222334444444455",
      4,
      7,
      8
    ],
    [
      393865,
      6,
      "1112222334444444456",
      4,
      7,
      8
    ],
    [
      33417,
      5,
      "1112222334444445555",
      4,
      7,
      8
    ],
    [
      17033,
      5,
      "1112222334444455555",
      4,
      7,
      8
    ],
    [
      49801,
      6,
      "1112222334444456666",
      4,
      7,
      8
    ],
    [
      2697,
      5,
      "1112222334455555555",
      4,
      7,
      8
    ],
    [
      393,
      4,
      "1112222344444444444",
      4,
      7,
      8
    ],
    [
      262537,
      5,
      "1112222344444444445",
      4,
      7,
      8
    ],
    [
      131465,
      5,
      "1112222344444444455",
      4,
      7,
      8
    ],
    [
      65929,
      5,
      "1112222344444444555",
      4,
      7,
      8
    ],
    [
      328073,
      6,
      "1112222344444444556",
      4,
      7,
      8
    ],
    [
      16777,
      5,
      "1112222344444455555",
      4,
      7,
      8
    ],
    [
      82313,
      6,
      "1112222344444455666",
      4,
      7,
      8
    ],
    [
      8585,
      5,
      "1112222344444555555",
      4,
      7,
      8
    ],
    [
      905,
      5,
      "1112222345555555555",
      4,
      7,
      8
    ],
    [
      263049,
      6,
      "1112222345555555556",
      4,
      7,
      8
    ],
    [
      73,
      3,
      "1112223333333333333",
      9,
      19,
      32768
    ],
    [
      262217,
      4,
      "1112223333333333334",
      1,
      2,
      16384
    ],
    [
      131145,
      4,
      "1112223333333333344",
      9,
      17,
      8192
    ],
    [
      393289,
      5,
      "1112223333333333345",
      9,
      17,
      8192
    ],
    [
      65609,
      4,
      "1112223333333333444",
      9,
      16,
      4096
    ],
    [
      327753,
      5,
      "1112223333333333445",
      9,
      16,
      4096
    ],
    [
      196681,
      5,
      "1112223333333333455",
      9,
      16,
      4096
    ],
    [
      458825,
      6,
      "1112223333333333456",
      9,
      16,
      4096
    ],
    [
      32841,
      4,
      "1112223333333334444",
      3,
      5,
      2048
    ],
    [
      163913,
      5,
      "1112223333333334455",
      3,
      5,
      2048
    ],
    [
      98377,
      5,
      "1112223333333334555",
      3,
      5,
      2048
    ],
    [
      229449,
      6,
      "1112223333333334566",
      3,
      5,
      2048
    ],
    [
      16457,
      4,
      "1112223333333344444",
      9,
      14,
      1024
    ],
    [
      278601,
      5,
      "1112223333333344445",
      9,
      14,
      1024
    ],
    [
      81993,
      5,
      "1112223333333344555",
      9,
      14,
      1024
    ],
    [
      344137,
      6,
      "1112223333333344556",
      9,
      14,
      1024
    ],
    [
      49225,
      5,
      "1112223333333345555",
      9,
      14,
      1024
    ],
    [
      114761,
      6,
      "1112223333333345666",
      9,
      14,
      1024
    ],
    [
      8265,
      4,
      "1112223333333444444",
      2,
      3,
      4
    ],
    [
      270409,
      5,
      "1112223333333444445",
      2,
      3,
      4
    ],
    [
      139337,
      5,
      "1112223333333444455",
      2,
      3,
      4
    ],
    [
      401481,
      6,
      "1112223333333444456",
      2,
      3,
      4
    ],
    [
      41033,
      5,
      "1112223333333445555",
      2,
      3,
      4
    ],
    [
      172105,
      6,
      "1112223333333445566",
      2,
      3,
      4
    ],
    [
      24649,
      5,
      "1112223333333455555",
      2,
      3,
      4
    ],
    [
      286793,
      6,
      "1112223333333455556",
      2,
      3,
      4
    ],
    [
      57417,
      6,
      "1112223333333456666",
      2,
      3,
      4
    ],
    [
      4169,
      4,
      "1112223333334444444",
      2,
      3,
      4
    ],
    [
      135241,
      5,
      "1112223333334444455",
      2,
      3,
      4
    ],
    [
      69705,
      5,
      "1112223333334444555",
      2,
      3,
      4
    ],
    [
      200777,
      6,
      "1112223333334444566",
      2,
      3,
      4
    ],
    [
      20553,
      5,
      "1112223333334455555",
      2,
      3,
      4
    ],
    [
      86089,
      6,
      "1112223333334455666",
      2,
      3,
      4
    ],
    [
      12361,
      5,
      "1112223333334555555",
      2,
      3,
      4
    ],
    [
      143433,
      6,
      "1112223333334555566",
      2,
      3,
      4
    ],
    [
      28745,
      6,
      "1112223333334566666",
      2,
      3,
      4
    ],
    [
      2121,
      4,
      "1112223333344444444",
      2,
      3,
      4
    ],
    [
      264265,
      5,
      "1112223333344444445",
      2,
      3,
      4
    ],
    [
      67657,
      5,
      "1112223333344444555",
      2,
      3,
      4
    ],
    [
      329801,
      6,
      "1112223333344444556",
      2,
      3,
      4
    ],
    [
      34889,
      5,
      "1112223333344445555",
      2,
      3,
      4
    ],
    [
      100425,
      6,
      "1112223333344445666",
      2,
      3,
      4
    ],
    [
      10313,
      5,
      "1112223333344555555",
      2,
      3,
      4
    ],
    [
      43081,
      6,
      "1112223333344556666",
      2,
      3,
      4
    ],
    [
      6217,
      5,
      "1112223333345555555",
      2,
      3,
      4
    ],
    [
      71753,
      6,
      "1112223333345555666",
      2,
      3,
      4
    ],
    [
      14409,
      6,
      "1112223333345666666",
      2,
      3,
      4
    ],
    [
      1097,
      4,
      "1112223333444444444",
      2,
      3,
      4
    ],
    [
      263241,
      5,
      "1112223333444444445",
      2,
      3,
      4
    ],
    [
      132169,
      5,
      "1112223333444444455",
      2,
      3,
      4
    ],
    [
      394313,
      6,
      "1112223333444444456",
      2,
      3,
      4
    ],
    [
      33865,
      5,
      "1112223333444445555",
      2,
      3,
      4
    ],
    [
      164937,
      6,
      "1112223333444445566",
      2,
      3,
      4
    ],
    [
      17481,
      5,
      "1112223333444455555",
      2,
      3,
      4
    ],
    [
      50249,
      6,
      "1112223333444456666",
      2,
      3,
      4
    ],
    [
      5193,
      5,
      "1112223333445555555",
      2,
      3,
      4
    ],
    [
      136265,
      6,
      "1112223333445555566",
      2,
      3,
      4
    ],
    [
      21577,
      6,
      "1112223333445566666",
      2,
      3,
      4
    ],
    [
      3145,
      5,
      "1112223333455555555",
      2,
      3,
      4
    ],
    [
      7241,
      6,
      "1112223333456666666",
      2,
      3,
      4
    ],
    [
      329,
      4,
      "1112223344444444444",
      2,
      3,
      4
    ],
    [
      262473,
      5,
      "1112223344444444445",
      2,
      3,
      4
    ],
    [
      131401,
      5,
      "1112223344444444455",
      2,
      3,
      4
    ],
    [
      393545,
      6,
      "1112223344444444456",
      2,
      3,
      4
    ],
    [
      65865,
      5,
      "1112223344444444555",
      2,
      3,
      4
    ],
    [
      196937,
      6,
      "1112223344444444566",
      2,
      3,
      4
    ],
    [
      33097,
      5,
      "1112223344444445555",
      2,
      3,
      4
    ],
    [
      98633,
      6,
      "1112223344444445666",
      2,
      3,
      4
    ],
    [
      8521,
      5,
      "1112223344444555555",
      2,
      3,
      4
    ],
    [
      139593,
      6,
      "1112223344444555566",
      2,
      3,
      4
    ],
    [
      4425,
      5,
      "1112223344445555555",
      2,
      3,
      4
    ],
    [
      69961,
      6,
      "1112223344445555666",
      2,
      3,
      4
    ],
    [
      12617,
      6,
      "1112223344445666666",
      2,
      3,
      4
    ],
    [
      1353,
      5,
      "1112223344555555555",
      2,
      3,
      4
    ],
    [
      132425,
      6,
      "1112223344555555566",
      2,
      3,
      4
    ],
    [
      201,
      4,
      "1112223444444444444",
      2,
      3,
      4
    ],
    [
      262345,
      5,
      "1112223444444444445",
      2,
      3,
      4
    ],
    [
      131273,
      5,
      "1112223444444444455",
      2,
      3,
      4
    ],
    [
      65737,
      5,
      "1112223444444444555",
      2,
      3,
      4
    ],
    [
      327881,
      6,
      "1112223444444444556",
      2,
      3,
      4
    ],
    [
      32969,
      5,
      "1112223444444445555",
      2,
      3,
      4
    ],
    [
      164041,
      6,
      "1112223444444445566",
      2,
      3,
      4
    ],
    [
      16585,
      5,
      "1112223444444455555",
      2,
      3,
      4
    ],
    [
      82121,
      6,
      "1112223444444455666",
      2,
      3,
      4
    ],
    [
      4297,
      5,
      "1112223444445555555",
      2,
      3,
      4
    ],
    [
      135369,
      6,
      "1112223444445555566",
      2,
      3,
      4
    ],
    [
      20681,
      6,
      "1112223444445566666",
      2,
      3,
      4
    ],
    [
      2249,
      5,
      "1112223444455555555",
      2,
      3,
      4
    ],
    [
      67785,
      6,
      "1112223444455555666",
      2,
      3,
      4
    ],
    [
      457,
      5,
      "1112223455555555555",
      2,
      3,
      4
    ],
    [
      262601,
      6,
      "1112223455555555556",
      2,
      3,
      4
    ],
    [
      131529,
      6,
      "1112223455555555566",
      2,
      3,
      4
    ],
    [
      65993,
      6,
      "1112223455555555666",
      2,
      3,
      4
    ],
    [
      41,
      3,
      "1112233333333333333",
      9,
      19,
      32768
    ],
    [
      262185,
      4,
      "1112233333333333334",
      1,
      2,
      16384
    ],
    [
      131113,
      4,
      "1112233333333333344",
      9,
      17,
      8192
    ],
    [
      393257,
      5,
      "1112233333333333345",
      9,
      17,
      8192
    ],
    [
      65577,
      4,
      "1112233333333333444",
      9,
      16,
      4096
    ],
    [
      196649,
      5,
      "1112233333333333455",
      9,
      16,
      4096
    ],
    [
      32809,
      4,
      "1112233333333334444",
      3,
      5,
      2048
    ],
    [
      98345,
      5,
      "1112233333333334555",
      3,
      5,
      2048
    ],
    [
      16425,
      4,
      "1112233333333344444",
      9,
      14,
      1024
    ],
    [
      278569,
      5,
      "1112233333333344445",
      9,
      14,
      1024
    ],
    [
      49193,
      5,
      "1112233333333345555",
      9,
      14,
      1024
    ],
    [
      8233,
      4,
      "1112233333333444444",
      9,
      13,
      512
    ],
    [
      139305,
      5,
      "1112233333333444455",
      9,
      13,
      512
    ],
    [
      24617,
      5,
      "1112233333333455555",
      9,
      13,
      512
    ],
    [
      4137,
      4,
      "1112233333334444444",
      3,
      4,
      256
    ],
    [
      266281,
      5,
      "1112233333334444445",
      3,
      4,
      256
    ],
    [
      69673,
      5,
      "1112233333334444555",
      3,
      4,
      256
    ],
    [
      12329,
      5,
      "1112233333334555555",
      3,
      4,
      256
    ],
    [
      2089,
      4,
      "1112233333344444444",
      4,
      5,
      2
    ],
    [
      264233,
      5,
      "1112233333344444445",
      4,
      5,
      2
    ],
    [
      133161,
      5,
      "1112233333344444455",
      4,
      5,
      2
    ],
    [
      395305,
      6,
      "1112233333344444456",
      4,
      5,
      2
    ],
    [
      34857,
      5,
      "1112233333344445555",
      4,
      5,
      2
    ],
    [
      6185,
      5,
      "1112233333345555555",
      4,
      5,
      2
    ],
    [
      1065,
      4,
      "1112233333444444444",
      4,
      5,
      2
    ],
    [
      263209,
      5,
      "1112233333444444445",
      4,
      5,
      2
    ],
    [
      132137,
      5,
      "1112233333444444455",
      4,
      5,
      2
    ],
    [
      394281,
      6,
      "1112233333444444456",
      4,
      5,
      2
    ],
    [
      66601,
      5,
      "1112233333444444555",
      4,
      5,
      2
    ],
    [
      197673,
      6,
      "1112233333444444566",
      4,
      5,
      2
    ],
    [
      17449,
      5,
      "1112233333444455555",
      4,
      5,
      2
    ],
    [
      279593,
      6,
      "1112233333444455556",
      4,
      5,
      2
    ],
    [
      3113,
      5,
      "1112233333455555555",
      4,
      5,
      2
    ],
    [
      134185,
      6,
      "1112233333455555566",
      4,
      5,
      2
    ],
    [
      553,
      4,
      "1112233334444444444",
      4,
      5,
      2
    ],
    [
      262697,
      5,
      "1112233334444444445",
      4,
      5,
      2
    ],
    [
      131625,
      5,
      "1112233334444444455",
      4,
      5,
      2
    ],
    [
      393769,
      6,
      "1112233334444444456",
      4,
      5,
      2
    ],
    [
      66089,
      5,
      "1112233334444444555",
      4,
      5,
      2
    ],
    [
      197161,
      6,
      "1112233334444444566",
      4,
      5,
      2
    ],
    [
      33321,
      5,
      "1112233334444445555",
      4,
      5,
      2
    ],
    [
      98857,
      6,
      "1112233334444445666",
      4,
      5,
      2
    ],
    [
      8745,
      5,
      "1112233334444555555",
      4,
      5,
      2
    ],
    [
      1577,
      5,
      "1112233334555555555",
      4,
      5,
      2
    ],
    [
      263721,
      6,
      "1112233334555555556",
      4,
      5,
      2
    ],
    [
      132649,
      6,
      "1112233334555555566",
      4,
      5,
      2
    ],
    [
      169,
      4,
      "1112233444444444444",
      4,
      5,
      2
    ],
    [
      262313,
      5,
      "1112233444444444445",
      4,
      5,
      2
    ],
    [
      131241,
      5,
      "1112233444444444455",
      4,
      5,
      2
    ],
    [
      393385,
      6,
      "1112233444444444456",
      4,
      5,
      2
    ],
    [
      65705,
      5,
      "1112233444444444555",
      4,
      5,
      2
    ],
    [
      196777,
      6,
      "1112233444444444566",
      4,
      5,
      2
    ],
    [
      32937,
      5,
      "1112233444444445555",
      4,
      5,
      2
    ],
    [
      98473,
      6,
      "1112233444444445666",
      4,
      5,
      2
    ],
    [
      16553,
      5,
      "1112233444444455555",
      4,
      5,
      2
    ],
    [
      49321,
      6,
      "1112233444444456666",
      4,
      5,
      2
    ],
    [
      8361,
      5,
      "1112233444444555555",
      4,
      5,
      2
    ],
    [
      24745,
      6,
      "1112233444444566666",
      4,
      5,
      2
    ],
    [
      2217,
      5,
      "1112233444455555555",
      4,
      5,
      2
    ],
    [
      133289,
      6,
      "1112233444455555566",
      4,
      5,
      2
    ],
    [
      105,
      4,
      "1112234444444444444",
      4,
      5,
      2
    ],
    [
      262249,
      5,
      "1112234444444444445",
      4,
      5,
      2
    ],
    [
      131177,
      5,
      "1112234444444444455",
      4,
      5,
      2
    ],
    [
      65641,
      5,
      "1112234444444444555",
      4,
      5,
      2
    ],
    [
      32873,
      5,
      "1112234444444445555",
      4,
      5,
      2
    ],
    [
      16489,
      5,
      "1112234444444455555",
      4,
      5,
      2
    ],
    [
      278633,
      6,
      "1112234444444455556",
      4,
      5,
      2
    ],
    [
      8297,
      5,
      "1112234444444555555",
      4,
      5,
      2
    ],
    [
      139369,
      6,
      "1112234444444555566",
      4,
      5,
      2
    ],
    [
      4201,
      5,
      "1112234444445555555",
      4,
      5,
      2
    ],
    [
      69737,
      6,
      "1112234444445555666",
      4,
      5,
      2
    ],
    [
      1129,
      5,
      "1112234444555555555",
      4,
      5,
      2
    ],
    [
      263273,
      6,
      "1112234444555555556",
      4,
      5,
      2
    ],
    [
      132201,
      6,
      "1112234444555555566",
      4,
      5,
      2
    ],
    [
      17513,
      6,
      "1112234444555566666",
      4,
      5,
      2
    ],
    [
      233,
      5,
      "1112234555555555555",
      4,
      5,
      2
    ],
    [
      262377,
      6,
      "1112234555555555556",
      4,
      5,
      2
    ],
    [
      131305,
      6,
      "1112234555555555566",
      4,
      5,
      2
    ],
    [
      65769,
      6,
      "1112234555555555666",
      4,
      5,
      2
    ],
    [
      33001,
      6,
      "1112234555555556666",
      4,
      5,
      2
    ],
    [
      16617,
      6,
      "1112234555555566666",
      4,
      5,
      2
    ],
    [
      25,
      3,
      "1112333333333333333",
      9,
      19,
      32768
    ],
    [
      262169,
      4,
      "1112333333333333334",
      1,
      2,
      16384
    ],
    [
      131097,
      4,
      "1112333333333333344",
      9,
      17,
      8192
    ],
    [
      65561,
      4,
      "1112333333333333444",
      9,
      16,
      4096
    ],
    [
      327705,
      5,
      "1112333333333333445",
      9,
      16,
      4096
    ],
    [
      32793,
      4,
      "1112333333333334444",
      3,
      5,
      2048
    ],
    [
      163865,
      5,
      "1112333333333334455",
      3,
      5,
      2048
    ],
    [
      16409,
      4,
      "1112333333333344444",
      9,
      14,
      1024
    ],
    [
      81945,
      5,
      "1112333333333344555",
      9,
      14,
      1024
    ],
    [
      8217,
      4,
      "1112333333333444444",
      9,
      13,
      512
    ],
    [
      270361,
      5,
      "1112333333333444445",
      9,
      13,
      512
    ],
    [
      40985,
      5,
      "1112333333333445555",
      9,
      13,
      512
    ],
    [
      4121,
      4,
      "1112333333334444444",
      3,
      4,
      256
    ],
    [
      266265,
      5,
      "1112333333334444445",
      3,
      4,
      256
    ],
    [
      135193,
      5,
      "1112333333334444455",
      3,
      4,
      256
    ],
    [
      20505,
      5,
      "1112333333334455555",
      3,
      4,
      256
    ],
    [
      2073,
      4,
      "1112333333344444444",
      9,
      11,
      128
    ],
    [
      264217,
      5,
      "1112333333344444445",
      9,
      11,
      128
    ],
    [
      133145,
      5,
      "1112333333344444455",
      9,
      11,
      128
    ],
    [
      67609,
      5,
      "1112333333344444555",
      9,
      11,
      128
    ],
    [
      329753,
      6,
      "1112333333344444556",
      9,
      11,
      128
    ],
    [
      10265,
      5,
      "1112333333344555555",
      9,
      11,
      128
    ],
    [
      272409,
      6,
      "1112333333344555556",
      9,
      11,
      128
    ],
    [
      1049,
      4,
      "1112333333444444444",
      16,
      19,
      32768
    ],
    [
      263193,
      5,
      "1112333333444444445",
      8,
      9,
      16384
    ],
    [
      132121,
      5,
      "1112333333444444455",
      9,
      10,
      64
    ],
    [
      66585,
      5,
      "1112333333444444555",
      9,
      10,
      64
    ],
    [
      328729,
      6,
      "1112333333444444556",
      9,
      10,
      64
    ],
    [
      33817,
      5,
      "1112333333444445555",
      9,
      10,
      64
    ],
    [
      164889,
      6,
      "1112333333444445566",
      9,
      10,
      64
    ],
    [
      5145,
      5,
      "1112333333445555555",
      9,
      10,
      64
    ],
    [
      136217,
      6,
      "1112333333445555566",
      9,
      10,
      64
    ],
    [
      537,
      4,
      "1112333334444444444",
      16,
      19,
      32768
    ],
    [
      262681,
      5,
      "1112333334444444445",
      8,
      9,
      16384
    ],
    [
      131609,
      5,
      "1112333334444444455",
      16,
      17,
      8192
    ],
    [
      66073,
      5,
      "1112333334444444555",
      1,
      1,
      4129
    ],
    [
      328217,
      6,
      "1112333334444444556",
      1,
      1,
      4129
    ],
    [
      33305,
      5,
      "1112333334444445555",
      1,
      1,
      33
    ],
    [
      164377,
      6,
      "1112333334444445566",
      1,
      1,
      33
    ],
    [
      16921,
      5,
      "1112333334444455555",
      1,
      1,
      33
    ],
    [
      82457,
      6,
      "1112333334444455666",
      1,
      1,
      33
    ],
    [
      2585,
      5,
      "1112333334455555555",
      1,
      1,
      33
    ],
    [
      264729,
      6,
      "1112333334455555556",
      1,
      1,
      33
    ],
    [
      281,
      4,
      "1112333344444444444",
      16,
      19,
      32768
    ],
    [
      262425,
      5,
      "1112333344444444445",
      8,
      9,
      16384
    ],
    [
      131353,
      5,
      "1112333344444444455",
      16,
      17,
      8192
    ],
    [
      65817,
      5,
      "1112333344444444555",
      1,
      1,
      4097
    ],
    [
      327961,
      6,
      "1112333344444444556",
      1,
      1,
      4097
    ],
    [
      33049,
      5,
      "1112333344444445555",
      1,
      1,
      1
    ],
    [
      164121,
      6,
      "1112333344444445566",
      1,
      1,
      1
    ],
    [
      16665,
      5,
      "1112333344444455555",
      1,
      1,
      1
    ],
    [
      82201,
      6,
      "1112333344444455666",
      1,
      1,
      1
    ],
    [
      8473,
      5,
      "1112333344444555555",
      1,
      1,
      1
    ],
    [
      41241,
      6,
      "1112333344444556666",
      1,
      1,
      1
    ],
    [
      1305,
      5,
      "1112333344555555555",
      1,
      1,
      1
    ],
    [
      132377,
      6,
      "1112333344555555566",
      1,
      1,
      1
    ],
    [
      66841,
      6,
      "1112333344555555666",
      1,
      1,
      1
    ],
    [
      89,
      4,
      "1112334444444444444",
      16,
      19,
      32768
    ],
    [
      262233,
      5,
      "1112334444444444445",
      8,
      9,
      16384
    ],
    [
      131161,
      5,
      "1112334444444444455",
      16,
      17,
      8192
    ],
    [
      65625,
      5,
      "1112334444444444555",
      1,
      1,
      4097
    ],
    [
      32857,
      5,
      "1112334444444445555",
      1,
      1,
      1
    ],
    [
      16473,
      5,
      "1112334444444455555",
      1,
      1,
      1
    ],
    [
      8281,
      5,
      "1112334444444555555",
      1,
      1,
      1
    ],
    [
      270425,
      6,
      "1112334444444555556",
      1,
      1,
      1
    ],
    [
      4185,
      5,
      "1112334444445555555",
      1,
      1,
      1
    ],
    [
      135257,
      6,
      "1112334444445555566",
      1,
      1,
      1
    ],
    [
      2137,
      5,
      "1112334444455555555",
      1,
      1,
      1
    ],
    [
      264281,
      6,
      "1112334444455555556",
      1,
      1,
      1
    ],
    [
      67673,
      6,
      "1112334444455555666",
      1,
      1,
      1
    ],
    [
      345,
      5,
      "1112334455555555555",
      1,
      1,
      1
    ],
    [
      262489,
      6,
      "1112334455555555556",
      1,
      1,
      1
    ],
    [
      131417,
      6,
      "1112334455555555566",
      1,
      1,
      1
    ],
    [
      65881,
      6,
      "1112334455555555666",
      1,
      1,
      1
    ],
    [
      33113,
      6,
      "1112334455555556666",
      1,
      1,
      1
    ],
    [
      8537,
      6,
      "1112334455555666666",
      1,
      1,
      1
    ],
    [
      57,
      4,
      "1112344444444444444",
      16,
      19,
      32768
    ],
    [
      262201,
      5,
      "1112344444444444445",
      8,
      9,
      16384
    ],
    [
      131129,
      5,
      "1112344444444444455",
      16,
      17,
      8192
    ],
    [
      65593,
      5,
      "1112344444444444555",
      1,
      1,
      4097
    ],
    [
      32825,
      5,
      "1112344444444445555",
      1,
      1,
      1
    ],
    [
      16441,
      5,
      "1112344444444455555",
      1,
      1,
      1
    ],
    [
      8249,
      5,
      "1112344444444555555",
      1,
      1,
      1
    ],
    [
      4153,
      5,
      "1112344444445555555",
      1,
      1,
      1
    ],
    [
      266297,
      6,
      "1112344444445555556",
      1,
      1,
      1
    ],
    [
      2105,
      5,
      "1112344444455555555",
      1,
      1,
      1
    ],
    [
      264249,
      6,
      "1112344444455555556",
      1,
      1,
      1
    ],
    [
      133177,
      6,
      "1112344444455555566",
      1,
      1,
      1
    ],
    [
      1081,
      5,
      "1112344444555555555",
      1,
      1,
      1
    ],
    [
      263225,
      6,
      "1112344444555555556",
      1,
      1,
      1
    ],
    [
      132153,
      6,
      "1112344444555555566",
      1,
      1,
      1
    ],
    [
      66617,
      6,
      "1112344444555555666",
      1,
      1,
      1
    ],
    [
      5,
      2,
      "1122222222222222222",
      4,
      19,
      32768
    ],
    [
      262149,
      3,
      "1122222222222222223",
      2,
      9,
      16384
    ],
    [
      131077,
      3,
      "1122222222222222233",
      4,
      17,
      8192
    ],
    [
      393221,
      4,
      "1122222222222222234",
      4,
      17,
      8192
    ],
    [
      65541,
      3,
      "1122222222222222333",
      1,
      4,
      4096
    ],
    [
      196613,
      4,
      "1122222222222222344",
      1,
      4,
      4096
    ],
    [
      32773,
      3,
      "1122222222222223333",
      4,
      15,
      2048
    ],
    [
      294917,
      4,
      "1122222222222223334",
      4,
      15,
      2048
    ],
    [
      98309,
      4,
      "1122222222222223444",
      4,
      15,
      2048
    ],
    [
      16389,
      3,
      "1122222222222233333",
      2,
      7,
      1024
    ],
    [
      278533,
      4,
      "1122222222222233334",
      2,
      7,
      1024
    ],
    [
      147461,
      4,
      "1122222222222233344",
      2,
      7,
      1024
    ],
    [
      409605,
      5,
      "1122222222222233345",
      2,
      7,
      1024
    ],
    [
      49157,
      4,
      "1122222222222234444",
      2,
      7,
      1024
    ],
    [
      311301,
      5,
      "1122222222222234445",
      2,
      7,
      1024
    ],
    [
      8197,
      3,
      "1122222222222333333",
      4,
      13,
      512
    ],
    [
      270341,
      4,
      "1122222222222333334",
      4,
      13,
      512
    ],
    [
      139269,
      4,
      "1122222222222333344",
      4,
      13,
      512
    ],
    [
      401413,
      5,
      "1122222222222333345",
      4,
      13,
      512
    ],
    [
      73733,
      4,
      "1122222222222333444",
      4,
      13,
      512
    ],
    [
      204805,
      5,
      "1122222222222333455",
      4,
      13,
      512
    ],
    [
      24581,
      4,
      "1122222222222344444",
      4,
      13,
      512
    ],
    [
      286725,
      5,
      "1122222222222344445",
      4,
      13,
      512
    ],
    [
      155653,
      5,
      "1122222222222344455",
      4,
      13,
      512
    ],
    [
      4101,
      3,
      "1122222222223333333",
      1,
      3,
      256
    ],
    [
      266245,
      4,
      "1122222222223333334",
      1,
      3,
      256
    ],
    [
      135173,
      4,
      "1122222222223333344",
      1,
      3,
      256
    ],
    [
      397317,
      5,
      "1122222222223333345",
      1,
      3,
      256
    ],
    [
      69637,
      4,
      "1122222222223333444",
      1,
      3,
      256
    ],
    [
      200709,
      5,
      "1122222222223333455",
      1,
      3,
      256
    ],
    [
      36869,
      4,
      "1122222222223334444",
      1,
      3,
      256
    ],
    [
      299013,
      5,
      "1122222222223334445",
      1,
      3,
      256
    ],
    [
      102405,
      5,
      "1122222222223334555",
      1,
      3,
      256
    ],
    [
      12293,
      4,
      "1122222222223444444",
      1,
      3,
      256
    ],
    [
      274437,
      5,
      "1122222222223444445",
      1,
      3,
      256
    ],
    [
      143365,
      5,
      "1122222222223444455",
      1,
      3,
      256
    ],
    [
      77829,
      5,
      "1122222222223444555",
      1,
      3,
      256
    ],
    [
      2053,
      3,
      "1122222222233333333",
      4,
      11,
      128
    ],
    [
      264197,
      4,
      "1122222222233333334",
      4,
      11,
      128
    ],
    [
      133125,
      4,
      "1122222222233333344",
      4,
      11,
      128
    ],
    [
      395269,
      5,
      "1122222222233333345",
      4,
      11,
      128
    ],
    [
      67589,
      4,
      "1122222222233333444",
      4,
      11,
      128
    ],
    [
      198661,
      5,
      "1122222222233333455",
      4,
      11,
      128
    ],
    [
      34821,
      4,
      "1122222222233334444",
      4,
      11,
      128
    ],
    [
      296965,
      5,
      "1122222222233334445",
      4,
      11,
      128
    ],
    [
      100357,
      5,
      "1122222222233334555",
      4,
      11,
      128
    ],
    [
      18437,
      4,
      "1122222222233344444",
      4,
      11,
      128
    ],
    [
      280581,
      5,
      "1122222222233344445",
      4,
      11,
      128
    ],
    [
      149509,
      5,
      "1122222222233344455",
      4,
      11,
      128
    ],
    [
      411653,
      6,
      "1122222222233344456",
      4,
      11,
      128
    ],
    [
      51205,
      5,
      "1122222222233345555",
      4,
      11,
      128
    ],
    [
      6149,
      4,
      "1122222222234444444",
      4,
      11,
      128
    ],
    [
      268293,
      5,
      "1122222222234444445",
      4,
      11,
      128
    ],
    [
      137221,
      5,
      "1122222222234444455",
      4,
      11,
      128
    ],
    [
      71685,
      5,
      "1122222222234444555",
      4,
      11,
      128
    ],
    [
      38917,
      5,
      "1122222222234445555",
      4,
      11,
      128
    ],
    [
      301061,
      6,
      "1122222222234445556",
      4,
      11,
      128
    ],
    [
      1029,
      3,
      "1122222222333333333",
      2,
      5,
      64
    ],
    [
      263173,
      4,
      "1122222222333333334",
      2,
      5,
      64
    ],
    [
      132101,
      4,
      "1122222222333333344",
      2,
      5,
      64
    ],
    [
      394245,
      5,
      "1122222222333333345",
      2,
      5,
      64
    ],
    [
      66565,
      4,
      "1122222222333333444",
      2,
      5,
      64
    ],
    [
      197637,
      5,
      "1122222222333333455",
      2,
      5,
      64
    ],
    [
      33797,
      4,
      "1122222222333334444",
      2,
      5,
      64
    ],
    [
      295941,
      5,
      "1122222222333334445",
      2,
      5,
      64
    ],
    [
      99333,
      5,
      "1122222222333334555",
      2,
      5,
      64
    ],
    [
      17413,
      4,
      "1122222222333344444",
      2,
      5,
      64
    ],
    [
      279557,
      5,
      "1122222222333344445",
      2,
      5,
      64
    ],
    [
      148485,
      5,
      "1122222222333344455",
      2,
      5,
      64
    ],
    [
      410629,
      6,
      "1122222222333344456",
      2,
      5,
      64
    ],
    [
      50181,
      5,
      "1122222222333345555",
      2,
      5,
      64
    ],
    [
      312325,
      6,
      "1122222222333345556",
      2,
      5,
      64
    ],
    [
      9221,
      4,
      "1122222222333444444",
      2,
      5,
      64
    ],
    [
      271365,
      5,
      "1122222222333444445",
      2,
      5,
      64
    ],
    [
      140293,
      5,
      "1122222222333444455",
      2,
      5,
      64
    ],
    [
      402437,
      6,
      "1122222222333444456",
      2,
      5,
      64
    ],
    [
      74757,
      5,
      "1122222222333444555",
      2,
      5,
      64
    ],
    [
      205829,
      6,
      "1122222222333444566",
      2,
      5,
      64
    ],
    [
      25605,
      5,
      "1122222222333455555",
      2,
      5,
      64
    ],
    [
      287749,
      6,
      "1122222222333455556",
      2,
      5,
      64
    ],
    [
      3077,
      4,
      "1122222222344444444",
      2,
      5,
      64
    ],
    [
      265221,
      5,
      "1122222222344444445",
      2,
      5,
      64
    ],
    [
      134149,
      5,
      "1122222222344444455",
      2,
      5,
      64
    ],
    [
      68613,
      5,
      "1122222222344444555",
      2,
      5,
      64
    ],
    [
      35845,
      5,
      "1122222222344445555",
      2,
      5,
      64
    ],
    [
      297989,
      6,
      "1122222222344445556",
      2,
      5,
      64
    ],
    [
      19461,
      5,
      "1122222222344455555",
      2,
      5,
      64
    ],
    [
      281605,
      6,
      "1122222222344455556",
      2,
      5,
      64
    ],
    [
      150533,
      6,
      "1122222222344455566",
      2,
      5,
      64
    ],
    [
      517,
      3,
      "1122222223333333333",
      4,
      9,
      32
    ],
    [
      262661,
      4,
      "1122222223333333334",
      4,
      9,
      32
    ],
    [
      131589,
      4,
      "1122222223333333344",
      4,
      9,
      32
    ],
    [
      393733,
      5,
      "1122222223333333345",
      4,
      9,
      32
    ],
    [
      66053,
      4,
      "1122222223333333444",
      4,
      9,
      32
    ],
    [
      197125,
      5,
      "1122222223333333455",
      4,
      9,
      32
    ],
    [
      33285,
      4,
      "1122222223333334444",
      4,
      9,
      32
    ],
    [
      295429,
      5,
      "1122222223333334445",
      4,
      9,
      32
    ],
    [
      98821,
      5,
      "1122222223333334555",
      4,
      9,
      32
    ],
    [
      16901,
      4,
      "1122222223333344444",
      4,
      9,
      32
    ],
    [
      279045,
      5,
      "1122222223333344445",
      4,
      9,
      32
    ],
    [
      147973,
      5,
      "1122222223333344455",
      4,
      9,
      32
    ],
    [
      410117,
      6,
      "1122222223333344456",
      4,
      9,
      32
    ],
    [
      49669,
      5,
      "1122222223333345555",
      4,
      9,
      32
    ],
    [
      311813,
      6,
      "1122222223333345556",
      4,
      9,
      32
    ],
    [
      8709,
      4,
      "1122222223333444444",
      4,
      9,
      32
    ],
    [
      270853,
      5,
      "1122222223333444445",
      4,
      9,
      32
    ],
    [
      139781,
      5,
      "1122222223333444455",
      4,
      9,
      32
    ],
    [
      401925,
      6,
      "1122222223333444456",
      4,
      9,
      32
    ],
    [
      74245,
      5,
      "1122222223333444555",
      4,
      9,
      32
    ],
    [
      205317,
      6,
      "1122222223333444566",
      4,
      9,
      32
    ],
    [
      25093,
      5,
      "1122222223333455555",
      4,
      9,
      32
    ],
    [
      156165,
      6,
      "1122222223333455566",
      4,
      9,
      32
    ],
    [
      4613,
      4,
      "1122222223334444444",
      4,
      9,
      32
    ],
    [
      266757,
      5,
      "1122222223334444445",
      4,
      9,
      32
    ],
    [
      135685,
      5,
      "1122222223334444455",
      4,
      9,
      32
    ],
    [
      397829,
      6,
      "1122222223334444456",
      4,
      9,
      32
    ],
    [
      70149,
      5,
      "1122222223334444555",
      4,
      9,
      32
    ],
    [
      201221,
      6,
      "1122222223334444566",
      4,
      9,
      32
    ],
    [
      37381,
      5,
      "1122222223334445555",
      4,
      9,
      32
    ],
    [
      102917,
      6,
      "1122222223334445666",
      4,
      9,
      32
    ],
    [
      12805,
      5,
      "1122222223334555555",
      4,
      9,
      32
    ],
    [
      274949,
      6,
      "1122222223334555556",
      4,
      9,
      32
    ],
    [
      143877,
      6,
      "1122222223334555566",
      4,
      9,
      32
    ],
    [
      1541,
      4,
      "1122222223444444444",
      4,
      9,
      32
    ],
    [
      263685,
      5,
      "1122222223444444445",
      4,
      9,
      32
    ],
    [
      67077,
      5,
      "1122222223444444555",
      4,
      9,
      32
    ],
    [
      34309,
      5,
      "1122222223444445555",
      4,
      9,
      32
    ],
    [
      296453,
      6,
      "1122222223444445556",
      4,
      9,
      32
    ],
    [
      17925,
      5,
      "1122222223444455555",
      4,
      9,
      32
    ],
    [
      280069,
      6,
      "1122222223444455556",
      4,
      9,
      32
    ],
    [
      9733,
      5,
      "1122222223444555555",
      4,
      9,
      32
    ],
    [
      271877,
      6,
      "1122222223444555556",
      4,
      9,
      32
    ],
    [
      75269,
      6,
      "1122222223444555666",
      4,
      9,
      32
    ],
    [
      261,
      3,
      "1122222233333333333",
      9,
      19,
      32768
    ],
    [
      262405,
      4,
      "1122222233333333334",
      1,
      2,
      16400
    ],
    [
      131333,
      4,
      "1122222233333333344",
      1,
      2,
      16
    ],
    [
      393477,
      5,
      "1122222233333333345",
      1,
      2,
      16
    ],
    [
      65797,
      4,
      "1122222233333333444",
      1,
      2,
      16
    ],
    [
      196869,
      5,
      "1122222233333333455",
      1,
      2,
      16
    ],
    [
      33029,
      4,
      "1122222233333334444",
      1,
      2,
      16
    ],
    [
      295173,
      5,
      "1122222233333334445",
      1,
      2,
      16
    ],
    [
      98565,
      5,
      "1122222233333334555",
      1,
      2,
      16
    ],
    [
      16645,
      4,
      "1122222233333344444",
      1,
      2,
      16
    ],
    [
      278789,
      5,
      "1122222233333344445",
      1,
      2,
      16
    ],
    [
      147717,
      5,
      "1122222233333344455",
      1,
      2,
      16
    ],
    [
      409861,
      6,
      "1122222233333344456",
      1,
      2,
      16
    ],
    [
      49413,
      5,
      "1122222233333345555",
      1,
      2,
      16
    ],
    [
      311557,
      6,
      "1122222233333345556",
      1,
      2,
      16
    ],
    [
      8453,
      4,
      "1122222233333444444",
      1,
      2,
      16
    ],
    [
      270597,
      5,
      "1122222233333444445",
      1,
      2,
      16
    ],
    [
      139525,
      5,
      "1122222233333444455",
      1,
      2,
      16
    ],
    [
      401669,
      6,
      "1122222233333444456",
      1,
      2,
      16
    ],
    [
      73989,
      5,
      "1122222233333444555",
      1,
      2,
      16
    ],
    [
      205061,
      6,
      "1122222233333444566",
      1,
      2,
      16
    ],
    [
      24837,
      5,
      "1122222233333455555",
      1,
      2,
      16
    ],
    [
      286981,
      6,
      "1122222233333455556",
      1,
      2,
      16
    ],
    [
      155909,
      6,
      "1122222233333455566",
      1,
      2,
      16
    ],
    [
      4357,
      4,
      "1122222233334444444",
      1,
      2,
      16
    ],
    [
      135429,
      5,
      "1122222233334444455",
      1,
      2,
      16
    ],
    [
      69893,
      5,
      "1122222233334444555",
      1,
      2,
      16
    ],
    [
      200965,
      6,
      "1122222233334444566",
      1,
      2,
      16
    ],
    [
      37125,
      5,
      "1122222233334445555",
      1,
      2,
      16
    ],
    [
      102661,
      6,
      "1122222233334445666",
      1,
      2,
      16
    ],
    [
      12549,
      5,
      "1122222233334555555",
      1,
      2,
      16
    ],
    [
      78085,
      6,
      "1122222233334555666",
      1,
      2,
      16
    ],
    [
      2309,
      4,
      "1122222233344444444",
      1,
      2,
      16
    ],
    [
      264453,
      5,
      "1122222233344444445",
      1,
      2,
      16
    ],
    [
      67845,
      5,
      "1122222233344444555",
      1,
      2,
      16
    ],
    [
      35077,
      5,
      "1122222233344445555",
      1,
      2,
      16
    ],
    [
      100613,
      6,
      "1122222233344445666",
      1,
      2,
      16
    ],
    [
      18693,
      5,
      "1122222233344455555",
      1,
      2,
      16
    ],
    [
      280837,
      6,
      "1122222233344455556",
      1,
      2,
      16
    ],
    [
      51461,
      6,
      "1122222233344456666",
      1,
      2,
      16
    ],
    [
      6405,
      5,
      "1122222233345555555",
      1,
      2,
      16
    ],
    [
      71941,
      6,
      "1122222233345555666",
      1,
      2,
      16
    ],
    [
      773,
      4,
      "1122222234444444444",
      1,
      2,
      16
    ],
    [
      262917,
      5,
      "1122222234444444445",
      1,
      2,
      16
    ],
    [
      66309,
      5,
      "1122222234444444555",
      1,
      2,
      16
    ],
    [
      17157,
      5,
      "1122222234444455555",
      1,
      2,
      16
    ],
    [
      279301,
      6,
      "1122222234444455556",
      1,
      2,
      16
    ],
    [
      8965,
      5,
      "1122222234444555555",
      1,
      2,
      16
    ],
    [
      271109,
      6,
      "1122222234444555556",
      1,
      2,
      16
    ],
    [
      74501,
      6,
      "1122222234444555666",
      1,
      2,
      16
    ],
    [
      4869,
      5,
      "1122222234445555555",
      1,
      2,
      16
    ],
    [
      70405,
      6,
      "1122222234445555666",
      1,
      2,
      16
    ],
    [
      133,
      3,
      "1122222333333333333",
      9,
      19,
      32768
    ],
    [
      262277,
      4,
      "1122222333333333334",
      1,
      2,
      16384
    ],
    [
      131205,
      4,
      "1122222333333333344",
      9,
      17,
      8192
    ],
    [
      393349,
      5,
      "1122222333333333345",
      9,
      17,
      8192
    ],
    [
      65669,
      4,
      "1122222333333333444",
      9,
      16,
      4096
    ],
    [
      196741,
      5,
      "1122222333333333455",
      9,
      16,
      4096
    ],
    [
      32901,
      4,
      "1122222333333334444",
      4,
      7,
      8
    ],
    [
      295045,
      5,
      "1122222333333334445",
      4,
      7,
      8
    ],
    [
      98437,
      5,
      "1122222333333334555",
      4,
      7,
      8
    ],
    [
      16517,
      4,
      "1122222333333344444",
      4,
      7,
      8
    ],
    [
      278661,
      5,
      "1122222333333344445",
      4,
      7,
      8
    ],
    [
      147589,
      5,
      "1122222333333344455",
      4,
      7,
      8
    ],
    [
      409733,
      6,
      "1122222333333344456",
      4,
      7,
      8
    ],
    [
      49285,
      5,
      "1122222333333345555",
      4,
      7,
      8
    ],
    [
      311429,
      6,
      "1122222333333345556",
      4,
      7,
      8
    ],
    [
      8325,
      4,
      "1122222333333444444",
      4,
      7,
      8
    ],
    [
      139397,
      5,
      "1122222333333444455",
      4,
      7,
      8
    ],
    [
      73861,
      5,
      "1122222333333444555",
      4,
      7,
      8
    ],
    [
      204933,
      6,
      "1122222333333444566",
      4,
      7,
      8
    ],
    [
      24709,
      5,
      "1122222333333455555",
      4,
      7,
      8
    ],
    [
      155781,
      6,
      "1122222333333455566",
      4,
      7,
      8
    ],
    [
      4229,
      4,
      "1122222333334444444",
      4,
      7,
      8
    ],
    [
      266373,
      5,
      "1122222333334444445",
      4,
      7,
      8
    ],
    [
      69765,
      5,
      "1122222333334444555",
      4,
      7,
      8
    ],
    [
      36997,
      5,
      "1122222333334445555",
      4,
      7,
      8
    ],
    [
      299141,
      6,
      "1122222333334445556",
      4,
      7,
      8
    ],
    [
      102533,
      6,
      "1122222333334445666",
      4,
      7,
      8
    ],
    [
      12421,
      5,
      "1122222333334555555",
      4,
      7,
      8
    ],
    [
      77957,
      6,
      "1122222333334555666",
      4,
      7,
      8
    ],
    [
      2181,
      4,
      "1122222333344444444",
      4,
      7,
      8
    ],
    [
      133253,
      5,
      "1122222333344444455",
      4,
      7,
      8
    ],
    [
      34949,
      5,
      "1122222333344445555",
      4,
      7,
      8
    ],
    [
      18565,
      5,
      "1122222333344455555",
      4,
      7,
      8
    ],
    [
      149637,
      6,
      "1122222333344455566",
      4,
      7,
      8
    ],
    [
      51333,
      6,
      "1122222333344456666",
      4,
      7,
      8
    ],
    [
      6277,
      5,
      "1122222333345555555",
      4,
      7,
      8
    ],
    [
      39045,
      6,
      "1122222333345556666",
      4,
      7,
      8
    ],
    [
      1157,
      4,
      "1122222333444444444",
      4,
      7,
      8
    ],
    [
      263301,
      5,
      "1122222333444444445",
      4,
      7,
      8
    ],
    [
      66693,
      5,
      "1122222333444444555",
      4,
      7,
      8
    ],
    [
      17541,
      5,
      "1122222333444455555",
      4,
      7,
      8
    ],
    [
      279685,
      6,
      "1122222333444455556",
      4,
      7,
      8
    ],
    [
      9349,
      5,
      "1122222333444555555",
      4,
      7,
      8
    ],
    [
      25733,
      6,
      "1122222333444566666",
      4,
      7,
      8
    ],
    [
      3205,
      5,
      "1122222333455555555",
      4,
      7,
      8
    ],
    [
      389,
      4,
      "1122222344444444444",
      4,
      7,
      8
    ],
    [
      262533,
      5,
      "1122222344444444445",
      4,
      7,
      8
    ],
    [
      131461,
      5,
      "1122222344444444455",
      4,
      7,
      8
    ],
    [
      65925,
      5,
      "1122222344444444555",
      4,
      7,
      8
    ],
    [
      16773,
      5,
      "1122222344444455555",
      4,
      7,
      8
    ],
    [
      278917,
      6,
      "1122222344444455556",
      4,
      7,
      8
    ],
    [
      147845,
      6,
      "1122222344444455566",
      4,
      7,
      8
    ],
    [
      4485,
      5,
      "1122222344445555555",
      4,
      7,
      8
    ],
    [
      70021,
      6,
      "1122222344445555666",
      4,
      7,
      8
    ],
    [
      2437,
      5,
      "1122222344455555555",
      4,
      7,
      8
    ],
    [
      18821,
      6,
      "1122222344455566666",
      4,
      7,
      8
    ],
    [
      69,
      3,
      "1122223333333333333",
      9,
      19,
      32768
    ],
    [
      262213,
      4,
      "1122223333333333334",
      1,
      2,
      16384
    ],
    [
      131141,
      4,
      "1122223333333333344",
      9,
      17,
      8192
    ],
    [
      393285,
      5,
      "1122223333333333345",
      9,
      17,
      8192
    ],
    [
      65605,
      4,
      "1122223333333333444",
      9,
      16,
      4096
    ],
    [
      196677,
      5,
      "1122223333333333455",
      9,
      16,
      4096
    ],
    [
      32837,
      4,
      "1122223333333334444",
      3,
      5,
      2048
    ],
    [
      294981,
      5,
      "1122223333333334445",
      3,
      5,
      2048
    ],
    [
      98373,
      5,
      "1122223333333334555",
      3,
      5,
      2048
    ],
    [
      16453,
      4,
      "1122223333333344444",
      9,
      14,
      1024
    ],
    [
      147525,
      5,
      "1122223333333344455",
      9,
      14,
      1024
    ],
    [
      49221,
      5,
      "1122223333333345555",
      9,
      14,
      1024
    ],
    [
      8261,
      4,
      "1122223333333444444",
      2,
      3,
      4
    ],
    [
      270405,
      5,
      "1122223333333444445",
      2,
      3,
      4
    ],
    [
      73797,
      5,
      "1122223333333444555",
      2,
      3,
      4
    ],
    [
      24645,
      5,
      "1122223333333455555",
      2,
      3,
      4
    ],
    [
      4165,
      4,
      "1122223333334444444",
      2,
      3,
      4
    ],
    [
      135237,
      5,
      "1122223333334444455",
      2,
      3,
      4
    ],
    [
      36933,
      5,
      "1122223333334445555",
      2,
      3,
      4
    ],
    [
      12357,
      5,
      "1122223333334555555",
      2,
      3,
      4
    ],
    [
      2117,
      4,
      "1122223333344444444",
      2,
      3,
      4
    ],
    [
      264261,
      5,
      "1122223333344444445",
      2,
      3,
      4
    ],
    [
      67653,
      5,
      "1122223333344444555",
      2,
      3,
      4
    ],
    [
      18501,
      5,
      "1122223333344455555",
      2,
      3,
      4
    ],
    [
      6213,
      5,
      "1122223333345555555",
      2,
      3,
      4
    ],
    [
      1093,
      4,
      "1122223333444444444",
      2,
      3,
      4
    ],
    [
      263237,
      5,
      "1122223333444444445",
      2,
      3,
      4
    ],
    [
      132165,
      5,
      "1122223333444444455",
      2,
      3,
      4
    ],
    [
      394309,
      6,
      "1122223333444444456",
      2,
      3,
      4
    ],
    [
      33861,
      5,
      "1122223333444445555",
      2,
      3,
      4
    ],
    [
      296005,
      6,
      "1122223333444445556",
      2,
      3,
      4
    ],
    [
      9285,
      5,
      "1122223333444555555",
      2,
      3,
      4
    ],
    [
      271429,
      6,
      "1122223333444555556",
      2,
      3,
      4
    ],
    [
      3141,
      5,
      "1122223333455555555",
      2,
      3,
      4
    ],
    [
      265285,
      6,
      "1122223333455555556",
      2,
      3,
      4
    ],
    [
      581,
      4,
      "1122223334444444444",
      2,
      3,
      4
    ],
    [
      262725,
      5,
      "1122223334444444445",
      2,
      3,
      4
    ],
    [
      131653,
      5,
      "1122223334444444455",
      2,
      3,
      4
    ],
    [
      393797,
      6,
      "1122223334444444456",
      2,
      3,
      4
    ],
    [
      66117,
      5,
      "1122223334444444555",
      2,
      3,
      4
    ],
    [
      197189,
      6,
      "1122223334444444566",
      2,
      3,
      4
    ],
    [
      16965,
      5,
      "1122223334444455555",
      2,
      3,
      4
    ],
    [
      4677,
      5,
      "1122223334445555555",
      2,
      3,
      4
    ],
    [
      135749,
      6,
      "1122223334445555566",
      2,
      3,
      4
    ],
    [
      1605,
      5,
      "1122223334555555555",
      2,
      3,
      4
    ],
    [
      263749,
      6,
      "1122223334555555556",
      2,
      3,
      4
    ],
    [
      197,
      4,
      "1122223444444444444",
      2,
      3,
      4
    ],
    [
      262341,
      5,
      "1122223444444444445",
      2,
      3,
      4
    ],
    [
      131269,
      5,
      "1122223444444444455",
      2,
      3,
      4
    ],
    [
      65733,
      5,
      "1122223444444444555",
      2,
      3,
      4
    ],
    [
      32965,
      5,
      "1122223444444445555",
      2,
      3,
      4
    ],
    [
      295109,
      6,
      "1122223444444445556",
      2,
      3,
      4
    ],
    [
      16581,
      5,
      "1122223444444455555",
      2,
      3,
      4
    ],
    [
      147653,
      6,
      "1122223444444455566",
      2,
      3,
      4
    ],
    [
      4293,
      5,
      "1122223444445555555",
      2,
      3,
      4
    ],
    [
      37061,
      6,
      "1122223444445556666",
      2,
      3,
      4
    ],
    [
      1221,
      5,
      "1122223444555555555",
      2,
      3,
      4
    ],
    [
      263365,
      6,
      "1122223444555555556",
      2,
      3,
      4
    ],
    [
      37,
      3,
      "1122233333333333333",
      9,
      19,
      32768
    ],
    [
      262181,
      4,
      "1122233333333333334",
      1,
      2,
      16384
    ],
    [
      131109,
      4,
      "1122233333333333344",
      9,
      17,
      8192
    ],
    [
      393253,
      5,
      "1122233333333333345",
      9,
      17,
      8192
    ],
    [
      65573,
      4,
      "1122233333333333444",
      9,
      16,
      4096
    ],
    [
      196645,
      5,
      "1122233333333333455",
      9,
      16,
      4096
    ],
    [
      32805,
      4,
      "1122233333333334444",
      3,
      5,
      2048
    ],
    [
      98341,
      5,
      "1122233333333334555",
      3,
      5,
      2048
    ],
    [
      16421,
      4,
      "1122233333333344444",
      9,
      14,
      1024
    ],
    [
      278565,
      5,
      "1122233333333344445",
      9,
      14,
      1024
    ],
    [
      49189,
      5,
      "1122233333333345555",
      9,
      14,
      1024
    ],
    [
      8229,
      4,
      "1122233333333444444",
      9,
      13,
      512
    ],
    [
      139301,
      5,
      "1122233333333444455",
      9,
      13,
      512
    ],
    [
      24613,
      5,
      "1122233333333455555",
      9,
      13,
      512
    ],
    [
      4133,
      4,
      "1122233333334444444",
      3,
      4,
      256
    ],
    [
      266277,
      5,
      "1122233333334444445",
      3,
      4,
      256
    ],
    [
      69669,
      5,
      "1122233333334444555",
      3,
      4,
      256
    ],
    [
      12325,
      5,
      "1122233333334555555",
      3,
      4,
      256
    ],
    [
      2085,
      4,
      "1122233333344444444",
      4,
      5,
      2
    ],
    [
      264229,
      5,
      "1122233333344444445",
      4,
      5,
      2
    ],
    [
      133157,
      5,
      "1122233333344444455",
      4,
      5,
      2
    ],
    [
      395301,
      6,
      "1122233333344444456",
      4,
      5,
      2
    ],
    [
      34853,
      5,
      "1122233333344445555",
      4,
      5,
      2
    ],
    [
      6181,
      5,
      "1122233333345555555",
      4,
      5,
      2
    ],
    [
      1061,
      4,
      "1122233333444444444",
      4,
      5,
      2
    ],
    [
      263205,
      5,
      "1122233333444444445",
      4,
      5,
      2
    ],
    [
      132133,
      5,
      "1122233333444444455",
      4,
      5,
      2
    ],
    [
      394277,
      6,
      "1122233333444444456",
      4,
      5,
      2
    ],
    [
      66597,
      5,
      "1122233333444444555",
      4,
      5,
      2
    ],
    [
      197669,
      6,
      "1122233333444444566",
      4,
      5,
      2
    ],
    [
      17445,
      5,
      "1122233333444455555",
      4,
      5,
      2
    ],
    [
      279589,
      6,
      "1122233333444455556",
      4,
      5,
      2
    ],
    [
      3109,
      5,
      "1122233333455555555",
      4,
      5,
      2
    ],
    [
      265253,
      6,
      "1122233333455555556",
      4,
      5,
      2
    ],
    [
      134181,
      6,
      "1122233333455555566",
      4,
      5,
      2
    ],
    [
      549,
      4,
      "1122233334444444444",
      4,
      5,
      2
    ],
    [
      262693,
      5,
      "1122233334444444445",
      4,
      5,
      2
    ],
    [
      131621,
      5,
      "1122233334444444455",
      4,
      5,
      2
    ],
    [
      393765,
      6,
      "1122233334444444456",
      4,
      5,
      2
    ],
    [
      66085,
      5,
      "1122233334444444555",
      4,
      5,
      2
    ],
    [
      197157,
      6,
      "1122233334444444566",
      4,
      5,
      2
    ],
    [
      33317,
      5,
      "1122233334444445555",
      4,
      5,
      2
    ],
    [
      98853,
      6,
      "1122233334444445666",
      4,
      5,
      2
    ],
    [
      8741,
      5,
      "1122233334444555555",
      4,
      5,
      2
    ],
    [
      1573,
      5,
      "1122233334555555555",
      4,
      5,
      2
    ],
    [
      263717,
      6,
      "1122233334555555556",
      4,
      5,
      2
    ],
    [
      67109,
      6,
      "1122233334555555666",
      4,
      5,
      2
    ],
    [
      293,
      4,
      "1122233344444444444",
      4,
      5,
      2
    ],
    [
      262437,
      5,
      "1122233344444444445",
      4,
      5,
      2
    ],
    [
      131365,
      5,
      "1122233344444444455",
      4,
      5,
      2
    ],
    [
      393509,
      6,
      "1122233344444444456",
      4,
      5,
      2
    ],
    [
      65829,
      5,
      "1122233344444444555",
      4,
      5,
      2
    ],
    [
      196901,
      6,
      "1122233344444444566",
      4,
      5,
      2
    ],
    [
      33061,
      5,
      "1122233344444445555",
      4,
      5,
      2
    ],
    [
      98597,
      6,
      "1122233344444445666",
      4,
      5,
      2
    ],
    [
      16677,
      5,
      "1122233344444455555",
      4,
      5,
      2
    ],
    [
      278821,
      6,
      "1122233344444455556",
      4,
      5,
      2
    ],
    [
      49445,
      6,
      "1122233344444456666",
      4,
      5,
      2
    ],
    [
      4389,
      5,
      "1122233344445555555",
      4,
      5,
      2
    ],
    [
      69925,
      6,
      "1122233344445555666",
      4,
      5,
      2
    ],
    [
      805,
      5,
      "1122233345555555555",
      4,
      5,
      2
    ],
    [
      262949,
      6,
      "1122233345555555556",
      4,
      5,
      2
    ],
    [
      66341,
      6,
      "1122233345555555666",
      4,
      5,
      2
    ],
    [
      101,
      4,
      "1122234444444444444",
      4,
      5,
      2
    ],
    [
      262245,
      5,
      "1122234444444444445",
      4,
      5,
      2
    ],
    [
      131173,
      5,
      "1122234444444444455",
      4,
      5,
      2
    ],
    [
      65637,
      5,
      "1122234444444444555",
      4,
      5,
      2
    ],
    [
      32869,
      5,
      "1122234444444445555",
      4,
      5,
      2
    ],
    [
      16485,
      5,
      "1122234444444455555",
      4,
      5,
      2
    ],
    [
      8293,
      5,
      "1122234444444555555",
      4,
      5,
      2
    ],
    [
      4197,
      5,
      "1122234444445555555",
      4,
      5,
      2
    ],
    [
      1125,
      5,
      "1122234444555555555",
      4,
      5,
      2
    ],
    [
      263269,
      6,
      "1122234444555555556",
      4,
      5,
      2
    ],
    [
      132197,
      6,
      "1122234444555555566",
      4,
      5,
      2
    ],
    [
      21,
      3,
      "1122333333333333333",
      9,
      19,
      32768
    ],
    [
      262165,
      4,
      "1122333333333333334",
      1,
      2,
      16384
    ],
    [
      131093,
      4,
      "1122333333333333344",
      9,
      17,
      8192
    ],
    [
      393237,
      5,
      "1122333333333333345",
      9,
      17,
      8192
    ],
    [
      65557,
      4,
      "1122333333333333444",
      9,
      16,
      4096
    ],
    [
      196629,
      5,
      "1122333333333333455",
      9,
      16,
      4096
    ],
    [
      32789,
      4,
      "1122333333333334444",
      3,
      5,
      2048
    ],
    [
      294933,
      5,
      "1122333333333334445",
      3,
      5,
      2048
    ],
    [
      98325,
      5,
      "1122333333333334555",
      3,
      5,
      2048
    ],
    [
      16405,
      4,
      "1122333333333344444",
      9,
      14,
      1024
    ],
    [
      147477,
      5,
      "1122333333333344455",
      9,
      14,
      1024
    ],
    [
      49173,
      5,
      "1122333333333345555",
      9,
      14,
      1024
    ],
    [
      8213,
      4,
      "1122333333333444444",
      9,
      13,
      512
    ],
    [
      270357,
      5,
      "1122333333333444445",
      9,
      13,
      512
    ],
    [
      73749,
      5,
      "1122333333333444555",
      9,
      13,
      512
    ],
    [
      24597,
      5,
      "1122333333333455555",
      9,
      13,
      512
    ],
    [
      4117,
      4,
      "1122333333334444444",
      3,
      4,
      256
    ],
    [
      266261,
      5,
      "1122333333334444445",
      3,
      4,
      256
    ],
    [
      135189,
      5,
      "1122333333334444455",
      3,
      4,
      256
    ],
    [
      397333,
      6,
      "1122333333334444456",
      3,
      4,
      256
    ],
    [
      36885,
      5,
      "1122333333334445555",
      3,
      4,
      256
    ],
    [
      299029,
      6,
      "1122333333334445556",
      3,
      4,
      256
    ],
    [
      12309,
      5,
      "1122333333334555555",
      3,
      4,
      256
    ],
    [
      274453,
      6,
      "1122333333334555556",
      3,
      4,
      256
    ],
    [
      2069,
      4,
      "1122333333344444444",
      9,
      11,
      128
    ],
    [
      264213,
      5,
      "1122333333344444445",
      9,
      11,
      128
    ],
    [
      133141,
      5,
      "1122333333344444455",
      9,
      11,
      128
    ],
    [
      395285,
      6,
      "1122333333344444456",
      9,
      11,
      128
    ],
    [
      67605,
      5,
      "1122333333344444555",
      9,
      11,
      128
    ],
    [
      198677,
      6,
      "1122333333344444566",
      9,
      11,
      128
    ],
    [
      18453,
      5,
      "1122333333344455555",
      9,
      11,
      128
    ],
    [
      149525,
      6,
      "1122333333344455566",
      9,
      11,
      128
    ],
    [
      6165,
      5,
      "1122333333345555555",
      9,
      11,
      128
    ],
    [
      268309,
      6,
      "1122333333345555556",
      9,
      11,
      128
    ],
    [
      137237,
      6,
      "1122333333345555566",
      9,
      11,
      128
    ],
    [
      1045,
      4,
      "1122333333444444444",
      16,
      19,
      32768
    ],
    [
      263189,
      5,
      "1122333333444444445",
      8,
      9,
      16384
    ],
    [
      132117,
      5,
      "1122333333444444455",
      9,
      10,
      64
    ],
    [
      394261,
      6,
      "1122333333444444456",
      9,
      10,
      64
    ],
    [
      66581,
      5,
      "1122333333444444555",
      9,
      10,
      64
    ],
    [
      197653,
      6,
      "1122333333444444566",
      9,
      10,
      64
    ],
    [
      33813,
      5,
      "1122333333444445555",
      9,
      10,
      64
    ],
    [
      295957,
      6,
      "1122333333444445556",
      9,
      10,
      64
    ],
    [
      99349,
      6,
      "1122333333444445666",
      9,
      10,
      64
    ],
    [
      9237,
      5,
      "1122333333444555555",
      9,
      10,
      64
    ],
    [
      271381,
      6,
      "1122333333444555556",
      9,
      10,
      64
    ],
    [
      74773,
      6,
      "1122333333444555666",
      9,
      10,
      64
    ],
    [
      3093,
      5,
      "1122333333455555555",
      9,
      10,
      64
    ],
    [
      265237,
      6,
      "1122333333455555556",
      9,
      10,
      64
    ],
    [
      68629,
      6,
      "1122333333455555666",
      9,
      10,
      64
    ],
    [
      533,
      4,
      "1122333334444444444",
      16,
      19,
      32768
    ],
    [
      262677,
      5,
      "1122333334444444445",
      8,
      9,
      16384
    ],
    [
      131605,
      5,
      "1122333334444444455",
      16,
      17,
      8192
    ],
    [
      393749,
      6,
      "1122333334444444456",
      16,
      17,
      8192
    ],
    [
      66069,
      5,
      "1122333334444444555",
      1,
      1,
      4129
    ],
    [
      197141,
      6,
      "1122333334444444566",
      1,
      1,
      4129
    ],
    [
      33301,
      5,
      "1122333334444445555",
      1,
      1,
      33
    ],
    [
      295445,
      6,
      "1122333334444445556",
      1,
      1,
      33
    ],
    [
      98837,
      6,
      "1122333334444445666",
      1,
      1,
      33
    ],
    [
      16917,
      5,
      "1122333334444455555",
      1,
      1,
      33
    ],
    [
      147989,
      6,
      "1122333334444455566",
      1,
      1,
      33
    ],
    [
      49685,
      6,
      "1122333334444456666",
      1,
      1,
      33
    ],
    [
      4629,
      5,
      "1122333334445555555",
      1,
      1,
      33
    ],
    [
      266773,
      6,
      "1122333334445555556",
      1,
      1,
      33
    ],
    [
      37397,
      6,
      "1122333334445556666",
      1,
      1,
      33
    ],
    [
      1557,
      5,
      "1122333334555555555",
      1,
      1,
      33
    ],
    [
      263701,
      6,
      "1122333334555555556",
      1,
      1,
      33
    ],
    [
      67093,
      6,
      "1122333334555555666",
      1,
      1,
      33
    ],
    [
      277,
      4,
      "1122333344444444444",
      16,
      19,
      32768
    ],
    [
      262421,
      5,
      "1122333344444444445",
      8,
      9,
      16384
    ],
    [
      131349,
      5,
      "1122333344444444455",
      16,
      17,
      8192
    ],
    [
      393493,
      6,
      "1122333344444444456",
      16,
      17,
      8192
    ],
    [
      65813,
      5,
      "1122333344444444555",
      1,
      1,
      4097
    ],
    [
      196885,
      6,
      "1122333344444444566",
      1,
      1,
      4097
    ],
    [
      33045,
      5,
      "1122333344444445555",
      1,
      1,
      1
    ],
    [
      295189,
      6,
      "1122333344444445556",
      1,
      1,
      1
    ],
    [
      98581,
      6,
      "1122333344444445666",
      1,
      1,
      1
    ],
    [
      16661,
      5,
      "1122333344444455555",
      1,
      1,
      1
    ],
    [
      147733,
      6,
      "1122333344444455566",
      1,
      1,
      1
    ],
    [
      49429,
      6,
      "1122333344444456666",
      1,
      1,
      1
    ],
    [
      8469,
      5,
      "1122333344444555555",
      1,
      1,
      1
    ],
    [
      270613,
      6,
      "1122333344444555556",
      1,
      1,
      1
    ],
    [
      74005,
      6,
      "1122333344444555666",
      1,
      1,
      1
    ],
    [
      24853,
      6,
      "1122333344444566666",
      1,
      1,
      1
    ],
    [
      2325,
      5,
      "1122333344455555555",
      1,
      1,
      1
    ],
    [
      264469,
      6,
      "1122333344455555556",
      1,
      1,
      1
    ],
    [
      67861,
      6,
      "1122333344455555666",
      1,
      1,
      1
    ],
    [
      18709,
      6,
      "1122333344455566666",
      1,
      1,
      1
    ],
    [
      789,
      5,
      "1122333345555555555",
      1,
      1,
      1
    ],
    [
      262933,
      6,
      "1122333345555555556",
      1,
      1,
      1
    ],
    [
      66325,
      6,
      "1122333345555555666",
      1,
      1,
      1
    ],
    [
      17173,
      6,
      "1122333345555566666",
      1,
      1,
      1
    ],
    [
      149,
      4,
      "1122333444444444444",
      16,
      19,
      32768
    ],
    [
      262293,
      5,
      "1122333444444444445",
      8,
      9,
      16384
    ],
    [
      131221,
      5,
      "1122333444444444455",
      16,
      17,
      8192
    ],
    [
      393365,
      6,
      "1122333444444444456",
      16,
      17,
      8192
    ],
    [
      65685,
      5,
      "1122333444444444555",
      1,
      1,
      4097
    ],
    [
      196757,
      6,
      "1122333444444444566",
      1,
      1,
      4097
    ],
    [
      32917,
      5,
      "1122333444444445555",
      1,
      1,
      1
    ],
    [
      98453,
      6,
      "1122333444444445666",
      1,
      1,
      1
    ],
    [
      16533,
      5,
      "1122333444444455555",
      1,
      1,
      1
    ],
    [
      49301,
      6,
      "1122333444444456666",
      1,
      1,
      1
    ],
    [
      8341,
      5,
      "1122333444444555555",
      1,
      1,
      1
    ],
    [
      24725,
      6,
      "1122333444444566666",
      1,
      1,
      1
    ],
    [
      4245,
      5,
      "1122333444445555555",
      1,
      1,
      1
    ],
    [
      266389,
      6,
      "1122333444445555556",
      1,
      1,
      1
    ],
    [
      12437,
      6,
      "1122333444445666666",
      1,
      1,
      1
    ],
    [
      1173,
      5,
      "1122333444555555555",
      1,
      1,
      1
    ],
    [
      263317,
      6,
      "1122333444555555556",
      1,
      1,
      1
    ],
    [
      66709,
      6,
      "1122333444555555666",
      1,
      1,
      1
    ],
    [
      405,
      5,
      "1122333455555555555",
      1,
      1,
      1
    ],
    [
      262549,
      6,
      "1122333455555555556",
      1,
      1,
      1
    ],
    [
      131477,
      6,
      "1122333455555555566",
      1,
      1,
      1
    ],
    [
      65941,
      6,
      "1122333455555555666",
      1,
      1,
      1
    ],
    [
      16789,
      6,
      "1122333455555566666",
      1,
      1,
      1
    ],
    [
      53,
      4,
      "1122344444444444444",
      16,
      19,
      32768
    ],
    [
      262197,
      5,
      "1122344444444444445",
      8,
      9,
      16384
    ],
    [
      131125,
      5,
      "1122344444444444455",
      16,
      17,
      8192
    ],
    [
      65589,
      5,
      "1122344444444444555",
      1,
      1,
      4097
    ],
    [
      32821,
      5,
      "1122344444444445555",
      1,
      1,
      1
    ],
    [
      16437,
      5,
      "1122344444444455555",
      1,
      1,
      1
    ],
    [
      8245,
      5,
      "1122344444444555555",
      1,
      1,
      1
    ],
    [
      4149,
      5,
      "1122344444445555555",
      1,
      1,
      1
    ],
    [
      266293,
      6,
      "1122344444445555556",
      1,
      1,
      1
    ],
    [
      2101,
      5,
      "1122344444455555555",
      1,
      1,
      1
    ],
    [
      264245,
      6,
      "1122344444455555556",
      1,
      1,
      1
    ],
    [
      133173,
      6,
      "1122344444455555566",
      1,
      1,
      1
    ],
    [
      1077,
      5,
      "1122344444555555555",
      1,
      1,
      1
    ],
    [
      263221,
      6,
      "1122344444555555556",
      1,
      1,
      1
    ],
    [
      132149,
      6,
      "1122344444555555566",
      1,
      1,
      1
    ],
    [
      66613,
      6,
      "1122344444555555666",
      1,
      1,
      1
    ],
    [
      309,
      5,
      "1122344455555555555",
      1,
      1,
      1
    ],
    [
      262453,
      6,
      "1122344455555555556",
      1,
      1,
      1
    ],
    [
      131381,
      6,
      "1122344455555555566",
      1,
      1,
      1
    ],
    [
      65845,
      6,
      "1122344455555555666",
      1,
      1,
      1
    ],
    [
      33077,
      6,
      "1122344455555556666",
      1,
      1,
      1
    ],
    [
      16693,
      6,
      "1122344455555566666",
      1,
      1,
      1
    ],
    [
      13,
      3,
      "1123333333333333333",
      9,
      19,
      32768
    ],
    [
      262157,
      4,
      "1123333333333333334",
      1,
      2,
      16384
    ],
    [
      131085,
      4,
      "1123333333333333344",
      9,
      17,
      8192
    ],
    [
      65549,
      4,
      "1123333333333333444",
      9,
      16,
      4096
    ],
    [
      32781,
      4,
      "1123333333333334444",
      3,
      5,
      2048
    ],
    [
      16397,
      4,
      "1123333333333344444",
      9,
      14,
      1024
    ],
    [
      278541,
      5,
      "1123333333333344445",
      9,
      14,
      1024
    ],
    [
      8205,
      4,
      "1123333333333444444",
      9,
      13,
      512
    ],
    [
      270349,
      5,
      "1123333333333444445",
      9,
      13,
      512
    ],
    [
      139277,
      5,
      "1123333333333444455",
      9,
      13,
      512
    ],
    [
      4109,
      4,
      "1123333333334444444",
      3,
      4,
      256
    ],
    [
      266253,
      5,
      "1123333333334444445",
      3,
      4,
      256
    ],
    [
      135181,
      5,
      "1123333333334444455",
      3,
      4,
      256
    ],
    [
      69645,
      5,
      "1123333333334444555",
      3,
      4,
      256
    ],
    [
      2061,
      4,
      "1123333333344444444",
      9,
      11,
      128
    ],
    [
      264205,
      5,
      "1123333333344444445",
      9,
      11,
      128
    ],
    [
      133133,
      5,
      "1123333333344444455",
      9,
      11,
      128
    ],
    [
      67597,
      5,
      "1123333333344444555",
      9,
      11,
      128
    ],
    [
      34829,
      5,
      "1123333333344445555",
      9,
      11,
      128
    ],
    [
      1037,
      4,
      "1123333333444444444",
      16,
      19,
      32768
    ],
    [
      263181,
      5,
      "1123333333444444445",
      8,
      9,
      16384
    ],
    [
      132109,
      5,
      "1123333333444444455",
      9,
      10,
      64
    ],
    [
      66573,
      5,
      "1123333333444444555",
      9,
      10,
      64
    ],
    [
      33805,
      5,
      "1123333333444445555",
      9,
      10,
      64
    ],
    [
      17421,
      5,
      "1123333333444455555",
      9,
      10,
      64
    ],
    [
      279565,
      6,
      "1123333333444455556",
      9,
      10,
      64
    ],
    [
      525,
      4,
      "1123333334444444444",
      16,
      19,
      32768
    ],
    [
      262669,
      5,
      "1123333334444444445",
      8,
      9,
      16384
    ],
    [
      131597,
      5,
      "1123333334444444455",
      16,
      17,
      8192
    ],
    [
      66061,
      5,
      "1123333334444444555",
      1,
      1,
      4128
    ],
    [
      33293,
      5,
      "1123333334444445555",
      1,
      1,
      32
    ],
    [
      16909,
      5,
      "1123333334444455555",
      1,
      1,
      32
    ],
    [
      279053,
      6,
      "1123333334444455556",
      1,
      1,
      32
    ],
    [
      8717,
      5,
      "1123333334444555555",
      1,
      1,
      32
    ],
    [
      270861,
      6,
      "1123333334444555556",
      1,
      1,
      32
    ],
    [
      139789,
      6,
      "1123333334444555566",
      1,
      1,
      32
    ],
    [
      269,
      4,
      "1123333344444444444",
      16,
      19,
      32768
    ],
    [
      262413,
      5,
      "1123333344444444445",
      8,
      9,
      16384
    ],
    [
      131341,
      5,
      "1123333344444444455",
      16,
      17,
      8192
    ],
    [
      65805,
      5,
      "1123333344444444555",
      1,
      1,
      4096
    ],
    [
      33037,
      5,
      "1123333344444445555",
      16,
      15,
      2048
    ],
    [
      16653,
      5,
      "1123333344444455555",
      9,
      8,
      16
    ],
    [
      278797,
      6,
      "1123333344444455556",
      9,
      8,
      16
    ],
    [
      8461,
      5,
      "1123333344444555555",
      9,
      8,
      16
    ],
    [
      139533,
      6,
      "1123333344444555566",
      9,
      8,
      16
    ],
    [
      4365,
      5,
      "1123333344445555555",
      9,
      8,
      16
    ],
    [
      69901,
      6,
      "1123333344445555666",
      9,
      8,
      16
    ],
    [
      141,
      4,
      "1123333444444444444",
      16,
      19,
      32768
    ],
    [
      262285,
      5,
      "1123333444444444445",
      8,
      9,
      16384
    ],
    [
      131213,
      5,
      "1123333444444444455",
      16,
      17,
      8192
    ],
    [
      65677,
      5,
      "1123333444444444555",
      1,
      1,
      4096
    ],
    [
      32909,
      5,
      "1123333444444445555",
      16,
      15,
      2048
    ],
    [
      16525,
      5,
      "1123333444444455555",
      8,
      7,
      1024
    ],
    [
      8333,
      5,
      "1123333444444555555",
      16,
      13,
      512
    ],
    [
      4237,
      5,
      "1123333444445555555",
      9,
      7,
      8
    ],
    [
      266381,
      6,
      "1123333444445555556",
      9,
      7,
      8
    ],
    [
      2189,
      5,
      "1123333444455555555",
      9,
      7,
      8
    ],
    [
      133261,
      6,
      "1123333444455555566",
      9,
      7,
      8
    ],
    [
      77,
      4,
      "1123334444444444444",
      16,
      19,
      32768
    ],
    [
      262221,
      5,
      "1123334444444444445",
      8,
      9,
      16384
    ],
    [
      131149,
      5,
      "1123334444444444455",
      16,
      17,
      8192
    ],
    [
      65613,
      5,
      "1123334444444444555",
      1,
      1,
      4096
    ],
    [
      32845,
      5,
      "1123334444444445555",
      16,
      15,
      2048
    ],
    [
      16461,
      5,
      "1123334444444455555",
      8,
      7,
      1024
    ],
    [
      8269,
      5,
      "1123334444444555555",
      16,
      13,
      512
    ],
    [
      270413,
      6,
      "1123334444444555556",
      16,
      13,
      512
    ],
    [
      4173,
      5,
      "1123334444445555555",
      25,
      19,
      32768
    ],
    [
      135245,
      6,
      "1123334444445555566",
      4,
      3,
      256
    ],
    [
      2125,
      5,
      "1123334444455555555",
      25,
      19,
      32768
    ],
    [
      264269,
      6,
      "1123334444455555556",
      25,
      18,
      16384
    ],
    [
      67661,
      6,
      "1123334444455555666",
      16,
      11,
      128
    ],
    [
      1101,
      5,
      "1123334444555555555",
      25,
      19,
      32768
    ],
    [
      263245,
      6,
      "1123334444555555556",
      25,
      18,
      16384
    ],
    [
      132173,
      6,
      "1123334444555555566",
      25,
      17,
      8192
    ],
    [
      33869,
      6,
      "1123334444555556666",
      3,
      2,
      4
    ],
    [
      29,
      4,
      "1123444444444444444",
      16,
      19,
      32768
    ],
    [
      262173,
      5,
      "1123444444444444445",
      8,
      9,
      16384
    ],
    [
      131101,
      5,
      "1123444444444444455",
      16,
      17,
      8192
    ],
    [
      65565,
      5,
      "1123444444444444555",
      1,
      1,
      4096
    ],
    [
      32797,
      5,
      "1123444444444445555",
      16,
      15,
      2048
    ],
    [
      16413,
      5,
      "1123444444444455555",
      8,
      7,
      1024
    ],
    [
      8221,
      5,
      "1123444444444555555",
      16,
      13,
      512
    ],
    [
      270365,
      6,
      "1123444444444555556",
      16,
      13,
      512
    ],
    [
      4125,
      5,
      "1123444444445555555",
      25,
      19,
      32768
    ],
    [
      266269,
      6,
      "1123444444445555556",
      4,
      3,
      256
    ],
    [
      135197,
      6,
      "1123444444445555566",
      4,
      3,
      256
    ],
    [
      2077,
      5,
      "1123444444455555555",
      25,
      19,
      32768
    ],
    [
      264221,
      6,
      "1123444444455555556",
      25,
      18,
      16384
    ],
    [
      133149,
      6,
      "1123444444455555566",
      16,
      11,
      128
    ],
    [
      67613,
      6,
      "1123444444455555666",
      16,
      11,
      128
    ],
    [
      1053,
      5,
      "1123444444555555555",
      25,
      19,
      32768
    ],
    [
      263197,
      6,
      "1123444444555555556",
      25,
      18,
      16384
    ],
    [
      132125,
      6,
      "1123444444555555566",
      25,
      17,
      8192
    ],
    [
      66589,
      6,
      "1123444444555555666",
      25,
      16,
      4096
    ],
    [
      33821,
      6,
      "1123444444555556666",
      8,
      5,
      64
    ],
    [
      541,
      5,
      "1123444445555555555",
      25,
      19,
      32768
    ],
    [
      262685,
      6,
      "1123444445555555556",
      25,
      18,
      16384
    ],
    [
      131613,
      6,
      "1123444445555555566",
      25,
      17,
      8192
    ],
    [
      66077,
      6,
      "1123444445555555666",
      25,
      16,
      4096
    ],
    [
      33309,
      6,
      "1123444445555556666",
      5,
      3,
      2048
    ],
    [
      16925,
      6,
      "1123444445555566666",
      16,
      9,
      32
    ],
    [
      285,
      5,
      "1123444455555555555",
      25,
      19,
      32768
    ],
    [
      262429,
      6,
      "1123444455555555556",
      25,
      18,
      16384
    ],
    [
      131357,
      6,
      "1123444455555555566",
      25,
      17,
      8192
    ],
    [
      65821,
      6,
      "1123444455555555666",
      25,
      16,
      4096
    ],
    [
      33053,
      6,
      "1123444455555556666",
      5,
      3,
      2048
    ],
    [
      16669,
      6,
      "1123444455555566666",
      25,
      14,
      1024
    ],
    [
      8477,
      6,
      "1123444455555666666",
      36,
      19,
      32768
    ],
    [
      3,
      2,
      "1222222222222222222",
      4,
      19,
      32768
    ],
    [
      262147,
      3,
      "1222222222222222223",
      2,
      9,
      16384
    ],
    [
      131075,
      3,
      "1222222222222222233",
      4,
      17,
      8192
    ],
    [
      65539,
      3,
      "1222222222222222333",
      1,
      4,
      4096
    ],
    [
      327683,
      4,
      "1222222222222222334",
      1,
      4,
      4096
    ],
    [
      32771,
      3,
      "1222222222222223333",
      4,
      15,
      2048
    ],
    [
      294915,
      4,
      "1222222222222223334",
      4,
      15,
      2048
    ],
    [
      163843,
      4,
      "1222222222222223344",
      4,
      15,
      2048
    ],
    [
      16387,
      3,
      "1222222222222233333",
      2,
      7,
      1024
    ],
    [
      278531,
      4,
      "1222222222222233334",
      2,
      7,
      1024
    ],
    [
      147459,
      4,
      "1222222222222233344",
      2,
      7,
      1024
    ],
    [
      81923,
      4,
      "1222222222222233444",
      2,
      7,
      1024
    ],
    [
      344067,
      5,
      "1222222222222233445",
      2,
      7,
      1024
    ],
    [
      8195,
      3,
      "1222222222222333333",
      4,
      13,
      512
    ],
    [
      270339,
      4,
      "1222222222222333334",
      4,
      13,
      512
    ],
    [
      139267,
      4,
      "1222222222222333344",
      4,
      13,
      512
    ],
    [
      73731,
      4,
      "1222222222222333444",
      4,
      13,
      512
    ],
    [
      335875,
      5,
      "1222222222222333445",
      4,
      13,
      512
    ],
    [
      40963,
      4,
      "1222222222222334444",
      4,
      13,
      512
    ],
    [
      303107,
      5,
      "1222222222222334445",
      4,
      13,
      512
    ],
    [
      172035,
      5,
      "1222222222222334455",
      4,
      13,
      512
    ],
    [
      4099,
      3,
      "1222222222223333333",
      1,
      3,
      256
    ],
    [
      266243,
      4,
      "1222222222223333334",
      1,
      3,
      256
    ],
    [
      135171,
      4,
      "1222222222223333344",
      1,
      3,
      256
    ],
    [
      69635,
      4,
      "1222222222223333444",
      1,
      3,
      256
    ],
    [
      331779,
      5,
      "1222222222223333445",
      1,
      3,
      256
    ],
    [
      36867,
      4,
      "1222222222223334444",
      1,
      3,
      256
    ],
    [
      299011,
      5,
      "1222222222223334445",
      1,
      3,
      256
    ],
    [
      167939,
      5,
      "1222222222223334455",
      1,
      3,
      256
    ],
    [
      20483,
      4,
      "1222222222223344444",
      1,
      3,
      256
    ],
    [
      282627,
      5,
      "1222222222223344445",
      1,
      3,
      256
    ],
    [
      151555,
      5,
      "1222222222223344455",
      1,
      3,
      256
    ],
    [
      86019,
      5,
      "1222222222223344555",
      1,
      3,
      256
    ],
    [
      2051,
      3,
      "1222222222233333333",
      4,
      11,
      128
    ],
    [
      264195,
      4,
      "1222222222233333334",
      4,
      11,
      128
    ],
    [
      133123,
      4,
      "1222222222233333344",
      4,
      11,
      128
    ],
    [
      67587,
      4,
      "1222222222233333444",
      4,
      11,
      128
    ],
    [
      329731,
      5,
      "1222222222233333445",
      4,
      11,
      128
    ],
    [
      34819,
      4,
      "1222222222233334444",
      4,
      11,
      128
    ],
    [
      296963,
      5,
      "1222222222233334445",
      4,
      11,
      128
    ],
    [
      165891,
      5,
      "1222222222233334455",
      4,
      11,
      128
    ],
    [
      18435,
      4,
      "1222222222233344444",
      4,
      11,
      128
    ],
    [
      280579,
      5,
      "1222222222233344445",
      4,
      11,
      128
    ],
    [
      149507,
      5,
      "1222222222233344455",
      4,
      11,
      128
    ],
    [
      83971,
      5,
      "1222222222233344555",
      4,
      11,
      128
    ],
    [
      346115,
      6,
      "1222222222233344556",
      4,
      11,
      128
    ],
    [
      10243,
      4,
      "1222222222233444444",
      4,
      11,
      128
    ],
    [
      272387,
      5,
      "1222222222233444445",
      4,
      11,
      128
    ],
    [
      141315,
      5,
      "1222222222233444455",
      4,
      11,
      128
    ],
    [
      75779,
      5,
      "1222222222233444555",
      4,
      11,
      128
    ],
    [
      43011,
      5,
      "1222222222233445555",
      4,
      11,
      128
    ],
    [
      305155,
      6,
      "1222222222233445556",
      4,
      11,
      128
    ],
    [
      1027,
      3,
      "1222222222333333333",
      2,
      5,
      64
    ],
    [
      263171,
      4,
      "1222222222333333334",
      2,
      5,
      64
    ],
    [
      132099,
      4,
      "1222222222333333344",
      2,
      5,
      64
    ],
    [
      66563,
      4,
      "1222222222333333444",
      2,
      5,
      64
    ],
    [
      328707,
      5,
      "1222222222333333445",
      2,
      5,
      64
    ],
    [
      33795,
      4,
      "1222222222333334444",
      2,
      5,
      64
    ],
    [
      295939,
      5,
      "1222222222333334445",
      2,
      5,
      64
    ],
    [
      164867,
      5,
      "1222222222333334455",
      2,
      5,
      64
    ],
    [
      17411,
      4,
      "1222222222333344444",
      2,
      5,
      64
    ],
    [
      279555,
      5,
      "1222222222333344445",
      2,
      5,
      64
    ],
    [
      148483,
      5,
      "1222222222333344455",
      2,
      5,
      64
    ],
    [
      82947,
      5,
      "1222222222333344555",
      2,
      5,
      64
    ],
    [
      345091,
      6,
      "1222222222333344556",
      2,
      5,
      64
    ],
    [
      9219,
      4,
      "1222222222333444444",
      2,
      5,
      64
    ],
    [
      271363,
      5,
      "1222222222333444445",
      2,
      5,
      64
    ],
    [
      140291,
      5,
      "1222222222333444455",
      2,
      5,
      64
    ],
    [
      74755,
      5,
      "1222222222333444555",
      2,
      5,
      64
    ],
    [
      336899,
      6,
      "1222222222333444556",
      2,
      5,
      64
    ],
    [
      41987,
      5,
      "1222222222333445555",
      2,
      5,
      64
    ],
    [
      173059,
      6,
      "1222222222333445566",
      2,
      5,
      64
    ],
    [
      5123,
      4,
      "1222222222334444444",
      2,
      5,
      64
    ],
    [
      267267,
      5,
      "1222222222334444445",
      2,
      5,
      64
    ],
    [
      136195,
      5,
      "1222222222334444455",
      2,
      5,
      64
    ],
    [
      70659,
      5,
      "1222222222334444555",
      2,
      5,
      64
    ],
    [
      37891,
      5,
      "1222222222334445555",
      2,
      5,
      64
    ],
    [
      300035,
      6,
      "1222222222334445556",
      2,
      5,
      64
    ],
    [
      21507,
      5,
      "1222222222334455555",
      2,
      5,
      64
    ],
    [
      283651,
      6,
      "1222222222334455556",
      2,
      5,
      64
    ],
    [
      152579,
      6,
      "1222222222334455566",
      2,
      5,
      64
    ],
    [
      515,
      3,
      "1222222223333333333",
      4,
      9,
      32
    ],
    [
      262659,
      4,
      "1222222223333333334",
      4,
      9,
      32
    ],
    [
      131587,
      4,
      "1222222223333333344",
      4,
      9,
      32
    ],
    [
      66051,
      4,
      "1222222223333333444",
      4,
      9,
      32
    ],
    [
      328195,
      5,
      "1222222223333333445",
      4,
      9,
      32
    ],
    [
      33283,
      4,
      "1222222223333334444",
      4,
      9,
      32
    ],
    [
      295427,
      5,
      "1222222223333334445",
      4,
      9,
      32
    ],
    [
      164355,
      5,
      "1222222223333334455",
      4,
      9,
      32
    ],
    [
      16899,
      4,
      "1222222223333344444",
      4,
      9,
      32
    ],
    [
      279043,
      5,
      "1222222223333344445",
      4,
      9,
      32
    ],
    [
      147971,
      5,
      "1222222223333344455",
      4,
      9,
      32
    ],
    [
      82435,
      5,
      "1222222223333344555",
      4,
      9,
      32
    ],
    [
      344579,
      6,
      "1222222223333344556",
      4,
      9,
      32
    ],
    [
      8707,
      4,
      "1222222223333444444",
      4,
      9,
      32
    ],
    [
      270851,
      5,
      "1222222223333444445",
      4,
      9,
      32
    ],
    [
      139779,
      5,
      "1222222223333444455",
      4,
      9,
      32
    ],
    [
      74243,
      5,
      "1222222223333444555",
      4,
      9,
      32
    ],
    [
      336387,
      6,
      "1222222223333444556",
      4,
      9,
      32
    ],
    [
      41475,
      5,
      "1222222223333445555",
      4,
      9,
      32
    ],
    [
      303619,
      6,
      "1222222223333445556",
      4,
      9,
      32
    ],
    [
      172547,
      6,
      "1222222223333445566",
      4,
      9,
      32
    ],
    [
      4611,
      4,
      "1222222223334444444",
      4,
      9,
      32
    ],
    [
      266755,
      5,
      "1222222223334444445",
      4,
      9,
      32
    ],
    [
      135683,
      5,
      "1222222223334444455",
      4,
      9,
      32
    ],
    [
      70147,
      5,
      "1222222223334444555",
      4,
      9,
      32
    ],
    [
      332291,
      6,
      "1222222223334444556",
      4,
      9,
      32
    ],
    [
      37379,
      5,
      "1222222223334445555",
      4,
      9,
      32
    ],
    [
      168451,
      6,
      "1222222223334445566",
      4,
      9,
      32
    ],
    [
      20995,
      5,
      "1222222223334455555",
      4,
      9,
      32
    ],
    [
      283139,
      6,
      "1222222223334455556",
      4,
      9,
      32
    ],
    [
      86531,
      6,
      "1222222223334455666",
      4,
      9,
      32
    ],
    [
      2563,
      4,
      "1222222223344444444",
      4,
      9,
      32
    ],
    [
      264707,
      5,
      "1222222223344444445",
      4,
      9,
      32
    ],
    [
      133635,
      5,
      "1222222223344444455",
      4,
      9,
      32
    ],
    [
      68099,
      5,
      "1222222223344444555",
      4,
      9,
      32
    ],
    [
      35331,
      5,
      "1222222223344445555",
      4,
      9,
      32
    ],
    [
      297475,
      6,
      "1222222223344445556",
      4,
      9,
      32
    ],
    [
      18947,
      5,
      "1222222223344455555",
      4,
      9,
      32
    ],
    [
      281091,
      6,
      "1222222223344455556",
      4,
      9,
      32
    ],
    [
      150019,
      6,
      "1222222223344455566",
      4,
      9,
      32
    ],
    [
      10755,
      5,
      "1222222223344555555",
      4,
      9,
      32
    ],
    [
      272899,
      6,
      "1222222223344555556",
      4,
      9,
      32
    ],
    [
      141827,
      6,
      "1222222223344555566",
      4,
      9,
      32
    ],
    [
      76291,
      6,
      "1222222223344555666",
      4,
      9,
      32
    ],
    [
      259,
      3,
      "1222222233333333333",
      9,
      19,
      32768
    ],
    [
      262403,
      4,
      "1222222233333333334",
      1,
      2,
      16400
    ],
    [
      131331,
      4,
      "1222222233333333344",
      1,
      2,
      16
    ],
    [
      65795,
      4,
      "1222222233333333444",
      1,
      2,
      16
    ],
    [
      327939,
      5,
      "1222222233333333445",
      1,
      2,
      16
    ],
    [
      33027,
      4,
      "1222222233333334444",
      1,
      2,
      16
    ],
    [
      295171,
      5,
      "1222222233333334445",
      1,
      2,
      16
    ],
    [
      164099,
      5,
      "1222222233333334455",
      1,
      2,
      16
    ],
    [
      16643,
      4,
      "1222222233333344444",
      1,
      2,
      16
    ],
    [
      278787,
      5,
      "1222222233333344445",
      1,
      2,
      16
    ],
    [
      147715,
      5,
      "1222222233333344455",
      1,
      2,
      16
    ],
    [
      82179,
      5,
      "1222222233333344555",
      1,
      2,
      16
    ],
    [
      344323,
      6,
      "1222222233333344556",
      1,
      2,
      16
    ],
    [
      8451,
      4,
      "1222222233333444444",
      1,
      2,
      16
    ],
    [
      270595,
      5,
      "1222222233333444445",
      1,
      2,
      16
    ],
    [
      139523,
      5,
      "1222222233333444455",
      1,
      2,
      16
    ],
    [
      73987,
      5,
      "1222222233333444555",
      1,
      2,
      16
    ],
    [
      336131,
      6,
      "1222222233333444556",
      1,
      2,
      16
    ],
    [
      41219,
      5,
      "1222222233333445555",
      1,
      2,
      16
    ],
    [
      303363,
      6,
      "1222222233333445556",
      1,
      2,
      16
    ],
    [
      172291,
      6,
      "1222222233333445566",
      1,
      2,
      16
    ],
    [
      4355,
      4,
      "1222222233334444444",
      1,
      2,
      16
    ],
    [
      266499,
      5,
      "1222222233334444445",
      1,
      2,
      16
    ],
    [
      135427,
      5,
      "1222222233334444455",
      1,
      2,
      16
    ],
    [
      69891,
      5,
      "1222222233334444555",
      1,
      2,
      16
    ],
    [
      332035,
      6,
      "1222222233334444556",
      1,
      2,
      16
    ],
    [
      37123,
      5,
      "1222222233334445555",
      1,
      2,
      16
    ],
    [
      299267,
      6,
      "1222222233334445556",
      1,
      2,
      16
    ],
    [
      168195,
      6,
      "1222222233334445566",
      1,
      2,
      16
    ],
    [
      20739,
      5,
      "1222222233334455555",
      1,
      2,
      16
    ],
    [
      151811,
      6,
      "1222222233334455566",
      1,
      2,
      16
    ],
    [
      86275,
      6,
      "1222222233334455666",
      1,
      2,
      16
    ],
    [
      2307,
      4,
      "1222222233344444444",
      1,
      2,
      16
    ],
    [
      133379,
      5,
      "1222222233344444455",
      1,
      2,
      16
    ],
    [
      67843,
      5,
      "1222222233344444555",
      1,
      2,
      16
    ],
    [
      35075,
      5,
      "1222222233344445555",
      1,
      2,
      16
    ],
    [
      166147,
      6,
      "1222222233344445566",
      1,
      2,
      16
    ],
    [
      18691,
      5,
      "1222222233344455555",
      1,
      2,
      16
    ],
    [
      84227,
      6,
      "1222222233344455666",
      1,
      2,
      16
    ],
    [
      10499,
      5,
      "1222222233344555555",
      1,
      2,
      16
    ],
    [
      141571,
      6,
      "1222222233344555566",
      1,
      2,
      16
    ],
    [
      43267,
      6,
      "1222222233344556666",
      1,
      2,
      16
    ],
    [
      1283,
      4,
      "1222222233444444444",
      1,
      2,
      16
    ],
    [
      66819,
      5,
      "1222222233444444555",
      1,
      2,
      16
    ],
    [
      34051,
      5,
      "1222222233444445555",
      1,
      2,
      16
    ],
    [
      17667,
      5,
      "1222222233444455555",
      1,
      2,
      16
    ],
    [
      9475,
      5,
      "1222222233444555555",
      1,
      2,
      16
    ],
    [
      75011,
      6,
      "1222222233444555666",
      1,
      2,
      16
    ],
    [
      5379,
      5,
      "1222222233445555555",
      1,
      2,
      16
    ],
    [
      70915,
      6,
      "1222222233445555666",
      1,
      2,
      16
    ],
    [
      38147,
      6,
      "1222222233445556666",
      1,
      2,
      16
    ],
    [
      131,
      3,
      "1222222333333333333",
      9,
      19,
      32768
    ],
    [
      262275,
      4,
      "1222222333333333334",
      1,
      2,
      16384
    ],
    [
      131203,
      4,
      "1222222333333333344",
      9,
      17,
      8192
    ],
    [
      65667,
      4,
      "1222222333333333444",
      9,
      16,
      4096
    ],
    [
      327811,
      5,
      "1222222333333333445",
      9,
      16,
      4096
    ],
    [
      32899,
      4,
      "1222222333333334444",
      4,
      7,
      8
    ],
    [
      295043,
      5,
      "1222222333333334445",
      4,
      7,
      8
    ],
    [
      163971,
      5,
      "1222222333333334455",
      4,
      7,
      8
    ],
    [
      16515,
      4,
      "1222222333333344444",
      4,
      7,
      8
    ],
    [
      278659,
      5,
      "1222222333333344445",
      4,
      7,
      8
    ],
    [
      147587,
      5,
      "1222222333333344455",
      4,
      7,
      8
    ],
    [
      82051,
      5,
      "1222222333333344555",
      4,
      7,
      8
    ],
    [
      344195,
      6,
      "1222222333333344556",
      4,
      7,
      8
    ],
    [
      8323,
      4,
      "1222222333333444444",
      4,
      7,
      8
    ],
    [
      270467,
      5,
      "1222222333333444445",
      4,
      7,
      8
    ],
    [
      139395,
      5,
      "1222222333333444455",
      4,
      7,
      8
    ],
    [
      73859,
      5,
      "1222222333333444555",
      4,
      7,
      8
    ],
    [
      336003,
      6,
      "1222222333333444556",
      4,
      7,
      8
    ],
    [
      41091,
      5,
      "1222222333333445555",
      4,
      7,
      8
    ],
    [
      303235,
      6,
      "1222222333333445556",
      4,
      7,
      8
    ],
    [
      172163,
      6,
      "1222222333333445566",
      4,
      7,
      8
    ],
    [
      4227,
      4,
      "1222222333334444444",
      4,
      7,
      8
    ],
    [
      135299,
      5,
      "1222222333334444455",
      4,
      7,
      8
    ],
    [
      69763,
      5,
      "1222222333334444555",
      4,
      7,
      8
    ],
    [
      36995,
      5,
      "1222222333334445555",
      4,
      7,
      8
    ],
    [
      168067,
      6,
      "1222222333334445566",
      4,
      7,
      8
    ],
    [
      20611,
      5,
      "1222222333334455555",
      4,
      7,
      8
    ],
    [
      151683,
      6,
      "1222222333334455566",
      4,
      7,
      8
    ],
    [
      86147,
      6,
      "1222222333334455666",
      4,
      7,
      8
    ],
    [
      2179,
      4,
      "1222222333344444444",
      4,
      7,
      8
    ],
    [
      67715,
      5,
      "1222222333344444555",
      4,
      7,
      8
    ],
    [
      34947,
      5,
      "1222222333344445555",
      4,
      7,
      8
    ],
    [
      18563,
      5,
      "1222222333344455555",
      4,
      7,
      8
    ],
    [
      84099,
      6,
      "1222222333344455666",
      4,
      7,
      8
    ],
    [
      10371,
      5,
      "1222222333344555555",
      4,
      7,
      8
    ],
    [
      75907,
      6,
      "1222222333344555666",
      4,
      7,
      8
    ],
    [
      43139,
      6,
      "1222222333344556666",
      4,
      7,
      8
    ],
    [
      1155,
      4,
      "1222222333444444444",
      4,
      7,
      8
    ],
    [
      263299,
      5,
      "1222222333444444445",
      4,
      7,
      8
    ],
    [
      33923,
      5,
      "1222222333444445555",
      4,
      7,
      8
    ],
    [
      17539,
      5,
      "1222222333444455555",
      4,
      7,
      8
    ],
    [
      279683,
      6,
      "1222222333444455556",
      4,
      7,
      8
    ],
    [
      9347,
      5,
      "1222222333444555555",
      4,
      7,
      8
    ],
    [
      271491,
      6,
      "1222222333444555556",
      4,
      7,
      8
    ],
    [
      42115,
      6,
      "1222222333444556666",
      4,
      7,
      8
    ],
    [
      5251,
      5,
      "1222222333445555555",
      4,
      7,
      8
    ],
    [
      21635,
      6,
      "1222222333445566666",
      4,
      7,
      8
    ],
    [
      643,
      4,
      "1222222334444444444",
      4,
      7,
      8
    ],
    [
      262787,
      5,
      "1222222334444444445",
      4,
      7,
      8
    ],
    [
      131715,
      5,
      "1222222334444444455",
      4,
      7,
      8
    ],
    [
      17027,
      5,
      "1222222334444455555",
      4,
      7,
      8
    ],
    [
      279171,
      6,
      "1222222334444455556",
      4,
      7,
      8
    ],
    [
      148099,
      6,
      "1222222334444455566",
      4,
      7,
      8
    ],
    [
      8835,
      5,
      "1222222334444555555",
      4,
      7,
      8
    ],
    [
      270979,
      6,
      "1222222334444555556",
      4,
      7,
      8
    ],
    [
      139907,
      6,
      "1222222334444555566",
      4,
      7,
      8
    ],
    [
      4739,
      5,
      "1222222334445555555",
      4,
      7,
      8
    ],
    [
      135811,
      6,
      "1222222334445555566",
      4,
      7,
      8
    ],
    [
      2691,
      5,
      "1222222334455555555",
      4,
      7,
      8
    ],
    [
      19075,
      6,
      "1222222334455566666",
      4,
      7,
      8
    ],
    [
      67,
      3,
      "1222223333333333333",
      9,
      19,
      32768
    ],
    [
      262211,
      4,
      "1222223333333333334",
      1,
      2,
      16384
    ],
    [
      131139,
      4,
      "1222223333333333344",
      9,
      17,
      8192
    ],
    [
      65603,
      4,
      "1222223333333333444",
      9,
      16,
      4096
    ],
    [
      327747,
      5,
      "1222223333333333445",
      9,
      16,
      4096
    ],
    [
      32835,
      4,
      "1222223333333334444",
      3,
      5,
      2048
    ],
    [
      294979,
      5,
      "1222223333333334445",
      3,
      5,
      2048
    ],
    [
      163907,
      5,
      "1222223333333334455",
      3,
      5,
      2048
    ],
    [
      16451,
      4,
      "1222223333333344444",
      9,
      14,
      1024
    ],
    [
      278595,
      5,
      "1222223333333344445",
      9,
      14,
      1024
    ],
    [
      147523,
      5,
      "1222223333333344455",
      9,
      14,
      1024
    ],
    [
      81987,
      5,
      "1222223333333344555",
      9,
      14,
      1024
    ],
    [
      344131,
      6,
      "1222223333333344556",
      9,
      14,
      1024
    ],
    [
      8259,
      4,
      "1222223333333444444",
      2,
      3,
      4
    ],
    [
      139331,
      5,
      "1222223333333444455",
      2,
      3,
      4
    ],
    [
      73795,
      5,
      "1222223333333444555",
      2,
      3,
      4
    ],
    [
      41027,
      5,
      "1222223333333445555",
      2,
      3,
      4
    ],
    [
      172099,
      6,
      "1222223333333445566",
      2,
      3,
      4
    ],
    [
      4163,
      4,
      "1222223333334444444",
      2,
      3,
      4
    ],
    [
      69699,
      5,
      "1222223333334444555",
      2,
      3,
      4
    ],
    [
      36931,
      5,
      "1222223333334445555",
      2,
      3,
      4
    ],
    [
      20547,
      5,
      "1222223333334455555",
      2,
      3,
      4
    ],
    [
      86083,
      6,
      "1222223333334455666",
      2,
      3,
      4
    ],
    [
      2115,
      4,
      "1222223333344444444",
      2,
      3,
      4
    ],
    [
      264259,
      5,
      "1222223333344444445",
      2,
      3,
      4
    ],
    [
      34883,
      5,
      "1222223333344445555",
      2,
      3,
      4
    ],
    [
      297027,
      6,
      "1222223333344445556",
      2,
      3,
      4
    ],
    [
      18499,
      5,
      "1222223333344455555",
      2,
      3,
      4
    ],
    [
      280643,
      6,
      "1222223333344455556",
      2,
      3,
      4
    ],
    [
      10307,
      5,
      "1222223333344555555",
      2,
      3,
      4
    ],
    [
      43075,
      6,
      "1222223333344556666",
      2,
      3,
      4
    ],
    [
      1091,
      4,
      "1222223333444444444",
      2,
      3,
      4
    ],
    [
      263235,
      5,
      "1222223333444444445",
      2,
      3,
      4
    ],
    [
      132163,
      5,
      "1222223333444444455",
      2,
      3,
      4
    ],
    [
      17475,
      5,
      "1222223333444455555",
      2,
      3,
      4
    ],
    [
      148547,
      6,
      "1222223333444455566",
      2,
      3,
      4
    ],
    [
      9283,
      5,
      "1222223333444555555",
      2,
      3,
      4
    ],
    [
      5187,
      5,
      "1222223333445555555",
      2,
      3,
      4
    ],
    [
      21571,
      6,
      "1222223333445566666",
      2,
      3,
      4
    ],
    [
      579,
      4,
      "1222223334444444444",
      2,
      3,
      4
    ],
    [
      262723,
      5,
      "1222223334444444445",
      2,
      3,
      4
    ],
    [
      131651,
      5,
      "1222223334444444455",
      2,
      3,
      4
    ],
    [
      66115,
      5,
      "1222223334444444555",
      2,
      3,
      4
    ],
    [
      328259,
      6,
      "1222223334444444556",
      2,
      3,
      4
    ],
    [
      8771,
      5,
      "1222223334444555555",
      2,
      3,
      4
    ],
    [
      139843,
      6,
      "1222223334444555566",
      2,
      3,
      4
    ],
    [
      4675,
      5,
      "1222223334445555555",
      2,
      3,
      4
    ],
    [
      70211,
      6,
      "1222223334445555666",
      2,
      3,
      4
    ],
    [
      2627,
      5,
      "1222223334455555555",
      2,
      3,
      4
    ],
    [
      264771,
      6,
      "1222223334455555556",
      2,
      3,
      4
    ],
    [
      10819,
      6,
      "1222223334455666666",
      2,
      3,
      4
    ],
    [
      323,
      4,
      "1222223344444444444",
      2,
      3,
      4
    ],
    [
      262467,
      5,
      "1222223344444444445",
      2,
      3,
      4
    ],
    [
      131395,
      5,
      "1222223344444444455",
      2,
      3,
      4
    ],
    [
      65859,
      5,
      "1222223344444444555",
      2,
      3,
      4
    ],
    [
      33091,
      5,
      "1222223344444445555",
      2,
      3,
      4
    ],
    [
      295235,
      6,
      "1222223344444445556",
      2,
      3,
      4
    ],
    [
      4419,
      5,
      "1222223344445555555",
      2,
      3,
      4
    ],
    [
      69955,
      6,
      "1222223344445555666",
      2,
      3,
      4
    ],
    [
      37187,
      6,
      "1222223344445556666",
      2,
      3,
      4
    ],
    [
      2371,
      5,
      "1222223344455555555",
      2,
      3,
      4
    ],
    [
      35139,
      6,
      "1222223344455556666",
      2,
      3,
      4
    ],
    [
      1347,
      5,
      "1222223344555555555",
      2,
      3,
      4
    ],
    [
      35,
      3,
      "1222233333333333333",
      9,
      19,
      32768
    ],
    [
      262179,
      4,
      "1222233333333333334",
      1,
      2,
      16384
    ],
    [
      131107,
      4,
      "1222233333333333344",
      9,
      17,
      8192
    ],
    [
      65571,
      4,
      "1222233333333333444",
      9,
      16,
      4096
    ],
    [
      327715,
      5,
      "1222233333333333445",
      9,
      16,
      4096
    ],
    [
      32803,
      4,
      "1222233333333334444",
      3,
      5,
      2048
    ],
    [
      294947,
      5,
      "1222233333333334445",
      3,
      5,
      2048
    ],
    [
      163875,
      5,
      "1222233333333334455",
      3,
      5,
      2048
    ],
    [
      16419,
      4,
      "1222233333333344444",
      9,
      14,
      1024
    ],
    [
      147491,
      5,
      "1222233333333344455",
      9,
      14,
      1024
    ],
    [
      81955,
      5,
      "1222233333333344555",
      9,
      14,
      1024
    ],
    [
      8227,
      4,
      "1222233333333444444",
      9,
      13,
      512
    ],
    [
      73763,
      5,
      "1222233333333444555",
      9,
      13,
      512
    ],
    [
      40995,
      5,
      "1222233333333445555",
      9,
      13,
      512
    ],
    [
      4131,
      4,
      "1222233333334444444",
      3,
      4,
      256
    ],
    [
      266275,
      5,
      "1222233333334444445",
      3,
      4,
      256
    ],
    [
      36899,
      5,
      "1222233333334445555",
      3,
      4,
      256
    ],
    [
      299043,
      6,
      "1222233333334445556",
      3,
      4,
      256
    ],
    [
      20515,
      5,
      "1222233333334455555",
      3,
      4,
      256
    ],
    [
      2083,
      4,
      "1222233333344444444",
      4,
      5,
      2
    ],
    [
      264227,
      5,
      "1222233333344444445",
      4,
      5,
      2
    ],
    [
      133155,
      5,
      "1222233333344444455",
      4,
      5,
      2
    ],
    [
      18467,
      5,
      "1222233333344455555",
      4,
      5,
      2
    ],
    [
      149539,
      6,
      "1222233333344455566",
      4,
      5,
      2
    ],
    [
      10275,
      5,
      "1222233333344555555",
      4,
      5,
      2
    ],
    [
      1059,
      4,
      "1222233333444444444",
      4,
      5,
      2
    ],
    [
      263203,
      5,
      "1222233333444444445",
      4,
      5,
      2
    ],
    [
      132131,
      5,
      "1222233333444444455",
      4,
      5,
      2
    ],
    [
      66595,
      5,
      "1222233333444444555",
      4,
      5,
      2
    ],
    [
      328739,
      6,
      "1222233333444444556",
      4,
      5,
      2
    ],
    [
      9251,
      5,
      "1222233333444555555",
      4,
      5,
      2
    ],
    [
      74787,
      6,
      "1222233333444555666",
      4,
      5,
      2
    ],
    [
      5155,
      5,
      "1222233333445555555",
      4,
      5,
      2
    ],
    [
      267299,
      6,
      "1222233333445555556",
      4,
      5,
      2
    ],
    [
      547,
      4,
      "1222233334444444444",
      4,
      5,
      2
    ],
    [
      262691,
      5,
      "1222233334444444445",
      4,
      5,
      2
    ],
    [
      131619,
      5,
      "1222233334444444455",
      4,
      5,
      2
    ],
    [
      66083,
      5,
      "1222233334444444555",
      4,
      5,
      2
    ],
    [
      328227,
      6,
      "1222233334444444556",
      4,
      5,
      2
    ],
    [
      33315,
      5,
      "1222233334444445555",
      4,
      5,
      2
    ],
    [
      295459,
      6,
      "1222233334444445556",
      4,
      5,
      2
    ],
    [
      164387,
      6,
      "1222233334444445566",
      4,
      5,
      2
    ],
    [
      4643,
      5,
      "1222233334445555555",
      4,
      5,
      2
    ],
    [
      266787,
      6,
      "1222233334445555556",
      4,
      5,
      2
    ],
    [
      37411,
      6,
      "1222233334445556666",
      4,
      5,
      2
    ],
    [
      2595,
      5,
      "1222233334455555555",
      4,
      5,
      2
    ],
    [
      264739,
      6,
      "1222233334455555556",
      4,
      5,
      2
    ],
    [
      133667,
      6,
      "1222233334455555566",
      4,
      5,
      2
    ],
    [
      291,
      4,
      "1222233344444444444",
      4,
      5,
      2
    ],
    [
      262435,
      5,
      "1222233344444444445",
      4,
      5,
      2
    ],
    [
      131363,
      5,
      "1222233344444444455",
      4,
      5,
      2
    ],
    [
      65827,
      5,
      "1222233344444444555",
      4,
      5,
      2
    ],
    [
      327971,
      6,
      "1222233344444444556",
      4,
      5,
      2
    ],
    [
      33059,
      5,
      "1222233344444445555",
      4,
      5,
      2
    ],
    [
      164131,
      6,
      "1222233344444445566",
      4,
      5,
      2
    ],
    [
      16675,
      5,
      "1222233344444455555",
      4,
      5,
      2
    ],
    [
      82211,
      6,
      "1222233344444455666",
      4,
      5,
      2
    ],
    [
      2339,
      5,
      "1222233344455555555",
      4,
      5,
      2
    ],
    [
      133411,
      6,
      "1222233344455555566",
      4,
      5,
      2
    ],
    [
      1315,
      5,
      "1222233344555555555",
      4,
      5,
      2
    ],
    [
      66851,
      6,
      "1222233344555555666",
      4,
      5,
      2
    ],
    [
      163,
      4,
      "1222233444444444444",
      4,
      5,
      2
    ],
    [
      262307,
      5,
      "1222233444444444445",
      4,
      5,
      2
    ],
    [
      131235,
      5,
      "1222233444444444455",
      4,
      5,
      2
    ],
    [
      65699,
      5,
      "1222233444444444555",
      4,
      5,
      2
    ],
    [
      32931,
      5,
      "1222233444444445555",
      4,
      5,
      2
    ],
    [
      295075,
      6,
      "1222233444444445556",
      4,
      5,
      2
    ],
    [
      16547,
      5,
      "1222233444444455555",
      4,
      5,
      2
    ],
    [
      147619,
      6,
      "1222233444444455566",
      4,
      5,
      2
    ],
    [
      8355,
      5,
      "1222233444444555555",
      4,
      5,
      2
    ],
    [
      73891,
      6,
      "1222233444444555666",
      4,
      5,
      2
    ],
    [
      1187,
      5,
      "1222233444555555555",
      4,
      5,
      2
    ],
    [
      263331,
      6,
      "1222233444555555556",
      4,
      5,
      2
    ],
    [
      9379,
      6,
      "1222233444555666666",
      4,
      5,
      2
    ],
    [
      675,
      5,
      "1222233445555555555",
      4,
      5,
      2
    ],
    [
      262819,
      6,
      "1222233445555555556",
      4,
      5,
      2
    ],
    [
      131747,
      6,
      "1222233445555555566",
      4,
      5,
      2
    ],
    [
      19,
      3,
      "1222333333333333333",
      9,
      19,
      32768
    ],
    [
      262163,
      4,
      "1222333333333333334",
      1,
      2,
      16384
    ],
    [
      131091,
      4,
      "1222333333333333344",
      9,
      17,
      8192
    ],
    [
      65555,
      4,
      "1222333333333333444",
      9,
      16,
      4096
    ],
    [
      327699,
      5,
      "1222333333333333445",
      9,
      16,
      4096
    ],
    [
      32787,
      4,
      "1222333333333334444",
      3,
      5,
      2048
    ],
    [
      163859,
      5,
      "1222333333333334455",
      3,
      5,
      2048
    ],
    [
      16403,
      4,
      "1222333333333344444",
      9,
      14,
      1024
    ],
    [
      81939,
      5,
      "1222333333333344555",
      9,
      14,
      1024
    ],
    [
      8211,
      4,
      "1222333333333444444",
      9,
      13,
      512
    ],
    [
      270355,
      5,
      "1222333333333444445",
      9,
      13,
      512
    ],
    [
      40979,
      5,
      "1222333333333445555",
      9,
      13,
      512
    ],
    [
      4115,
      4,
      "1222333333334444444",
      3,
      4,
      256
    ],
    [
      266259,
      5,
      "1222333333334444445",
      3,
      4,
      256
    ],
    [
      135187,
      5,
      "1222333333334444455",
      3,
      4,
      256
    ],
    [
      20499,
      5,
      "1222333333334455555",
      3,
      4,
      256
    ],
    [
      2067,
      4,
      "1222333333344444444",
      9,
      11,
      128
    ],
    [
      264211,
      5,
      "1222333333344444445",
      9,
      11,
      128
    ],
    [
      133139,
      5,
      "1222333333344444455",
      9,
      11,
      128
    ],
    [
      67603,
      5,
      "1222333333344444555",
      9,
      11,
      128
    ],
    [
      329747,
      6,
      "1222333333344444556",
      9,
      11,
      128
    ],
    [
      10259,
      5,
      "1222333333344555555",
      9,
      11,
      128
    ],
    [
      272403,
      6,
      "1222333333344555556",
      9,
      11,
      128
    ],
    [
      1043,
      4,
      "1222333333444444444",
      16,
      19,
      32768
    ],
    [
      263187,
      5,
      "1222333333444444445",
      8,
      9,
      16384
    ],
    [
      132115,
      5,
      "1222333333444444455",
      9,
      10,
      64
    ],
    [
      66579,
      5,
      "1222333333444444555",
      9,
      10,
      64
    ],
    [
      328723,
      6,
      "1222333333444444556",
      9,
      10,
      64
    ],
    [
      33811,
      5,
      "1222333333444445555",
      9,
      10,
      64
    ],
    [
      164883,
      6,
      "1222333333444445566",
      9,
      10,
      64
    ],
    [
      5139,
      5,
      "1222333333445555555",
      9,
      10,
      64
    ],
    [
      136211,
      6,
      "1222333333445555566",
      9,
      10,
      64
    ],
    [
      531,
      4,
      "1222333334444444444",
      16,
      19,
      32768
    ],
    [
      262675,
      5,
      "1222333334444444445",
      8,
      9,
      16384
    ],
    [
      131603,
      5,
      "1222333334444444455",
      16,
      17,
      8192
    ],
    [
      66067,
      5,
      "1222333334444444555",
      1,
      1,
      4129
    ],
    [
      328211,
      6,
      "1222333334444444556",
      1,
      1,
      4129
    ],
    [
      33299,
      5,
      "1222333334444445555",
      1,
      1,
      33
    ],
    [
      164371,
      6,
      "1222333334444445566",
      1,
      1,
      33
    ],
    [
      16915,
      5,
      "1222333334444455555",
      1,
      1,
      33
    ],
    [
      82451,
      6,
      "1222333334444455666",
      1,
      1,
      33
    ],
    [
      2579,
      5,
      "1222333334455555555",
      1,
      1,
      33
    ],
    [
      264723,
      6,
      "1222333334455555556",
      1,
      1,
      33
    ],
    [
      133651,
      6,
      "1222333334455555566",
      1,
      1,
      33
    ],
    [
      275,
      4,
      "1222333344444444444",
      16,
      19,
      32768
    ],
    [
      262419,
      5,
      "1222333344444444445",
      8,
      9,
      16384
    ],
    [
      131347,
      5,
      "1222333344444444455",
      16,
      17,
      8192
    ],
    [
      65811,
      5,
      "1222333344444444555",
      1,
      1,
      4097
    ],
    [
      327955,
      6,
      "1222333344444444556",
      1,
      1,
      4097
    ],
    [
      33043,
      5,
      "1222333344444445555",
      1,
      1,
      1
    ],
    [
      164115,
      6,
      "1222333344444445566",
      1,
      1,
      1
    ],
    [
      16659,
      5,
      "1222333344444455555",
      1,
      1,
      1
    ],
    [
      82195,
      6,
      "1222333344444455666",
      1,
      1,
      1
    ],
    [
      8467,
      5,
      "1222333344444555555",
      1,
      1,
      1
    ],
    [
      270611,
      6,
      "1222333344444555556",
      1,
      1,
      1
    ],
    [
      41235,
      6,
      "1222333344444556666",
      1,
      1,
      1
    ],
    [
      1299,
      5,
      "1222333344555555555",
      1,
      1,
      1
    ],
    [
      66835,
      6,
      "1222333344555555666",
      1,
      1,
      1
    ],
    [
      34067,
      6,
      "1222333344555556666",
      1,
      1,
      1
    ],
    [
      147,
      4,
      "1222333444444444444",
      16,
      19,
      32768
    ],
    [
      262291,
      5,
      "1222333444444444445",
      8,
      9,
      16384
    ],
    [
      131219,
      5,
      "1222333444444444455",
      16,
      17,
      8192
    ],
    [
      65683,
      5,
      "1222333444444444555",
      1,
      1,
      4097
    ],
    [
      327827,
      6,
      "1222333444444444556",
      1,
      1,
      4097
    ],
    [
      32915,
      5,
      "1222333444444445555",
      1,
      1,
      1
    ],
    [
      163987,
      6,
      "1222333444444445566",
      1,
      1,
      1
    ],
    [
      16531,
      5,
      "1222333444444455555",
      1,
      1,
      1
    ],
    [
      82067,
      6,
      "1222333444444455666",
      1,
      1,
      1
    ],
    [
      8339,
      5,
      "1222333444444555555",
      1,
      1,
      1
    ],
    [
      270483,
      6,
      "1222333444444555556",
      1,
      1,
      1
    ],
    [
      41107,
      6,
      "1222333444444556666",
      1,
      1,
      1
    ],
    [
      4243,
      5,
      "1222333444445555555",
      1,
      1,
      1
    ],
    [
      135315,
      6,
      "1222333444445555566",
      1,
      1,
      1
    ],
    [
      20627,
      6,
      "1222333444445566666",
      1,
      1,
      1
    ],
    [
      659,
      5,
      "1222333445555555555",
      1,
      1,
      1
    ],
    [
      262803,
      6,
      "1222333445555555556",
      1,
      1,
      1
    ],
    [
      131731,
      6,
      "1222333445555555566",
      1,
      1,
      1
    ],
    [
      17043,
      6,
      "1222333445555566666",
      1,
      1,
      1
    ],
    [
      83,
      4,
      "1222334444444444444",
      16,
      19,
      32768
    ],
    [
      262227,
      5,
      "1222334444444444445",
      8,
      9,
      16384
    ],
    [
      131155,
      5,
      "1222334444444444455",
      16,
      17,
      8192
    ],
    [
      65619,
      5,
      "1222334444444444555",
      1,
      1,
      4097
    ],
    [
      32851,
      5,
      "1222334444444445555",
      1,
      1,
      1
    ],
    [
      16467,
      5,
      "1222334444444455555",
      1,
      1,
      1
    ],
    [
      8275,
      5,
      "1222334444444555555",
      1,
      1,
      1
    ],
    [
      4179,
      5,
      "1222334444445555555",
      1,
      1,
      1
    ],
    [
      2131,
      5,
      "1222334444455555555",
      1,
      1,
      1
    ],
    [
      264275,
      6,
      "1222334444455555556",
      1,
      1,
      1
    ],
    [
      339,
      5,
      "1222334455555555555",
      1,
      1,
      1
    ],
    [
      262483,
      6,
      "1222334455555555556",
      1,
      1,
      1
    ],
    [
      131411,
      6,
      "1222334455555555566",
      1,
      1,
      1
    ],
    [
      65875,
      6,
      "1222334455555555666",
      1,
      1,
      1
    ],
    [
      33107,
      6,
      "1222334455555556666",
      1,
      1,
      1
    ],
    [
      11,
      3,
      "1223333333333333333",
      9,
      19,
      32768
    ],
    [
      262155,
      4,
      "1223333333333333334",
      1,
      2,
      16384
    ],
    [
      131083,
      4,
      "1223333333333333344",
      9,
      17,
      8192
    ],
    [
      65547,
      4,
      "1223333333333333444",
      9,
      16,
      4096
    ],
    [
      32779,
      4,
      "1223333333333334444",
      3,
      5,
      2048
    ],
    [
      16395,
      4,
      "1223333333333344444",
      9,
      14,
      1024
    ],
    [
      278539,
      5,
      "1223333333333344445",
      9,
      14,
      1024
    ],
    [
      8203,
      4,
      "1223333333333444444",
      9,
      13,
      512
    ],
    [
      270347,
      5,
      "1223333333333444445",
      9,
      13,
      512
    ],
    [
      139275,
      5,
      "1223333333333444455",
      9,
      13,
      512
    ],
    [
      4107,
      4,
      "1223333333334444444",
      3,
      4,
      256
    ],
    [
      266251,
      5,
      "1223333333334444445",
      3,
      4,
      256
    ],
    [
      135179,
      5,
      "1223333333334444455",
      3,
      4,
      256
    ],
    [
      69643,
      5,
      "1223333333334444555",
      3,
      4,
      256
    ],
    [
      2059,
      4,
      "1223333333344444444",
      9,
      11,
      128
    ],
    [
      264203,
      5,
      "1223333333344444445",
      9,
      11,
      128
    ],
    [
      133131,
      5,
      "1223333333344444455",
      9,
      11,
      128
    ],
    [
      67595,
      5,
      "1223333333344444555",
      9,
      11,
      128
    ],
    [
      34827,
      5,
      "1223333333344445555",
      9,
      11,
      128
    ],
    [
      1035,
      4,
      "1223333333444444444",
      16,
      19,
      32768
    ],
    [
      263179,
      5,
      "1223333333444444445",
      8,
      9,
      16384
    ],
    [
      132107,
      5,
      "1223333333444444455",
      9,
      10,
      64
    ],
    [
      66571,
      5,
      "1223333333444444555",
      9,
      10,
      64
    ],
    [
      33803,
      5,
      "1223333333444445555",
      9,
      10,
      64
    ],
    [
      17419,
      5,
      "1223333333444455555",
      9,
      10,
      64
    ],
    [
      279563,
      6,
      "1223333333444455556",
      9,
      10,
      64
    ],
    [
      523,
      4,
      "1223333334444444444",
      16,
      19,
      32768
    ],
    [
      262667,
      5,
      "1223333334444444445",
      8,
      9,
      16384
    ],
    [
      131595,
      5,
      "1223333334444444455",
      16,
      17,
      8192
    ],
    [
      66059,
      5,
      "1223333334444444555",
      1,
      1,
      4128
    ],
    [
      33291,
      5,
      "1223333334444445555",
      1,
      1,
      32
    ],
    [
      16907,
      5,
      "1223333334444455555",
      1,
      1,
      32
    ],
    [
      279051,
      6,
      "1223333334444455556",
      1,
      1,
      32
    ],
    [
      8715,
      5,
      "1223333334444555555",
      1,
      1,
      32
    ],
    [
      270859,
      6,
      "1223333334444555556",
      1,
      1,
      32
    ],
    [
      139787,
      6,
      "1223333334444555566",
      1,
      1,
      32
    ],
    [
      267,
      4,
      "1223333344444444444",
      16,
      19,
      32768
    ],
    [
      262411,
      5,
      "1223333344444444445",
      8,
      9,
      16384
    ],
    [
      131339,
      5,
      "1223333344444444455",
      16,
      17,
      8192
    ],
    [
      65803,
      5,
      "1223333344444444555",
      1,
      1,
      4096
    ],
    [
      33035,
      5,
      "1223333344444445555",
      16,
      15,
      2048
    ],
    [
      16651,
      5,
      "1223333344444455555",
      9,
      8,
      16
    ],
    [
      278795,
      6,
      "1223333344444455556",
      9,
      8,
      16
    ],
    [
      8459,
      5,
      "1223333344444555555",
      9,
      8,
      16
    ],
    [
      139531,
      6,
      "1223333344444555566",
      9,
      8,
      16
    ],
    [
      4363,
      5,
      "1223333344445555555",
      9,
      8,
      16
    ],
    [
      266507,
      6,
      "1223333344445555556",
      9,
      8,
      16
    ],
    [
      69899,
      6,
      "1223333344445555666",
      9,
      8,
      16
    ],
    [
      139,
      4,
      "1223333444444444444",
      16,
      19,
      32768
    ],
    [
      262283,
      5,
      "1223333444444444445",
      8,
      9,
      16384
    ],
    [
      131211,
      5,
      "1223333444444444455",
      16,
      17,
      8192
    ],
    [
      65675,
      5,
      "1223333444444444555",
      1,
      1,
      4096
    ],
    [
      32907,
      5,
      "1223333444444445555",
      16,
      15,
      2048
    ],
    [
      16523,
      5,
      "1223333444444455555",
      8,
      7,
      1024
    ],
    [
      8331,
      5,
      "1223333444444555555",
      16,
      13,
      512
    ],
    [
      270475,
      6,
      "1223333444444555556",
      16,
      13,
      512
    ],
    [
      4235,
      5,
      "1223333444445555555",
      9,
      7,
      8
    ],
    [
      135307,
      6,
      "1223333444445555566",
      9,
      7,
      8
    ],
    [
      2187,
      5,
      "1223333444455555555",
      9,
      7,
      8
    ],
    [
      67723,
      6,
      "1223333444455555666",
      9,
      7,
      8
    ],
    [
      75,
      4,
      "1223334444444444444",
      16,
      19,
      32768
    ],
    [
      262219,
      5,
      "1223334444444444445",
      8,
      9,
      16384
    ],
    [
      131147,
      5,
      "1223334444444444455",
      16,
      17,
      8192
    ],
    [
      65611,
      5,
      "1223334444444444555",
      1,
      1,
      4096
    ],
    [
      32843,
      5,
      "1223334444444445555",
      16,
      15,
      2048
    ],
    [
      16459,
      5,
      "1223334444444455555",
      8,
      7,
      1024
    ],
    [
      278603,
      6,
      "1223334444444455556",
      8,
      7,
      1024
    ],
    [
      8267,
      5,
      "1223334444444555555",
      16,
      13,
      512
    ],
    [
      139339,
      6,
      "1223334444444555566",
      16,
      13,
      512
    ],
    [
      4171,
      5,
      "1223334444445555555",
      25,
      19,
      32768
    ],
    [
      69707,
      6,
      "1223334444445555666",
      4,
      3,
      256
    ],
    [
      2123,
      5,
      "1223334444455555555",
      25,
      19,
      32768
    ],
    [
      264267,
      6,
      "1223334444455555556",
      25,
      18,
      16384
    ],
    [
      34891,
      6,
      "1223334444455556666",
      16,
      11,
      128
    ],
    [
      1099,
      5,
      "1223334444555555555",
      25,
      19,
      32768
    ],
    [
      263243,
      6,
      "1223334444555555556",
      25,
      18,
      16384
    ],
    [
      132171,
      6,
      "1223334444555555566",
      25,
      17,
      8192
    ],
    [
      17483,
      6,
      "1223334444555566666",
      3,
      2,
      4
    ],
    [
      43,
      4,
      "1223344444444444444",
      16,
      19,
      32768
    ],
    [
      262187,
      5,
      "1223344444444444445",
      8,
      9,
      16384
    ],
    [
      131115,
      5,
      "1223344444444444455",
      16,
      17,
      8192
    ],
    [
      65579,
      5,
      "1223344444444444555",
      1,
      1,
      4096
    ],
    [
      32811,
      5,
      "1223344444444445555",
      16,
      15,
      2048
    ],
    [
      16427,
      5,
      "1223344444444455555",
      8,
      7,
      1024
    ],
    [
      8235,
      5,
      "1223344444444555555",
      16,
      13,
      512
    ],
    [
      4139,
      5,
      "1223344444445555555",
      25,
      19,
      32768
    ],
    [
      266283,
      6,
      "1223344444445555556",
      4,
      3,
      256
    ],
    [
      2091,
      5,
      "1223344444455555555",
      25,
      19,
      32768
    ],
    [
      264235,
      6,
      "1223344444455555556",
      25,
      18,
      16384
    ],
    [
      133163,
      6,
      "1223344444455555566",
      16,
      11,
      128
    ],
    [
      1067,
      5,
      "1223344444555555555",
      25,
      19,
      32768
    ],
    [
      263211,
      6,
      "1223344444555555556",
      25,
      18,
      16384
    ],
    [
      132139,
      6,
      "1223344444555555566",
      25,
      17,
      8192
    ],
    [
      66603,
      6,
      "1223344444555555666",
      25,
      16,
      4096
    ],
    [
      555,
      5,
      "1223344445555555555",
      25,
      19,
      32768
    ],
    [
      262699,
      6,
      "1223344445555555556",
      25,
      18,
      16384
    ],
    [
      131627,
      6,
      "1223344445555555566",
      25,
      17,
      8192
    ],
    [
      66091,
      6,
      "1223344445555555666",
      25,
      16,
      4096
    ],
    [
      33323,
      6,
      "1223344445555556666",
      5,
      3,
      2048
    ],
    [
      7,
      3,
      "1233333333333333333",
      9,
      19,
      32768
    ],
    [
      262151,
      4,
      "1233333333333333334",
      1,
      2,
      16384
    ],
    [
      131079,
      4,
      "1233333333333333344",
      9,
      17,
      8192
    ],
    [
      65543,
      4,
      "1233333333333333444",
      9,
      16,
      4096
    ],
    [
      32775,
      4,
      "1233333333333334444",
      3,
      5,
      2048
    ],
    [
      294919,
      5,
      "1233333333333334445",
      3,
      5,
      2048
    ],
    [
      16391,
      4,
      "1233333333333344444",
      9,
      14,
      1024
    ],
    [
      278535,
      5,
      "1233333333333344445",
      9,
      14,
      1024
    ],
    [
      147463,
      5,
      "1233333333333344455",
      9,
      14,
      1024
    ],
    [
      8199,
      4,
      "1233333333333444444",
      9,
      13,
      512
    ],
    [
      270343,
      5,
      "1233333333333444445",
      9,
      13,
      512
    ],
    [
      139271,
      5,
      "1233333333333444455",
      9,
      13,
      512
    ],
    [
      73735,
      5,
      "1233333333333444555",
      9,
      13,
      512
    ],
    [
      4103,
      4,
      "1233333333334444444",
      3,
      4,
      256
    ],
    [
      266247,
      5,
      "1233333333334444445",
      3,
      4,
      256
    ],
    [
      135175,
      5,
      "1233333333334444455",
      3,
      4,
      256
    ],
    [
      69639,
      5,
      "1233333333334444555",
      3,
      4,
      256
    ],
    [
      36871,
      5,
      "1233333333334445555",
      3,
      4,
      256
    ],
    [
      299015,
      6,
      "1233333333334445556",
      3,
      4,
      256
    ],
    [
      2055,
      4,
      "1233333333344444444",
      9,
      11,
      128
    ],
    [
      264199,
      5,
      "1233333333344444445",
      9,
      11,
      128
    ],
    [
      133127,
      5,
      "1233333333344444455",
      9,
      11,
      128
    ],
    [
      67591,
      5,
      "1233333333344444555",
      9,
      11,
      128
    ],
    [
      34823,
      5,
      "1233333333344445555",
      9,
      11,
      128
    ],
    [
      296967,
      6,
      "1233333333344445556",
      9,
      11,
      128
    ],
    [
      18439,
      5,
      "1233333333344455555",
      9,
      11,
      128
    ],
    [
      280583,
      6,
      "1233333333344455556",
      9,
      11,
      128
    ],
    [
      149511,
      6,
      "1233333333344455566",
      9,
      11,
      128
    ],
    [
      1031,
      4,
      "1233333333444444444",
      16,
      19,
      32768
    ],
    [
      263175,
      5,
      "1233333333444444445",
      8,
      9,
      16384
    ],
    [
      132103,
      5,
      "1233333333444444455",
      9,
      10,
      64
    ],
    [
      66567,
      5,
      "1233333333444444555",
      9,
      10,
      64
    ],
    [
      33799,
      5,
      "1233333333444445555",
      9,
      10,
      64
    ],
    [
      295943,
      6,
      "1233333333444445556",
      9,
      10,
      64
    ],
    [
      17415,
      5,
      "1233333333444455555",
      9,
      10,
      64
    ],
    [
      279559,
      6,
      "1233333333444455556",
      9,
      10,
      64
    ],
    [
      148487,
      6,
      "1233333333444455566",
      9,
      10,
      64
    ],
    [
      9223,
      5,
      "1233333333444555555",
      9,
      10,
      64
    ],
    [
      271367,
      6,
      "1233333333444555556",
      9,
      10,
      64
    ],
    [
      140295,
      6,
      "1233333333444555566",
      9,
      10,
      64
    ],
    [
      74759,
      6,
      "1233333333444555666",
      9,
      10,
      64
    ],
    [
      519,
      4,
      "1233333334444444444",
      16,
      19,
      32768
    ],
    [
      262663,
      5,
      "1233333334444444445",
      8,
      9,
      16384
    ],
    [
      131591,
      5,
      "1233333334444444455",
      16,
      17,
      8192
    ],
    [
      66055,
      5,
      "1233333334444444555",
      1,
      1,
      4128
    ],
    [
      33287,
      5,
      "1233333334444445555",
      1,
      1,
      32
    ],
    [
      295431,
      6,
      "1233333334444445556",
      1,
      1,
      32
    ],
    [
      16903,
      5,
      "1233333334444455555",
      1,
      1,
      32
    ],
    [
      279047,
      6,
      "1233333334444455556",
      1,
      1,
      32
    ],
    [
      147975,
      6,
      "1233333334444455566",
      1,
      1,
      32
    ],
    [
      8711,
      5,
      "1233333334444555555",
      1,
      1,
      32
    ],
    [
      270855,
      6,
      "1233333334444555556",
      1,
      1,
      32
    ],
    [
      139783,
      6,
      "1233333334444555566",
      1,
      1,
      32
    ],
    [
      74247,
      6,
      "1233333334444555666",
      1,
      1,
      32
    ],
    [
      4615,
      5,
      "1233333334445555555",
      1,
      1,
      32
    ],
    [
      266759,
      6,
      "1233333334445555556",
      1,
      1,
      32
    ],
    [
      135687,
      6,
      "1233333334445555566",
      1,
      1,
      32
    ],
    [
      70151,
      6,
      "1233333334445555666",
      1,
      1,
      32
    ],
    [
      37383,
      6,
      "1233333334445556666",
      1,
      1,
      32
    ],
    [
      263,
      4,
      "1233333344444444444",
      16,
      19,
      32768
    ],
    [
      262407,
      5,
      "1233333344444444445",
      8,
      9,
      16384
    ],
    [
      131335,
      5,
      "1233333344444444455",
      16,
      17,
      8192
    ],
    [
      65799,
      5,
      "1233333344444444555",
      1,
      1,
      4096
    ],
    [
      33031,
      5,
      "1233333344444445555",
      16,
      15,
      2048
    ],
    [
      295175,
      6,
      "1233333344444445556",
      16,
      15,
      2048
    ],
    [
      16647,
      5,
      "1233333344444455555",
      9,
      8,
      16
    ],
    [
      278791,
      6,
      "1233333344444455556",
      9,
      8,
      16
    ],
    [
      147719,
      6,
      "1233333344444455566",
      9,
      8,
      16
    ],
    [
      8455,
      5,
      "1233333344444555555",
      9,
      8,
      16
    ],
    [
      270599,
      6,
      "1233333344444555556",
      9,
      8,
      16
    ],
    [
      139527,
      6,
      "1233333344444555566",
      9,
      8,
      16
    ],
    [
      73991,
      6,
      "1233333344444555666",
      9,
      8,
      16
    ],
    [
      4359,
      5,
      "1233333344445555555",
      9,
      8,
      16
    ],
    [
      135431,
      6,
      "1233333344445555566",
      9,
      8,
      16
    ],
    [
      69895,
      6,
      "1233333344445555666",
      9,
      8,
      16
    ],
    [
      37127,
      6,
      "1233333344445556666",
      9,
      8,
      16
    ],
    [
      2311,
      5,
      "1233333344455555555",
      9,
      8,
      16
    ],
    [
      67847,
      6,
      "1233333344455555666",
      9,
      8,
      16
    ],
    [
      35079,
      6,
      "1233333344455556666",
      9,
      8,
      16
    ],
    [
      18695,
      6,
      "1233333344455566666",
      9,
      8,
      16
    ],
    [
      135,
      4,
      "1233333444444444444",
      16,
      19,
      32768
    ],
    [
      262279,
      5,
      "1233333444444444445",
      8,
      9,
      16384
    ],
    [
      131207,
      5,
      "1233333444444444455",
      16,
      17,
      8192
    ],
    [
      65671,
      5,
      "1233333444444444555",
      1,
      1,
      4096
    ],
    [
      32903,
      5,
      "1233333444444445555",
      16,
      15,
      2048
    ],
    [
      295047,
      6,
      "1233333444444445556",
      16,
      15,
      2048
    ],
    [
      16519,
      5,
      "1233333444444455555",
      8,
      7,
      1024
    ],
    [
      278663,
      6,
      "1233333444444455556",
      8,
      7,
      1024
    ],
    [
      147591,
      6,
      "1233333444444455566",
      8,
      7,
      1024
    ],
    [
      8327,
      5,
      "1233333444444555555",
      16,
      13,
      512
    ],
    [
      139399,
      6,
      "1233333444444555566",
      16,
      13,
      512
    ],
    [
      73863,
      6,
      "1233333444444555666",
      16,
      13,
      512
    ],
    [
      4231,
      5,
      "1233333444445555555",
      9,
      7,
      8
    ],
    [
      69767,
      6,
      "1233333444445555666",
      9,
      7,
      8
    ],
    [
      36999,
      6,
      "1233333444445556666",
      9,
      7,
      8
    ],
    [
      2183,
      5,
      "1233333444455555555",
      9,
      7,
      8
    ],
    [
      34951,
      6,
      "1233333444455556666",
      9,
      7,
      8
    ],
    [
      18567,
      6,
      "1233333444455566666",
      9,
      7,
      8
    ],
    [
      1159,
      5,
      "1233333444555555555",
      9,
      7,
      8
    ],
    [
      263303,
      6,
      "1233333444555555556",
      9,
      7,
      8
    ],
    [
      17543,
      6,
      "1233333444555566666",
      9,
      7,
      8
    ],
    [
      279687,
      7,
      "1233333444555566667",
      9,
      7,
      8
    ],
    [
      9351,
      6,
      "1233333444555666666",
      9,
      7,
      8
    ],
    [
      71,
      4,
      "1233334444444444444",
      16,
      19,
      32768
    ],
    [
      262215,
      5,
      "1233334444444444445",
      8,
      9,
      16384
    ],
    [
      131143,
      5,
      "1233334444444444455",
      16,
      17,
      8192
    ],
    [
      65607,
      5,
      "1233334444444444555",
      1,
      1,
      4096
    ],
    [
      32839,
      5,
      "1233334444444445555",
      16,
      15,
      2048
    ],
    [
      294983,
      6,
      "1233334444444445556",
      16,
      15,
      2048
    ],
    [
      16455,
      5,
      "1233334444444455555",
      8,
      7,
      1024
    ],
    [
      147527,
      6,
      "1233334444444455566",
      8,
      7,
      1024
    ],
    [
      8263,
      5,
      "1233334444444555555",
      16,
      13,
      512
    ],
    [
      73799,
      6,
      "1233334444444555666",
      16,
      13,
      512
    ],
    [
      4167,
      5,
      "1233334444445555555",
      25,
      19,
      32768
    ],
    [
      36935,
      6,
      "1233334444445556666",
      4,
      3,
      256
    ],
    [
      2119,
      5,
      "1233334444455555555",
      25,
      19,
      32768
    ],
    [
      264263,
      6,
      "1233334444455555556",
      25,
      18,
      16384
    ],
    [
      18503,
      6,
      "1233334444455566666",
      16,
      11,
      128
    ],
    [
      1095,
      5,
      "1233334444555555555",
      25,
      19,
      32768
    ],
    [
      263239,
      6,
      "1233334444555555556",
      25,
      18,
      16384
    ],
    [
      132167,
      6,
      "1233334444555555566",
      25,
      17,
      8192
    ],
    [
      9287,
      6,
      "1233334444555666666",
      3,
      2,
      4
    ],
    [
      583,
      5,
      "1233334445555555555",
      25,
      19,
      32768
    ],
    [
      262727,
      6,
      "1233334445555555556",
      25,
      18,
      16384
    ],
    [
      131655,
      6,
      "1233334445555555566",
      25,
      17,
      8192
    ],
    [
      66119,
      6,
      "1233334445555555666",
      3,
      2,
      4
    ],
    [
      4679,
      6,
      "1233334445556666666",
      3,
      2,
      4
    ],
    [
      39,
      4,
      "1233344444444444444",
      16,
      19,
      32768
    ],
    [
      262183,
      5,
      "1233344444444444445",
      8,
      9,
      16384
    ],
    [
      131111,
      5,
      "1233344444444444455",
      16,
      17,
      8192
    ],
    [
      65575,
      5,
      "1233344444444444555",
      1,
      1,
      4096
    ],
    [
      32807,
      5,
      "1233344444444445555",
      16,
      15,
      2048
    ],
    [
      16423,
      5,
      "1233344444444455555",
      8,
      7,
      1024
    ],
    [
      8231,
      5,
      "1233344444444555555",
      16,
      13,
      512
    ],
    [
      4135,
      5,
      "1233344444445555555",
      25,
      19,
      32768
    ],
    [
      266279,
      6,
      "1233344444445555556",
      4,
      3,
      256
    ],
    [
      2087,
      5,
      "1233344444455555555",
      25,
      19,
      32768
    ],
    [
      264231,
      6,
      "1233344444455555556",
      25,
      18,
      16384
    ],
    [
      133159,
      6,
      "1233344444455555566",
      16,
      11,
      128
    ],
    [
      1063,
      5,
      "1233344444555555555",
      25,
      19,
      32768
    ],
    [
      263207,
      6,
      "1233344444555555556",
      25,
      18,
      16384
    ],
    [
      132135,
      6,
      "1233344444555555566",
      25,
      17,
      8192
    ],
    [
      66599,
      6,
      "1233344444555555666",
      25,
      16,
      4096
    ],
    [
      551,
      5,
      "1233344445555555555",
      25,
      19,
      32768
    ],
    [
      262695,
      6,
      "1233344445555555556",
      25,
      18,
      16384
    ],
    [
      131623,
      6,
      "1233344445555555566",
      25,
      17,
      8192
    ],
    [
      66087,
      6,
      "1233344445555555666",
      25,
      16,
      4096
    ],
    [
      33319,
      6,
      "1233344445555556666",
      5,
      3,
      2048
    ],
    [
      295,
      5,
      "1233344455555555555",
      25,
      19,
      32768
    ],
    [
      262439,
      6,
      "1233344455555555556",
      25,
      18,
      16384
    ],
    [
      131367,
      6,
      "1233344455555555566",
      25,
      17,
      8192
    ],
    [
      65831,
      6,
      "1233344455555555666",
      25,
      16,
      4096
    ],
    [
      33063,
      6,
      "1233344455555556666",
      5,
      3,
      2048
    ],
    [
      16679,
      6,
      "1233344455555566666",
      25,
      14,
      1024
    ],
    [
      23,
      4,
      "1233444444444444444",
      16,
      19,
      32768
    ],
    [
      262167,
      5,
      "1233444444444444445",
      8,
      9,
      16384
    ],
    [
      131095,
      5,
      "1233444444444444455",
      16,
      17,
      8192
    ],
    [
      65559,
      5,
      "1233444444444444555",
      1,
      1,
      4096
    ],
    [
      32791,
      5,
      "1233444444444445555",
      16,
      15,
      2048
    ],
    [
      16407,
      5,
      "1233444444444455555",
      8,
      7,
      1024
    ],
    [
      8215,
      5,
      "1233444444444555555",
      16,
      13,
      512
    ],
    [
      270359,
      6,
      "1233444444444555556",
      16,
      13,
      512
    ],
    [
      4119,
      5,
      "1233444444445555555",
      25,
      19,
      32768
    ],
    [
      266263,
      6,
      "1233444444445555556",
      4,
      3,
      256
    ],
    [
      135191,
      6,
      "1233444444445555566",
      4,
      3,
      256
    ],
    [
      2071,
      5,
      "1233444444455555555",
      25,
      19,
      32768
    ],
    [
      264215,
      6,
      "1233444444455555556",
      25,
      18,
      16384
    ],
    [
      133143,
      6,
      "1233444444455555566",
      16,
      11,
      128
    ],
    [
      67607,
      6,
      "1233444444455555666",
      16,
      11,
      128
    ],
    [
      1047,
      5,
      "1233444444555555555",
      25,
      19,
      32768
    ],
    [
      263191,
      6,
      "1233444444555555556",
      25,
      18,
      16384
    ],
    [
      132119,
      6,
      "1233444444555555566",
      25,
      17,
      8192
    ],
    [
      66583,
      6,
      "1233444444555555666",
      25,
      16,
      4096
    ],
    [
      33815,
      6,
      "1233444444555556666",
      8,
      5,
      64
    ],
    [
      535,
      5,
      "1233444445555555555",
      25,
      19,
      32768
    ],
    [
      262679,
      6,
      "1233444445555555556",
      25,
      18,
      16384
    ],
    [
      131607,
      6,
      "1233444445555555566",
      25,
      17,
      8192
    ],
    [
      66071,
      6,
      "1233444445555555666",
      25,
      16,
      4096
    ],
    [
      33303,
      6,
      "1233444445555556666",
      5,
      3,
      2048
    ],
    [
      16919,
      6,
      "1233444445555566666",
      16,
      9,
      32
    ],
    [
      279,
      5,
      "1233444455555555555",
      25,
      19,
      32768
    ],
    [
      262423,
      6,
      "1233444455555555556",
      25,
      18,
      16384
    ],
    [
      131351,
      6,
      "1233444455555555566",
      25,
      17,
      8192
    ],
    [
      65815,
      6,
      "1233444455555555666",
      25,
      16,
      4096
    ],
    [
      33047,
      6,
      "1233444455555556666",
      5,
      3,
      2048
    ],
    [
      16663,
      6,
      "1233444455555566666",
      25,
      14,
      1024
    ],
    [
      8471,
      6,
      "1233444455555666666",
      36,
      19,
      32768
    ],
    [
      270615,
      7,
      "1233444455555666667",
      25,
      13,
      512
    ],
    [
      151,
      5,
      "1233444555555555555",
      25,
      19,
      32768
    ],
    [
      262295,
      6,
      "1233444555555555556",
      25,
      18,
      16384
    ],
    [
      131223,
      6,
      "1233444555555555566",
      25,
      17,
      8192
    ],
    [
      65687,
      6,
      "1233444555555555666",
      25,
      16,
      4096
    ],
    [
      32919,
      6,
      "1233444555555556666",
      5,
      3,
      2048
    ],
    [
      16535,
      6,
      "1233444555555566666",
      25,
      14,
      1024
    ],
    [
      8343,
      6,
      "1233444555555666666",
      36,
      19,
      32768
    ],
    [
      4247,
      6,
      "1233444555556666666",
      36,
      19,
      32768
    ]
  ],
  "score_groups": [
    {
      "num": 0,
      "den": 1,
      "count": 3016
    },
    {
      "num": 1,
      "den": 19,
      "count": 4
    },
    {
      "num": 1,
      "den": 18,
      "count": 4
    },
    {
      "num": 1,
      "den": 17,
      "count": 8
    },
    {
      "num": 1,
      "den": 16,
      "count": 16
    },
    {
      "num": 1,
      "den": 15,
      "count": 28
    },
    {
      "num": 1,
      "den": 14,
      "count": 52
    },
    {
      "num": 1,
      "den": 13,
      "count": 88
    },
    {
      "num": 1,
      "den": 12,
      "count": 144
    },
    {
      "num": 1,
      "den": 11,
      "count": 228
    },
    {
      "num": 1,
      "den": 10,
      "count": 363
    },
    {
      "num": 1,
      "den": 9,
      "count": 488
    },
    {
      "num": 1,
      "den": 8,
      "count": 626
    },
    {
      "num": 1,
      "den": 7,
      "count": 760
    },
    {
      "num": 1,
      "den": 6,
      "count": 931
    },
    {
      "num": 1,
      "den": 5,
      "count": 1149
    },
    {
      "num": 4,
      "den": 19,
      "count": 10
    },
    {
      "num": 2,
      "den": 9,
      "count": 10
    },
    {
      "num": 4,
      "den": 17,
      "count": 16
    },
    {
      "num": 1,
      "den": 4,
      "count": 1436
    },
    {
      "num": 4,
      "den": 15,
      "count": 19
    },
    {
      "num": 2,
      "den": 7,
      "count": 33
    },
    {
      "num": 4,
      "den": 13,
      "count": 51
    },
    {
      "num": 1,
      "den": 3,
      "count": 78
    },
    {
      "num": 4,
      "den": 11,
      "count": 122
    },
    {
      "num": 2,
      "den": 5,
      "count": 182
    },
    {
      "num": 4,
      "den": 9,
      "count": 242
    },
    {
      "num": 9,
      "den": 19,
      "count": 34
    },
    {
      "num": 1,
      "den": 2,
      "count": 301
    },
    {
      "num": 9,
      "den": 17,
      "count": 38
    },
    {
      "num": 9,
      "den": 16,
      "count": 52
    },
    {
      "num": 4,
      "den": 7,
      "count": 268
    },
    {
      "num": 3,
      "den": 5,
      "count": 47
    },
    {
      "num": 9,
      "den": 14,
      "count": 62
    },
    {
      "num": 2,
      "den": 3,
      "count": 305
    },
    {
      "num": 9,
      "den": 13,
      "count": 53
    },
    {
      "num": 3,
      "den": 4,
      "count": 79
    },
    {
      "num": 4,
      "den": 5,
      "count": 351
    },
    {
      "num": 9,
      "den": 11,
      "count": 72
    },
    {
      "num": 16,
      "den": 19,
      "count": 55
    },
    {
      "num": 8,
      "den": 9,
      "count": 55
    },
    {
      "num": 9,
      "den": 10,
      "count": 80
    },
    {
      "num": 16,
      "den": 17,
      "count": 48
    },
    {
      "num": 1,
      "den": 1,
      "count": 371
    },
    {
      "num": 16,
      "den": 15,
      "count": 22
    },
    {
      "num": 9,
      "den": 8,
      "count": 40
    },
    {
      "num": 8,
      "den": 7,
      "count": 18
    },
    {
      "num": 16,
      "den": 13,
      "count": 23
    },
    {
      "num": 9,
      "den": 7,
      "count": 28
    },
    {
      "num": 25,
      "den": 19,
      "count": 39
    },
    {
      "num": 4,
      "den": 3,
      "count": 12
    },
    {
      "num": 25,
      "den": 18,
      "count": 30
    },
    {
      "num": 16,
      "den": 11,
      "count": 12
    },
    {
      "num": 25,
      "den": 17,
      "count": 21
    },
    {
      "num": 3,
      "den": 2,
      "count": 8
    },
    {
      "num": 25,
      "den": 16,
      "count": 15
    },
    {
      "num": 8,
      "den": 5,
      "count": 3
    },
    {
      "num": 5,
      "den": 3,
      "count": 10
    },
    {
      "num": 16,
      "den": 9,
      "count": 3
    },
    {
      "num": 25,
      "den": 14,
      "count": 5
    },
    {
      "num": 9,
      "den": 5,
      "count": 1
    },
    {
      "num": 36,
      "den": 19,
      "count": 4
    },
    {
      "num": 25,
      "den": 13,
      "count": 1
    }
  ],
  "summary": {
    "total": 12670,
    "maximum_size": 7,
    "maximum_size_count": "4",
    "maximum_score": {
      "num": 25,
      "den": 13,
      "count": 1
    },
    "inherited_B2_two_total": "78736"
  },
  "work": {
    "saved_nodes": 6423,
    "saved_witnesses": 525,
    "witness_filters": 525,
    "selected_witnesses": 444,
    "new_pair_sums": 0,
    "new_support_unions": 0,
    "old_constraint_constructions": 0,
    "old_coefficient_recomputations": 0,
    "refinement_states": 5753,
    "memo_hits": 2558,
    "skipped_drops": 6488,
    "unchanged_returns": 43,
    "old_node_reuses": 1169,
    "new_unique_hits": 281,
    "zero_high_reductions": 3126,
    "new_nodes": 1177,
    "new_coefficient_cells": 4713,
    "family_path_visits": 25339,
    "family_rows": 12670,
    "prefix_cells": 240730,
    "score_comparisons": 202720
  }
}
