    [
      131348,
      4,
      "0011222233333333344",
      1,
      4,
      1
    ],
    [
      393492,
      5,
      "0011222233333333345",
      1,
      4,
      1
    ],
    [
      65812,
      4,
      "0011222233333333444",
      1,
      4,
      1
    ],
    [
      196884,
      5,
      "0011222233333333455",
      1,
      4,
      1
    ],
    [
      33044,
      4,
      "0011222233333334444",
      1,
      4,
      1
    ],
    [
      295188,
      5,
      "0011222233333334445",
      1,
      4,
      1
    ],
    [
      98580,
      5,
      "0011222233333334555",
      1,
      4,
      1
    ],
    [
      16660,
      4,
      "0011222233333344444",
      1,
      4,
      1
    ],
    [
      147732,
      5,
      "0011222233333344455",
      1,
      4,
      1
    ],
    [
      49428,
      5,
      "0011222233333345555",
      1,
      4,
      1
    ],
    [
      8468,
      4,
      "0011222233333444444",
      1,
      4,
      1
    ],
    [
      270612,
      5,
      "0011222233333444445",
      1,
      4,
      1
    ],
    [
      74004,
      5,
      "0011222233333444555",
      1,
      4,
      1
    ],
    [
      24852,
      5,
      "0011222233333455555",
      1,
      4,
      1
    ],
    [
      4372,
      4,
      "0011222233334444444",
      1,
      4,
      1
    ],
    [
      135444,
      5,
      "0011222233334444455",
      1,
      4,
      1
    ],
    [
      37140,
      5,
      "0011222233334445555",
      1,
      4,
      1
    ],
    [
      12564,
      5,
      "0011222233334555555",
      1,
      4,
      1
    ],
    [
      2324,
      4,
      "0011222233344444444",
      1,
      4,
      1
    ],
    [
      264468,
      5,
      "0011222233344444445",
      1,
      4,
      1
    ],
    [
      67860,
      5,
      "0011222233344444555",
      1,
      4,
      1
    ],
    [
      18708,
      5,
      "0011222233344455555",
      1,
      4,
      1
    ],
    [
      6420,
      5,
      "0011222233345555555",
      1,
      4,
      1
    ],
    [
      788,
      4,
      "0011222234444444444",
      1,
      4,
      1
    ],
    [
      262932,
      5,
      "0011222234444444445",
      1,
      4,
      1
    ],
    [
      131860,
      5,
      "0011222234444444455",
      1,
      4,
      1
    ],
    [
      66324,
      5,
      "0011222234444444555",
      1,
      4,
      1
    ],
    [
      17172,
      5,
      "0011222234444455555",
      1,
      4,
      1
    ],
    [
      148244,
      6,
      "0011222234444455566",
      1,
      4,
      1
    ],
    [
      4884,
      5,
      "0011222234445555555",
      1,
      4,
      1
    ],
    [
      148,
      3,
      "0011222333333333333",
      1,
      4,
      1
    ],
    [
      262292,
      4,
      "0011222333333333334",
      1,
      4,
      1
    ],
    [
      131220,
      4,
      "0011222333333333344",
      1,
      4,
      1
    ],
    [
      393364,
      5,
      "0011222333333333345",
      1,
      4,
      1
    ],
    [
      65684,
      4,
      "0011222333333333444",
      1,
      4,
      1
    ],
    [
      196756,
      5,
      "0011222333333333455",
      1,
      4,
      1
    ],
    [
      32916,
      4,
      "0011222333333334444",
      1,
      4,
      1
    ],
    [
      98452,
      5,
      "0011222333333334555",
      1,
      4,
      1
    ],
    [
      16532,
      4,
      "0011222333333344444",
      1,
      4,
      1
    ],
    [
      278676,
      5,
      "0011222333333344445",
      1,
      4,
      1
    ],
    [
      49300,
      5,
      "0011222333333345555",
      1,
      4,
      1
    ],
    [
      8340,
      4,
      "0011222333333444444",
      1,
      4,
      1
    ],
    [
      139412,
      5,
      "0011222333333444455",
      1,
      4,
      1
    ],
    [
      24724,
      5,
      "0011222333333455555",
      1,
      4,
      1
    ],
    [
      4244,
      4,
      "0011222333334444444",
      1,
      4,
      1
    ],
    [
      266388,
      5,
      "0011222333334444445",
      1,
      4,
      1
    ],
    [
      69780,
      5,
      "0011222333334444555",
      1,
      4,
      1
    ],
    [
      12436,
      5,
      "0011222333334555555",
      1,
      4,
      1
    ],
    [
      2196,
      4,
      "0011222333344444444",
      1,
      4,
      1
    ],
    [
      264340,
      5,
      "0011222333344444445",
      1,
      4,
      1
    ],
    [
      133268,
      5,
      "0011222333344444455",
      1,
      4,
      1
    ],
    [
      395412,
      6,
      "0011222333344444456",
      1,
      4,
      1
    ],
    [
      34964,
      5,
      "0011222333344445555",
      1,
      4,
      1
    ],
    [
      6292,
      5,
      "0011222333345555555",
      1,
      4,
      1
    ],
    [
      268436,
      6,
      "0011222333345555556",
      1,
      4,
      1
    ],
    [
      1172,
      4,
      "0011222333444444444",
      1,
      4,
      1
    ],
    [
      263316,
      5,
      "0011222333444444445",
      1,
      4,
      1
    ],
    [
      132244,
      5,
      "0011222333444444455",
      1,
      4,
      1
    ],
    [
      394388,
      6,
      "0011222333444444456",
      1,
      4,
      1
    ],
    [
      66708,
      5,
      "0011222333444444555",
      1,
      4,
      1
    ],
    [
      197780,
      6,
      "0011222333444444566",
      1,
      4,
      1
    ],
    [
      17556,
      5,
      "0011222333444455555",
      1,
      4,
      1
    ],
    [
      279700,
      6,
      "0011222333444455556",
      1,
      4,
      1
    ],
    [
      3220,
      5,
      "0011222333455555555",
      1,
      4,
      1
    ],
    [
      265364,
      6,
      "0011222333455555556",
      1,
      4,
      1
    ],
    [
      404,
      4,
      "0011222344444444444",
      1,
      4,
      1
    ],
    [
      262548,
      5,
      "0011222344444444445",
      1,
      4,
      1
    ],
    [
      131476,
      5,
      "0011222344444444455",
      1,
      4,
      1
    ],
    [
      65940,
      5,
      "0011222344444444555",
      1,
      4,
      1
    ],
    [
      33172,
      5,
      "0011222344444445555",
      1,
      4,
      1
    ],
    [
      16788,
      5,
      "0011222344444455555",
      1,
      4,
      1
    ],
    [
      4500,
      5,
      "0011222344445555555",
      1,
      4,
      1
    ],
    [
      84,
      3,
      "0011223333333333333",
      1,
      4,
      1
    ],
    [
      262228,
      4,
      "0011223333333333334",
      1,
      4,
      1
    ],
    [
      131156,
      4,
      "0011223333333333344",
      1,
      4,
      1
    ],
    [
      393300,
      5,
      "0011223333333333345",
      1,
      4,
      1
    ],
    [
      65620,
      4,
      "0011223333333333444",
      1,
      4,
      1
    ],
    [
      196692,
      5,
      "0011223333333333455",
      1,
      4,
      1
    ],
    [
      32852,
      4,
      "0011223333333334444",
      1,
      4,
      1
    ],
    [
      294996,
      5,
      "0011223333333334445",
      1,
      4,
      1
    ],
    [
      98388,
      5,
      "0011223333333334555",
      1,
      4,
      1
    ],
    [
      16468,
      4,
      "0011223333333344444",
      1,
      4,
      1
    ],
    [
      147540,
      5,
      "0011223333333344455",
      1,
      4,
      1
    ],
    [
      49236,
      5,
      "0011223333333345555",
      1,
      4,
      1
    ],
    [
      8276,
      4,
      "0011223333333444444",
      1,
      4,
      1
    ],
    [
      270420,
      5,
      "0011223333333444445",
      1,
      4,
      1
    ],
    [
      73812,
      5,
      "0011223333333444555",
      1,
      4,
      1
    ],
    [
      24660,
      5,
      "0011223333333455555",
      1,
      4,
      1
    ],
    [
      4180,
      4,
      "0011223333334444444",
      1,
      4,
      1
    ],
    [
      266324,
      5,
      "0011223333334444445",
      1,
      4,
      1
    ],
    [
      135252,
      5,
      "0011223333334444455",
      1,
      4,
      1
    ],
    [
      397396,
      6,
      "0011223333334444456",
      1,
      4,
      1
    ],
    [
      36948,
      5,
      "0011223333334445555",
      1,
      4,
      1
    ],
    [
      299092,
      6,
      "0011223333334445556",
      1,
      4,
      1
    ],
    [
      12372,
      5,
      "0011223333334555555",
      1,
      4,
      1
    ],
    [
      274516,
      6,
      "0011223333334555556",
      1,
      4,
      1
    ],
    [
      2132,
      4,
      "0011223333344444444",
      1,
      4,
      1
    ],
    [
      264276,
      5,
      "0011223333344444445",
      1,
      4,
      1
    ],
    [
      133204,
      5,
      "0011223333344444455",
      1,
      4,
      1
    ],
    [
      395348,
      6,
      "0011223333344444456",
      1,
      4,
      1
    ],
    [
      67668,
      5,
      "0011223333344444555",
      1,
      4,
      1
    ],
    [
      198740,
      6,
      "0011223333344444566",
      1,
      4,
      1
    ],
    [
      18516,
      5,
      "0011223333344455555",
      1,
      4,
      1
    ],
    [
      149588,
      6,
      "0011223333344455566",
      1,
      4,
      1
    ],
    [
      6228,
      5,
      "0011223333345555555",
      1,
      4,
      1
    ],
    [
      268372,
      6,
      "0011223333345555556",
      1,
      4,
      1
    ],
    [
      1108,
      4,
      "0011223333444444444",
      1,
      4,
      1
    ],
    [
      263252,
      5,
      "0011223333444444445",
      1,
      4,
      1
    ],
    [
      132180,
      5,
      "0011223333444444455",
      1,
      4,
      1
    ],
    [
      394324,
      6,
      "0011223333444444456",
      1,
      4,
      1
    ],
    [
      66644,
      5,
      "0011223333444444555",
      1,
      4,
      1
    ],
    [
      197716,
      6,
      "0011223333444444566",
      1,
      4,
      1
    ],
    [
      33876,
      5,
      "0011223333444445555",
      1,
      4,
      1
    ],
    [
      296020,
      6,
      "0011223333444445556",
      1,
      4,
      1
    ],
    [
      99412,
      6,
      "0011223333444445666",
      1,
      4,
      1
    ],
    [
      9300,
      5,
      "0011223333444555555",
      1,
      4,
      1
    ],
    [
      271444,
      6,
      "0011223333444555556",
      1,
      4,
      1
    ],
    [
      74836,
      6,
      "0011223333444555666",
      1,
      4,
      1
    ],
    [
      3156,
      5,
      "0011223333455555555",
      1,
      4,
      1
    ],
    [
      265300,
      6,
      "0011223333455555556",
      1,
      4,
      1
    ],
    [
      68692,
      6,
      "0011223333455555666",
      1,
      4,
      1
    ],
    [
      596,
      4,
      "0011223334444444444",
      1,
      4,
      1
    ],
    [
      262740,
      5,
      "0011223334444444445",
      1,
      4,
      1
    ],
    [
      131668,
      5,
      "0011223334444444455",
      1,
      4,
      1
    ],
    [
      393812,
      6,
      "0011223334444444456",
      1,
      4,
      1
    ],
    [
      66132,
      5,
      "0011223334444444555",
      1,
      4,
      1
    ],
    [
      197204,
      6,
      "0011223334444444566",
      1,
      4,
      1
    ],
    [
      33364,
      5,
      "0011223334444445555",
      1,
      4,
      1
    ],
    [
      98900,
      6,
      "0011223334444445666",
      1,
      4,
      1
    ],
    [
      16980,
      5,
      "0011223334444455555",
      1,
      4,
      1
    ],
    [
      49748,
      6,
      "0011223334444456666",
      1,
      4,
      1
    ],
    [
      4692,
      5,
      "0011223334445555555",
      1,
      4,
      1
    ],
    [
      266836,
      6,
      "0011223334445555556",
      1,
      4,
      1
    ],
    [
      1620,
      5,
      "0011223334555555555",
      1,
      4,
      1
    ],
    [
      263764,
      6,
      "0011223334555555556",
      1,
      4,
      1
    ],
    [
      67156,
      6,
      "0011223334555555666",
      1,
      4,
      1
    ],
    [
      212,
      4,
      "0011223444444444444",
      1,
      4,
      1
    ],
    [
      262356,
      5,
      "0011223444444444445",
      1,
      4,
      1
    ],
    [
      131284,
      5,
      "0011223444444444455",
      1,
      4,
      1
    ],
    [
      65748,
      5,
      "0011223444444444555",
      1,
      4,
      1
    ],
    [
      32980,
      5,
      "0011223444444445555",
      1,
      4,
      1
    ],
    [
      16596,
      5,
      "0011223444444455555",
      1,
      4,
      1
    ],
    [
      8404,
      5,
      "0011223444444555555",
      1,
      4,
      1
    ],
    [
      4308,
      5,
      "0011223444445555555",
      1,
      4,
      1
    ],
    [
      266452,
      6,
      "0011223444445555556",
      1,
      4,
      1
    ],
    [
      1236,
      5,
      "0011223444555555555",
      1,
      4,
      1
    ],
    [
      263380,
      6,
      "0011223444555555556",
      1,
      4,
      1
    ],
    [
      132308,
      6,
      "0011223444555555566",
      1,
      4,
      1
    ],
    [
      66772,
      6,
      "0011223444555555666",
      1,
      4,
      1
    ],
    [
      52,
      3,
      "0011233333333333333",
      1,
      4,
      1
    ],
    [
      262196,
      4,
      "0011233333333333334",
      1,
      4,
      1
    ],
    [
      131124,
      4,
      "0011233333333333344",
      1,
      4,
      1
    ],
    [
      65588,
      4,
      "0011233333333333444",
      1,
      4,
      1
    ],
    [
      32820,
      4,
      "0011233333333334444",
      1,
      4,
      1
    ],
    [
      16436,
      4,
      "0011233333333344444",
      1,
      4,
      1
    ],
    [
      278580,
      5,
      "0011233333333344445",
      1,
      4,
      1
    ],
    [
      8244,
      4,
      "0011233333333444444",
      1,
      4,
      1
    ],
    [
      270388,
      5,
      "0011233333333444445",
      1,
      4,
      1
    ],
    [
      139316,
      5,
      "0011233333333444455",
      1,
      4,
      1
    ],
    [
      4148,
      4,
      "0011233333334444444",
      1,
      4,
      1
    ],
    [
      266292,
      5,
      "0011233333334444445",
      1,
      4,
      1
    ],
    [
      135220,
      5,
      "0011233333334444455",
      1,
      4,
      1
    ],
    [
      69684,
      5,
      "0011233333334444555",
      1,
      4,
      1
    ],
    [
      2100,
      4,
      "0011233333344444444",
      1,
      4,
      1
    ],
    [
      264244,
      5,
      "0011233333344444445",
      1,
      4,
      1
    ],
    [
      133172,
      5,
      "0011233333344444455",
      1,
      4,
      1
    ],
    [
      67636,
      5,
      "0011233333344444555",
      1,
      4,
      1
    ],
    [
      34868,
      5,
      "0011233333344445555",
      1,
      4,
      1
    ],
    [
      1076,
      4,
      "0011233333444444444",
      1,
      4,
      1
    ],
    [
      263220,
      5,
      "0011233333444444445",
      1,
      4,
      1
    ],
    [
      132148,
      5,
      "0011233333444444455",
      1,
      4,
      1
    ],
    [
      66612,
      5,
      "0011233333444444555",
      1,
      4,
      1
    ],
    [
      33844,
      5,
      "0011233333444445555",
      1,
      4,
      1
    ],
    [
      17460,
      5,
      "0011233333444455555",
      1,
      4,
      1
    ],
    [
      279604,
      6,
      "0011233333444455556",
      1,
      4,
      1
    ],
    [
      564,
      4,
      "0011233334444444444",
      1,
      4,
      1
    ],
    [
      262708,
      5,
      "0011233334444444445",
      1,
      4,
      1
    ],
    [
      131636,
      5,
      "0011233334444444455",
      1,
      4,
      1
    ],
    [
      66100,
      5,
      "0011233334444444555",
      1,
      4,
      1
    ],
    [
      33332,
      5,
      "0011233334444445555",
      1,
      4,
      1
    ],
    [
      16948,
      5,
      "0011233334444455555",
      1,
      4,
      1
    ],
    [
      8756,
      5,
      "0011233334444555555",
      1,
      4,
      1
    ],
    [
      308,
      4,
      "0011233344444444444",
      1,
      4,
      1
    ],
    [
      262452,
      5,
      "0011233344444444445",
      1,
      4,
      1
    ],
    [
      131380,
      5,
      "0011233344444444455",
      1,
      4,
      1
    ],
    [
      65844,
      5,
      "0011233344444444555",
      1,
      4,
      1
    ],
    [
      33076,
      5,
      "0011233344444445555",
      1,
      4,
      1
    ],
    [
      16692,
      5,
      "0011233344444455555",
      1,
      4,
      1
    ],
    [
      8500,
      5,
      "0011233344444555555",
      1,
      4,
      1
    ],
    [
      270644,
      6,
      "0011233344444555556",
      1,
      4,
      1
    ],
    [
      4404,
      5,
      "0011233344445555555",
      1,
      4,
      1
    ],
    [
      135476,
      6,
      "0011233344445555566",
      1,
      4,
      1
    ],
    [
      116,
      4,
      "0011234444444444444",
      1,
      4,
      1
    ],
    [
      262260,
      5,
      "0011234444444444445",
      1,
      4,
      1
    ],
    [
      131188,
      5,
      "0011234444444444455",
      1,
      4,
      1
    ],
    [
      65652,
      5,
      "0011234444444444555",
      1,
      4,
      1
    ],
    [
      32884,
      5,
      "0011234444444445555",
      1,
      4,
      1
    ],
    [
      16500,
      5,
      "0011234444444455555",
      1,
      4,
      1
    ],
    [
      8308,
      5,
      "0011234444444555555",
      1,
      4,
      1
    ],
    [
      270452,
      6,
      "0011234444444555556",
      1,
      4,
      1
    ],
    [
      4212,
      5,
      "0011234444445555555",
      1,
      4,
      1
    ],
    [
      266356,
      6,
      "0011234444445555556",
      1,
      4,
      1
    ],
    [
      135284,
      6,
      "0011234444445555566",
      1,
      4,
      1
    ],
    [
      2164,
      5,
      "0011234444455555555",
      1,
      4,
      1
    ],
    [
      264308,
      6,
      "0011234444455555556",
      1,
      4,
      1
    ],
    [
      133236,
      6,
      "0011234444455555566",
      1,
      4,
      1
    ],
    [
      67700,
      6,
      "0011234444455555666",
      1,
      4,
      1
    ],
    [
      1140,
      5,
      "0011234444555555555",
      1,
      4,
      1
    ],
    [
      263284,
      6,
      "0011234444555555556",
      1,
      4,
      1
    ],
    [
      132212,
      6,
      "0011234444555555566",
      1,
      4,
      1
    ],
    [
      66676,
      6,
      "0011234444555555666",
      1,
      4,
      1
    ],
    [
      33908,
      6,
      "0011234444555556666",
      1,
      4,
      1
    ],
    [
      12,
      2,
      "0012222222222222222",
      4,
      19,
      32768
    ],
    [
      262156,
      3,
      "0012222222222222223",
      2,
      9,
      16384
    ],
    [
      131084,
      3,
      "0012222222222222233",
      4,
      17,
      8192
    ],
    [
      65548,
      3,
      "0012222222222222333",
      1,
      4,
      4096
    ],
    [
      327692,
      4,
      "0012222222222222334",
      1,
      4,
      4096
    ],
    [
      32780,
      3,
      "0012222222222223333",
      4,
      15,
      2048
    ],
    [
      294924,
      4,
      "0012222222222223334",
      4,
      15,
      2048
    ],
    [
      163852,
      4,
      "0012222222222223344",
      4,
      15,
      2048
    ],
    [
      16396,
      3,
      "0012222222222233333",
      2,
      7,
      1024
    ],
    [
      278540,
      4,
      "0012222222222233334",
      2,
      7,
      1024
    ],
    [
      147468,
      4,
      "0012222222222233344",
      2,
      7,
      1024
    ],
    [
      81932,
      4,
      "0012222222222233444",
      2,
      7,
      1024
    ],
    [
      344076,
      5,
      "0012222222222233445",
      2,
      7,
      1024
    ],
    [
      8204,
      3,
      "0012222222222333333",
      4,
      13,
      512
    ],
    [
      270348,
      4,
      "0012222222222333334",
      4,
      13,
      512
    ],
    [
      139276,
      4,
      "0012222222222333344",
      4,
      13,
      512
    ],
    [
      73740,
      4,
      "0012222222222333444",
      4,
      13,
      512
    ],
    [
      335884,
      5,
      "0012222222222333445",
      4,
      13,
      512
    ],
    [
      40972,
      4,
      "0012222222222334444",
      4,
      13,
      512
    ],
    [
      303116,
      5,
      "0012222222222334445",
      4,
      13,
      512
    ],
    [
      172044,
      5,
      "0012222222222334455",
      4,
      13,
      512
    ],
    [
      4108,
      3,
      "0012222222223333333",
      1,
      3,
      256
    ],
    [
      266252,
      4,
      "0012222222223333334",
      1,
      3,
      256
    ],
    [
      135180,
      4,
      "0012222222223333344",
      1,
      3,
      256
    ],
    [
      69644,
      4,
      "0012222222223333444",
      1,
      3,
      256
    ],
    [
      331788,
      5,
      "0012222222223333445",
      1,
      3,
      256
    ],
    [
      36876,
      4,
      "0012222222223334444",
      1,
      3,
      256
    ],
    [
      299020,
      5,
      "0012222222223334445",
      1,
      3,
      256
    ],
    [
      167948,
      5,
      "0012222222223334455",
      1,
      3,
      256
    ],
    [
      20492,
      4,
      "0012222222223344444",
      1,
      3,
      256
    ],
    [
      282636,
      5,
      "0012222222223344445",
      1,
      3,
      256
    ],
    [
      151564,
      5,
      "0012222222223344455",
      1,
      3,
      256
    ],
    [
      86028,
      5,
      "0012222222223344555",
      1,
      3,
      256
    ],
    [
      2060,
      3,
      "0012222222233333333",
      4,
      11,
      128
    ],
    [
      264204,
      4,
      "0012222222233333334",
      4,
      11,
      128
    ],
    [
      133132,
      4,
      "0012222222233333344",
      4,
      11,
      128
    ],
    [
      67596,
      4,
      "0012222222233333444",
      4,
      11,
      128
    ],
    [
      329740,
      5,
      "0012222222233333445",
      4,
      11,
      128
    ],
    [
      34828,
      4,
      "0012222222233334444",
      4,
      11,
      128
    ],
    [
      296972,
      5,
      "0012222222233334445",
      4,
      11,
      128
    ],
    [
      165900,
      5,
      "0012222222233334455",
      4,
      11,
      128
    ],
    [
      18444,
      4,
      "0012222222233344444",
      4,
      11,
      128
    ],
    [
      280588,
      5,
      "0012222222233344445",
      4,
      11,
      128
    ],
    [
      149516,
      5,
      "0012222222233344455",
      4,
      11,
      128
    ],
    [
      83980,
      5,
      "0012222222233344555",
      4,
      11,
      128
    ],
    [
      346124,
      6,
      "0012222222233344556",
      4,
      11,
      128
    ],
    [
      10252,
      4,
      "0012222222233444444",
      4,
      11,
      128
    ],
    [
      272396,
      5,
      "0012222222233444445",
      4,
      11,
      128
    ],
    [
      141324,
      5,
      "0012222222233444455",
      4,
      11,
      128
    ],
    [
      75788,
      5,
      "0012222222233444555",
      4,
      11,
      128
    ],
    [
      43020,
      5,
      "0012222222233445555",
      4,
      11,
      128
    ],
    [
      305164,
      6,
      "0012222222233445556",
      4,
      11,
      128
    ],
    [
      1036,
      3,
      "0012222222333333333",
      2,
      5,
      64
    ],
    [
      263180,
      4,
      "0012222222333333334",
      2,
      5,
      64
    ],
    [
      132108,
      4,
      "0012222222333333344",
      2,
      5,
      64
    ],
    [
      66572,
      4,
      "0012222222333333444",
      2,
      5,
      64
    ],
    [
      328716,
      5,
      "0012222222333333445",
      2,
      5,
      64
    ],
    [
      33804,
      4,
      "0012222222333334444",
      2,
      5,
      64
    ],
    [
      295948,
      5,
      "0012222222333334445",
      2,
      5,
      64
    ],
    [
      164876,
      5,
      "0012222222333334455",
      2,
      5,
      64
    ],
    [
      17420,
      4,
      "0012222222333344444",
      2,
      5,
      64
    ],
    [
      279564,
      5,
      "0012222222333344445",
      2,
      5,
      64
    ],
    [
      148492,
      5,
      "0012222222333344455",
      2,
      5,
      64
    ],
    [
      82956,
      5,
      "0012222222333344555",
      2,
      5,
      64
    ],
    [
      345100,
      6,
      "0012222222333344556",
      2,
      5,
      64
    ],
    [
      9228,
      4,
      "0012222222333444444",
      2,
      5,
      64
    ],
    [
      271372,
      5,
      "0012222222333444445",
      2,
      5,
      64
    ],
    [
      140300,
      5,
      "0012222222333444455",
      2,
      5,
      64
    ],
    [
      74764,
      5,
      "0012222222333444555",
      2,
      5,
      64
    ],
    [
      336908,
      6,
      "0012222222333444556",
      2,
      5,
      64
    ],
    [
      41996,
      5,
      "0012222222333445555",
      2,
      5,
      64
    ],
    [
      173068,
      6,
      "0012222222333445566",
      2,
      5,
      64
    ],
    [
      5132,
      4,
      "0012222222334444444",
      2,
      5,
      64
    ],
    [
      267276,
      5,
      "0012222222334444445",
      2,
      5,
      64
    ],
    [
      136204,
      5,
      "0012222222334444455",
      2,
      5,
      64
    ],
    [
      70668,
      5,
      "0012222222334444555",
      2,
      5,
      64
    ],
    [
      37900,
      5,
      "0012222222334445555",
      2,
      5,
      64
    ],
    [
      300044,
      6,
      "0012222222334445556",
      2,
      5,
      64
    ],
    [
      21516,
      5,
      "0012222222334455555",
      2,
      5,
      64
    ],
    [
      283660,
      6,
      "0012222222334455556",
      2,
      5,
      64
    ],
    [
      152588,
      6,
      "0012222222334455566",
      2,
      5,
      64
    ],
    [
      524,
      3,
      "0012222223333333333",
      4,
      9,
      32
    ],
    [
      262668,
      4,
      "0012222223333333334",
      4,
      9,
      32
    ],
    [
      131596,
      4,
      "0012222223333333344",
      4,
      9,
      32
    ],
    [
      66060,
      4,
      "0012222223333333444",
      4,
      9,
      32
    ],
    [
      328204,
      5,
      "0012222223333333445",
      4,
      9,
      32
    ],
    [
      33292,
      4,
      "0012222223333334444",
      4,
      9,
      32
    ],
    [
      295436,
      5,
      "0012222223333334445",
      4,
      9,
      32
    ],
    [
      164364,
      5,
      "0012222223333334455",
      4,
      9,
      32
    ],
    [
      16908,
      4,
      "0012222223333344444",
      4,
      9,
      32
    ],
    [
      279052,
      5,
      "0012222223333344445",
      4,
      9,
      32
    ],
    [
      147980,
      5,
      "0012222223333344455",
      4,
      9,
      32
    ],
    [
      82444,
      5,
      "0012222223333344555",
      4,
      9,
      32
    ],
    [
      344588,
      6,
      "0012222223333344556",
      4,
      9,
      32
    ],
    [
      8716,
      4,
      "0012222223333444444",
      4,
      9,
      32
    ],
    [
      270860,
      5,
      "0012222223333444445",
      4,
      9,
      32
    ],
    [
      139788,
      5,
      "0012222223333444455",
      4,
      9,
      32
    ],
    [
      74252,
      5,
      "0012222223333444555",
      4,
      9,
      32
    ],
    [
      336396,
      6,
      "0012222223333444556",
      4,
      9,
      32
    ],
    [
      41484,
      5,
      "0012222223333445555",
      4,
      9,
      32
    ],
    [
      303628,
      6,
      "0012222223333445556",
      4,
      9,
      32
    ],
    [
      172556,
      6,
      "0012222223333445566",
      4,
      9,
      32
    ],
    [
      4620,
      4,
      "0012222223334444444",
      4,
      9,
      32
    ],
    [
      135692,
      5,
      "0012222223334444455",
      4,
      9,
      32
    ],
    [
      70156,
      5,
      "0012222223334444555",
      4,
      9,
      32
    ],
    [
      37388,
      5,
      "0012222223334445555",
      4,
      9,
      32
    ],
    [
      168460,
      6,
      "0012222223334445566",
      4,
      9,
      32
    ],
    [
      21004,
      5,
      "0012222223334455555",
      4,
      9,
      32
    ],
    [
      86540,
      6,
      "0012222223334455666",
      4,
      9,
      32
    ],
    [
      2572,
      4,
      "0012222223344444444",
      4,
      9,
      32
    ],
    [
      68108,
      5,
      "0012222223344444555",
      4,
      9,
      32
    ],
    [
      35340,
      5,
      "0012222223344445555",
      4,
      9,
      32
    ],
    [
      18956,
      5,
      "0012222223344455555",
      4,
      9,
      32
    ],
    [
      10764,
      5,
      "0012222223344555555",
      4,
      9,
      32
    ],
    [
      76300,
      6,
      "0012222223344555666",
      4,
      9,
      32
    ],
    [
      268,
      3,
      "0012222233333333333",
      9,
      19,
      32768
    ],
    [
      262412,
      4,
      "0012222233333333334",
      1,
      2,
      16400
    ],
    [
      131340,
      4,
      "0012222233333333344",
      1,
      2,
      16
    ],
    [
      65804,
      4,
      "0012222233333333444",
      1,
      2,
      16
    ],
    [
      327948,
      5,
      "0012222233333333445",
      1,
      2,
      16
    ],
    [
      33036,
      4,
      "0012222233333334444",
      1,
      2,
      16
    ],
    [
      295180,
      5,
      "0012222233333334445",
      1,
      2,
      16
    ],
    [
      164108,
      5,
      "0012222233333334455",
      1,
      2,
      16
    ],
    [
      16652,
      4,
      "0012222233333344444",
      1,
      2,
      16
    ],
    [
      278796,
      5,
      "0012222233333344445",
      1,
      2,
      16
    ],
    [
      147724,
      5,
      "0012222233333344455",
      1,
      2,
      16
    ],
    [
      82188,
      5,
      "0012222233333344555",
      1,
      2,
      16
    ],
    [
      344332,
      6,
      "0012222233333344556",
      1,
      2,
      16
    ],
    [
      8460,
      4,
      "0012222233333444444",
      1,
      2,
      16
    ],
    [
      139532,
      5,
      "0012222233333444455",
      1,
      2,
      16
    ],
    [
      73996,
      5,
      "0012222233333444555",
      1,
      2,
      16
    ],
    [
      41228,
      5,
      "0012222233333445555",
      1,
      2,
      16
    ],
    [
      172300,
      6,
      "0012222233333445566",
      1,
      2,
      16
    ],
    [
      4364,
      4,
      "0012222233334444444",
      1,
      2,
      16
    ],
    [
      69900,
      5,
      "0012222233334444555",
      1,
      2,
      16
    ],
    [
      37132,
      5,
      "0012222233334445555",
      1,
      2,
      16
    ],
    [
      20748,
      5,
      "0012222233334455555",
      1,
      2,
      16
    ],
    [
      86284,
      6,
      "0012222233334455666",
      1,
      2,
      16
    ],
    [
      2316,
      4,
      "0012222233344444444",
      1,
      2,
      16
    ],
    [
      264460,
      5,
      "0012222233344444445",
      1,
      2,
      16
    ],
    [
      35084,
      5,
      "0012222233344445555",
      1,
      2,
      16
    ],
    [
      18700,
      5,
      "0012222233344455555",
      1,
      2,
      16
    ],
    [
      280844,
      6,
      "0012222233344455556",
      1,
      2,
      16
    ],
    [
      10508,
      5,
      "0012222233344555555",
      1,
      2,
      16
    ],
    [
      43276,
      6,
      "0012222233344556666",
      1,
      2,
      16
    ],
    [
      1292,
      4,
      "0012222233444444444",
      1,
      2,
      16
    ],
    [
      263436,
      5,
      "0012222233444444445",
      1,
      2,
      16
    ],
    [
      132364,
      5,
      "0012222233444444455",
      1,
      2,
      16
    ],
    [
      17676,
      5,
      "0012222233444455555",
      1,
      2,
      16
    ],
    [
      279820,
      6,
      "0012222233444455556",
      1,
      2,
      16
    ],
    [
      148748,
      6,
      "0012222233444455566",
      1,
      2,
      16
    ],
    [
      9484,
      5,
      "0012222233444555555",
      1,
      2,
      16
    ],
    [
      140556,
      6,
      "0012222233444555566",
      1,
      2,
      16
    ],
    [
      5388,
      5,
      "0012222233445555555",
      1,
      2,
      16
    ],
    [
      140,
      3,
      "0012222333333333333",
      9,
      19,
      32768
    ],
    [
      262284,
      4,
      "0012222333333333334",
      1,
      2,
      16384
    ],
    [
      131212,
      4,
      "0012222333333333344",
      9,
      17,
      8192
    ],
    [
      65676,
      4,
      "0012222333333333444",
      9,
      16,
      4096
    ],
    [
      327820,
      5,
      "0012222333333333445",
      9,
      16,
      4096
    ],
    [
      32908,
      4,
      "0012222333333334444",
      4,
      7,
      8
    ],
    [
      295052,
      5,
      "0012222333333334445",
      4,
      7,
      8
    ],
    [
      163980,
      5,
      "0012222333333334455",
      4,
      7,
      8
    ],
    [
      16524,
      4,
      "0012222333333344444",
      4,
      7,
      8
    ],
    [
      147596,
      5,
      "0012222333333344455",
      4,
      7,
      8
    ],
    [
      82060,
      5,
      "0012222333333344555",
      4,
      7,
      8
    ],
    [
      8332,
      4,
      "0012222333333444444",
      4,
      7,
      8
    ],
    [
      73868,
      5,
      "0012222333333444555",
      4,
      7,
      8
    ],
    [
      41100,
      5,
      "0012222333333445555",
      4,
      7,
      8
    ],
    [
      4236,
      4,
      "0012222333334444444",
      4,
      7,
      8
    ],
    [
      266380,
      5,
      "0012222333334444445",
      4,
      7,
      8
    ],
    [
      37004,
      5,
      "0012222333334445555",
      4,
      7,
      8
    ],
    [
      299148,
      6,
      "0012222333334445556",
      4,
      7,
      8
    ],
    [
      20620,
      5,
      "0012222333334455555",
      4,
      7,
      8
    ],
    [
      2188,
      4,
      "0012222333344444444",
      4,
      7,
      8
    ],
    [
      264332,
      5,
      "0012222333344444445",
      4,
      7,
      8
    ],
    [
      133260,
      5,
      "0012222333344444455",
      4,
      7,
      8
    ],
    [
      18572,
      5,
      "0012222333344455555",
      4,
      7,
      8
    ],
    [
      149644,
      6,
      "0012222333344455566",
      4,
      7,
      8
    ],
    [
      10380,
      5,
      "0012222333344555555",
      4,
      7,
      8
    ],
    [
      1164,
      4,
      "0012222333444444444",
      4,
      7,
      8
    ],
    [
      263308,
      5,
      "0012222333444444445",
      4,
      7,
      8
    ],
    [
      132236,
      5,
      "0012222333444444455",
      4,
      7,
      8
    ],
    [
      66700,
      5,
      "0012222333444444555",
      4,
      7,
      8
    ],
    [
      328844,
      6,
      "0012222333444444556",
      4,
      7,
      8
    ],
    [
      9356,
      5,
      "0012222333444555555",
      4,
      7,
      8
    ],
    [
      5260,
      5,
      "0012222333445555555",
      4,
      7,
      8
    ],
    [
      267404,
      6,
      "0012222333445555556",
      4,
      7,
      8
    ],
    [
      652,
      4,
      "0012222334444444444",
      4,
      7,
      8
    ],
    [
      262796,
      5,
      "0012222334444444445",
      4,
      7,
      8
    ],
    [
      131724,
      5,
      "0012222334444444455",
      4,
      7,
      8
    ],
    [
      66188,
      5,
      "0012222334444444555",
      4,
      7,
      8
    ],
    [
      33420,
      5,
      "0012222334444445555",
      4,
      7,
      8
    ],
    [
      295564,
      6,
      "0012222334444445556",
      4,
      7,
      8
    ],
    [
      4748,
      5,
      "0012222334445555555",
      4,
      7,
      8
    ],
    [
      37516,
      6,
      "0012222334445556666",
      4,
      7,
      8
    ],
    [
      2700,
      5,
      "0012222334455555555",
      4,
      7,
      8
    ],
    [
      76,
      3,
      "0012223333333333333",
      9,
      19,
      32768
    ],
    [
      262220,
      4,
      "0012223333333333334",
      1,
      2,
      16384
    ],
    [
      131148,
      4,
      "0012223333333333344",
      9,
      17,
      8192
    ],
    [
      65612,
      4,
      "0012223333333333444",
      9,
      16,
      4096
    ],
    [
      327756,
      5,
      "0012223333333333445",
      9,
      16,
      4096
    ],
    [
      32844,
      4,
      "0012223333333334444",
      3,
      5,
      2048
    ],
    [
      163916,
      5,
      "0012223333333334455",
      3,
      5,
      2048
    ],
    [
      16460,
      4,
      "0012223333333344444",
      9,
      14,
      1024
    ],
    [
      81996,
      5,
      "0012223333333344555",
      9,
      14,
      1024
    ],
    [
      8268,
      4,
      "0012223333333444444",
      2,
      3,
      4
    ],
    [
      270412,
      5,
      "0012223333333444445",
      2,
      3,
      4
    ],
    [
      41036,
      5,
      "0012223333333445555",
      2,
      3,
      4
    ],
    [
      4172,
      4,
      "0012223333334444444",
      2,
      3,
      4
    ],
    [
      266316,
      5,
      "0012223333334444445",
      2,
      3,
      4
    ],
    [
      135244,
      5,
      "0012223333334444455",
      2,
      3,
      4
    ],
    [
      20556,
      5,
      "0012223333334455555",
      2,
      3,
      4
    ],
    [
      2124,
      4,
      "0012223333344444444",
      2,
      3,
      4
    ],
    [
      264268,
      5,
      "0012223333344444445",
      2,
      3,
      4
    ],
    [
      133196,
      5,
      "0012223333344444455",
      2,
      3,
      4
    ],
    [
      67660,
      5,
      "0012223333344444555",
      2,
      3,
      4
    ],
    [
      329804,
      6,
      "0012223333344444556",
      2,
      3,
      4
    ],
    [
      10316,
      5,
      "0012223333344555555",
      2,
      3,
      4
    ],
    [
      1100,
      4,
      "0012223333444444444",
      2,
      3,
      4
    ],
    [
      263244,
      5,
      "0012223333444444445",
      2,
      3,
      4
    ],
    [
      132172,
      5,
      "0012223333444444455",
      2,
      3,
      4
    ],
    [
      66636,
      5,
      "0012223333444444555",
      2,
      3,
      4
    ],
    [
      328780,
      6,
      "0012223333444444556",
      2,
      3,
      4
    ],
    [
      33868,
      5,
      "0012223333444445555",
      2,
      3,
      4
    ],
    [
      164940,
      6,
      "0012223333444445566",
      2,
      3,
      4
    ],
    [
      5196,
      5,
      "0012223333445555555",
      2,
      3,
      4
    ],
    [
      267340,
      6,
      "0012223333445555556",
      2,
      3,
      4
    ],
    [
      136268,
      6,
      "0012223333445555566",
      2,
      3,
      4
    ],
    [
      588,
      4,
      "0012223334444444444",
      2,
      3,
      4
    ],
    [
      262732,
      5,
      "0012223334444444445",
      2,
      3,
      4
    ],
    [
      131660,
      5,
      "0012223334444444455",
      2,
      3,
      4
    ],
    [
      66124,
      5,
      "0012223334444444555",
      2,
      3,
      4
    ],
    [
      328268,
      6,
      "0012223334444444556",
      2,
      3,
      4
    ],
    [
      33356,
      5,
      "0012223334444445555",
      2,
      3,
      4
    ],
    [
      164428,
      6,
      "0012223334444445566",
      2,
      3,
      4
    ],
    [
      16972,
      5,
      "0012223334444455555",
      2,
      3,
      4
    ],
    [
      82508,
      6,
      "0012223334444455666",
      2,
      3,
      4
    ],
    [
      2636,
      5,
      "0012223334455555555",
      2,
      3,
      4
    ],
    [
      68172,
      6,
      "0012223334455555666",
      2,
      3,
      4
    ],
    [
      332,
      4,
      "0012223344444444444",
      2,
      3,
      4
    ],
    [
      262476,
      5,
      "0012223344444444445",
      2,
      3,
      4
    ],
    [
      131404,
      5,
      "0012223344444444455",
      2,
      3,
      4
    ],
    [
      65868,
      5,
      "0012223344444444555",
      2,
      3,
      4
    ],
    [
      33100,
      5,
      "0012223344444445555",
      2,
      3,
      4
    ],
    [
      16716,
      5,
      "0012223344444455555",
      2,
      3,
      4
    ],
    [
      8524,
      5,
      "0012223344444555555",
      2,
      3,
      4
    ],
    [
      1356,
      5,
      "0012223344555555555",
      2,
      3,
      4
    ],
    [
      263500,
      6,
      "0012223344555555556",
      2,
      3,
      4
    ],
    [
      132428,
      6,
      "0012223344555555566",
      2,
      3,
      4
    ],
    [
      44,
      3,
      "0012233333333333333",
      9,
      19,
      32768
    ],
    [
      262188,
      4,
      "0012233333333333334",
      1,
      2,
      16384
    ],
    [
      131116,
      4,
      "0012233333333333344",
      9,
      17,
      8192
    ],
    [
      65580,
      4,
      "0012233333333333444",
      9,
      16,
      4096
    ],
    [
      32812,
      4,
      "0012233333333334444",
      3,
      5,
      2048
    ],
    [
      16428,
      4,
      "0012233333333344444",
      9,
      14,
      1024
    ],
    [
      278572,
      5,
      "0012233333333344445",
      9,
      14,
      1024
    ],
    [
      8236,
      4,
      "0012233333333444444",
      9,
      13,
      512
    ],
    [
      270380,
      5,
      "0012233333333444445",
      9,
      13,
      512
    ],
    [
      139308,
      5,
      "0012233333333444455",
      9,
      13,
      512
    ],
    [
      4140,
      4,
      "0012233333334444444",
      3,
      4,
      256
    ],
    [
      266284,
      5,
      "0012233333334444445",
      3,
      4,
      256
    ],
    [
      135212,
      5,
      "0012233333334444455",
      3,
      4,
      256
    ],
    [
      69676,
      5,
      "0012233333334444555",
      3,
      4,
      256
    ],
    [
      2092,
      4,
      "0012233333344444444",
      4,
      5,
      2
    ],
    [
      264236,
      5,
      "0012233333344444445",
      4,
      5,
      2
    ],
    [
      133164,
      5,
      "0012233333344444455",
      4,
      5,
      2
    ],
    [
      67628,
      5,
      "0012233333344444555",
      4,
      5,
      2
    ],
    [
      34860,
      5,
      "0012233333344445555",
      4,
      5,
      2
    ],
    [
      1068,
      4,
      "0012233333444444444",
      4,
      5,
      2
    ],
    [
      263212,
      5,
      "0012233333444444445",
      4,
      5,
      2
    ],
    [
      132140,
      5,
      "0012233333444444455",
      4,
      5,
      2
    ],
    [
      66604,
      5,
      "0012233333444444555",
      4,
      5,
      2
    ],
    [
      33836,
      5,
      "0012233333444445555",
      4,
      5,
      2
    ],
    [
      17452,
      5,
      "0012233333444455555",
      4,
      5,
      2
    ],
    [
      279596,
      6,
      "0012233333444455556",
      4,
      5,
      2
    ],
    [
      556,
      4,
      "0012233334444444444",
      4,
      5,
      2
    ],
    [
      262700,
      5,
      "0012233334444444445",
      4,
      5,
      2
    ],
    [
      131628,
      5,
      "0012233334444444455",
      4,
      5,
      2
    ],
    [
      66092,
      5,
      "0012233334444444555",
      4,
      5,
      2
    ],
    [
      33324,
      5,
      "0012233334444445555",
      4,
      5,
      2
    ],
    [
      16940,
      5,
      "0012233334444455555",
      4,
      5,
      2
    ],
    [
      8748,
      5,
      "0012233334444555555",
      4,
      5,
      2
    ],
    [
      270892,
      6,
      "0012233334444555556",
      4,
      5,
      2
    ],
    [
      300,
      4,
      "0012233344444444444",
      4,
      5,
      2
    ],
    [
      262444,
      5,
      "0012233344444444445",
      4,
      5,
      2
    ],
    [
      131372,
      5,
      "0012233344444444455",
      4,
      5,
      2
    ],
    [
      65836,
      5,
      "0012233344444444555",
      4,
      5,
      2
    ],
    [
      33068,
      5,
      "0012233344444445555",
      4,
      5,
      2
    ],
    [
      16684,
      5,
      "0012233344444455555",
      4,
      5,
      2
    ],
    [
      278828,
      6,
      "0012233344444455556",
      4,
      5,
      2
    ],
    [
      8492,
      5,
      "0012233344444555555",
      4,
      5,
      2
    ],
    [
      139564,
      6,
      "0012233344444555566",
      4,
      5,
      2
    ],
    [
      4396,
      5,
      "0012233344445555555",
      4,
      5,
      2
    ],
    [
      69932,
      6,
      "0012233344445555666",
      4,
      5,
      2
    ],
    [
      172,
      4,
      "0012233444444444444",
      4,
      5,
      2
    ],
    [
      262316,
      5,
      "0012233444444444445",
      4,
      5,
      2
    ],
    [
      131244,
      5,
      "0012233444444444455",
      4,
      5,
      2
    ],
    [
      65708,
      5,
      "0012233444444444555",
      4,
      5,
      2
    ],
    [
      32940,
      5,
      "0012233444444445555",
      4,
      5,
      2
    ],
    [
      16556,
      5,
      "0012233444444455555",
      4,
      5,
      2
    ],
    [
      8364,
      5,
      "0012233444444555555",
      4,
      5,
      2
    ],
    [
      4268,
      5,
      "0012233444445555555",
      4,
      5,
      2
    ],
    [
      266412,
      6,
      "0012233444445555556",
      4,
      5,
      2
    ],
    [
      2220,
      5,
      "0012233444455555555",
      4,
      5,
      2
    ],
    [
      264364,
      6,
      "0012233444455555556",
      4,
      5,
      2
    ],
    [
      133292,
      6,
      "0012233444455555566",
      4,
      5,
      2
    ],
    [
      28,
      3,
      "0012333333333333333",
      9,
      19,
      32768
    ],
    [
      262172,
      4,
      "0012333333333333334",
      1,
      2,
      16384
    ],
    [
      131100,
      4,
      "0012333333333333344",
      9,
      17,
      8192
    ],
    [
      65564,
      4,
      "0012333333333333444",
      9,
      16,
      4096
    ],
    [
      32796,
      4,
      "0012333333333334444",
      3,
      5,
      2048
    ],
    [
      294940,
      5,
      "0012333333333334445",
      3,
      5,
      2048
    ],
    [
      16412,
      4,
      "0012333333333344444",
      9,
      14,
      1024
    ],
    [
      278556,
      5,
      "0012333333333344445",
      9,
      14,
      1024
    ],
    [
      147484,
      5,
      "0012333333333344455",
      9,
      14,
      1024
    ],
    [
      8220,
      4,
      "0012333333333444444",
      9,
      13,
      512
    ],
    [
      270364,
      5,
      "0012333333333444445",
      9,
      13,
      512
    ],
    [
      139292,
      5,
      "0012333333333444455",
      9,
      13,
      512
    ],
    [
      73756,
      5,
      "0012333333333444555",
      9,
      13,
      512
    ],
    [
      4124,
      4,
      "0012333333334444444",
      3,
      4,
      256
    ],
    [
      266268,
      5,
      "0012333333334444445",
      3,
      4,
      256
    ],
    [
      135196,
      5,
      "0012333333334444455",
      3,
      4,
      256
    ],
    [
      69660,
      5,
      "0012333333334444555",
      3,
      4,
      256
    ],
    [
      36892,
      5,
      "0012333333334445555",
      3,
      4,
      256
    ],
    [
      299036,
      6,
      "0012333333334445556",
      3,
      4,
      256
    ],
    [
      2076,
      4,
      "0012333333344444444",
      9,
      11,
      128
    ],
    [
      264220,
      5,
      "0012333333344444445",
      9,
      11,
      128
    ],
    [
      133148,
      5,
      "0012333333344444455",
      9,
      11,
      128
    ],
    [
      67612,
      5,
      "0012333333344444555",
      9,
      11,
      128
    ],
    [
      34844,
      5,
      "0012333333344445555",
      9,
      11,
      128
    ],
    [
      296988,
      6,
      "0012333333344445556",
      9,
      11,
      128
    ],
    [
      18460,
      5,
      "0012333333344455555",
      9,
      11,
      128
    ],
    [
      280604,
      6,
      "0012333333344455556",
      9,
      11,
      128
    ],
    [
      149532,
      6,
      "0012333333344455566",
      9,
      11,
      128
    ],
    [
      1052,
      4,
      "0012333333444444444",
      16,
      19,
      32768
    ],
    [
      263196,
      5,
      "0012333333444444445",
      8,
      9,
      16384
    ],
    [
      132124,
      5,
      "0012333333444444455",
      9,
      10,
      64
    ],
    [
      66588,
      5,
      "0012333333444444555",
      9,
      10,
      64
    ],
    [
      33820,
      5,
      "0012333333444445555",
      9,
      10,
      64
    ],
    [
      295964,
      6,
      "0012333333444445556",
      9,
      10,
      64
    ],
    [
      17436,
      5,
      "0012333333444455555",
      9,
      10,
      64
    ],
    [
      279580,
      6,
      "0012333333444455556",
      9,
      10,
      64
    ],
    [
      148508,
      6,
      "0012333333444455566",
      9,
      10,
      64
    ],
    [
      9244,
      5,
      "0012333333444555555",
      9,
      10,
      64
    ],
    [
      271388,
      6,
      "0012333333444555556",
      9,
      10,
      64
    ],
    [
      140316,
      6,
      "0012333333444555566",
      9,
      10,
      64
    ],
    [
      74780,
      6,
      "0012333333444555666",
      9,
      10,
      64
    ],
    [
      540,
      4,
      "0012333334444444444",
      16,
      19,
      32768
    ],
    [
      262684,
      5,
      "0012333334444444445",
      8,
      9,
      16384
    ],
    [
      131612,
      5,
      "0012333334444444455",
      16,
      17,
      8192
    ],
    [
      66076,
      5,
      "0012333334444444555",
      1,
      1,
      4129
    ],
    [
      33308,
      5,
      "0012333334444445555",
      1,
      1,
      33
    ],
    [
      295452,
      6,
      "0012333334444445556",
      1,
      1,
      33
    ],
    [
      16924,
      5,
      "0012333334444455555",
      1,
      1,
      33
    ],
    [
      279068,
      6,
      "0012333334444455556",
      1,
      1,
      33
    ],
    [
      147996,
      6,
      "0012333334444455566",
      1,
      1,
      33
    ],
    [
      8732,
      5,
      "0012333334444555555",
      1,
      1,
      33
    ],
    [
      139804,
      6,
      "0012333334444555566",
      1,
      1,
      33
    ],
    [
      74268,
      6,
      "0012333334444555666",
      1,
      1,
      33
    ],
    [
      4636,
      5,
      "0012333334445555555",
      1,
      1,
      33
    ],
    [
      70172,
      6,
      "0012333334445555666",
      1,
      1,
      33
    ],
    [
      37404,
      6,
      "0012333334445556666",
      1,
      1,
      33
    ],
    [
      284,
      4,
      "0012333344444444444",
      16,
      19,
      32768
    ],
    [
      262428,
      5,
      "0012333344444444445",
      8,
      9,
      16384
    ],
    [
      131356,
      5,
      "0012333344444444455",
      16,
      17,
      8192
    ],
    [
      65820,
      5,
      "0012333344444444555",
      1,
      1,
      4097
    ],
    [
      33052,
      5,
      "0012333344444445555",
      1,
      1,
      1
    ],
    [
      295196,
      6,
      "0012333344444445556",
      1,
      1,
      1
    ],
    [
      16668,
      5,
      "0012333344444455555",
      1,
      1,
      1
    ],
    [
      147740,
      6,
      "0012333344444455566",
      1,
      1,
      1
    ],
    [
      8476,
      5,
      "0012333344444555555",
      1,
      1,
      1
    ],
    [
      74012,
      6,
      "0012333344444555666",
      1,
      1,
      1
    ],
    [
      4380,
      5,
      "0012333344445555555",
      1,
      1,
      1
    ],
    [
      37148,
      6,
      "0012333344445556666",
      1,
      1,
      1
    ],
    [
      2332,
      5,
      "0012333344455555555",
      1,
      1,
      1
    ],
    [
      264476,
      6,
      "0012333344455555556",
      1,
      1,
      1
    ],
    [
      18716,
      6,
      "0012333344455566666",
      1,
      1,
      1
    ],
    [
      156,
      4,
      "0012333444444444444",
      16,
      19,
      32768
    ],
    [
      262300,
      5,
      "0012333444444444445",
      8,
      9,
      16384
    ],
    [
      131228,
      5,
      "0012333444444444455",
      16,
      17,
      8192
    ],
    [
      65692,
      5,
      "0012333444444444555",
      1,
      1,
      4097
    ],
    [
      32924,
      5,
      "0012333444444445555",
      1,
      1,
      1
    ],
    [
      16540,
      5,
      "0012333444444455555",
      1,
      1,
      1
    ],
    [
      8348,
      5,
      "0012333444444555555",
      1,
      1,
      1
    ],
    [
      4252,
      5,
      "0012333444445555555",
      1,
      1,
      1
    ],
    [
      266396,
      6,
      "0012333444445555556",
      1,
      1,
      1
    ],
    [
      2204,
      5,
      "0012333444455555555",
      1,
      1,
      1
    ],
    [
      264348,
      6,
      "0012333444455555556",
      1,
      1,
      1
    ],
    [
      133276,
      6,
      "0012333444455555566",
      1,
      1,
      1
    ],
    [
      1180,
      5,
      "0012333444555555555",
      1,
      1,
      1
    ],
    [
      263324,
      6,
      "0012333444555555556",
      1,
      1,
      1
    ],
    [
      132252,
      6,
      "0012333444555555566",
      1,
      1,
      1
    ],
    [
      66716,
      6,
      "0012333444555555666",
      1,
      1,
      1
    ],
    [
      92,
      4,
      "0012334444444444444",
      16,
      19,
      32768
    ],
    [
      262236,
      5,
      "0012334444444444445",
      8,
      9,
      16384
    ],
    [
      131164,
      5,
      "0012334444444444455",
      16,
      17,
      8192
    ],
    [
      65628,
      5,
      "0012334444444444555",
      1,
      1,
      4097
    ],
    [
      32860,
      5,
      "0012334444444445555",
      1,
      1,
      1
    ],
    [
      16476,
      5,
      "0012334444444455555",
      1,
      1,
      1
    ],
    [
      8284,
      5,
      "0012334444444555555",
      1,
      1,
      1
    ],
    [
      270428,
      6,
      "0012334444444555556",
      1,
      1,
      1
    ],
    [
      4188,
      5,
      "0012334444445555555",
      1,
      1,
      1
    ],
    [
      266332,
      6,
      "0012334444445555556",
      1,
      1,
      1
    ],
    [
      135260,
      6,
      "0012334444445555566",
      1,
      1,
      1
    ],
    [
      2140,
      5,
      "0012334444455555555",
      1,
      1,
      1
    ],
    [
      264284,
      6,
      "0012334444455555556",
      1,
      1,
      1
    ],
    [
      133212,
      6,
      "0012334444455555566",
      1,
      1,
      1
    ],
    [
      67676,
      6,
      "0012334444455555666",
      1,
      1,
      1
    ],
    [
      1116,
      5,
      "0012334444555555555",
      1,
      1,
      1
    ],
    [
      263260,
      6,
      "0012334444555555556",
      1,
      1,
      1
    ],
    [
      132188,
      6,
      "0012334444555555566",
      1,
      1,
      1
    ],
    [
      66652,
      6,
      "0012334444555555666",
      1,
      1,
      1
    ],
    [
      33884,
      6,
      "0012334444555556666",
      1,
      1,
      1
    ],
    [
      604,
      5,
      "0012334445555555555",
      1,
      1,
      1
    ],
    [
      262748,
      6,
      "0012334445555555556",
      1,
      1,
      1
    ],
    [
      131676,
      6,
      "0012334445555555566",
      1,
      1,
      1
    ],
    [
      66140,
      6,
      "0012334445555555666",
      1,
      1,
      1
    ],
    [
      33372,
      6,
      "0012334445555556666",
      1,
      1,
      1
    ],
    [
      16988,
      6,
      "0012334445555566666",
      1,
      1,
      1
    ],
    [
      2,
      1,
      "0111111111111111111",
      1,
      19,
      32768
    ],
    [
      262146,
      2,
      "0111111111111111112",
      1,
      18,
      16384
    ],
    [
      131074,
      2,
      "0111111111111111122",
      1,
      17,
      8192
    ],
    [
      393218,
      3,
      "0111111111111111123",
      1,
      17,
      8192
    ],
    [
      65538,
      2,
      "0111111111111111222",
      1,
      16,
      4096
    ],
    [
      327682,
      3,
      "0111111111111111223",
      1,
      16,
      4096
    ],
    [
      196610,
      3,
      "0111111111111111233",
      1,
      16,
      4096
    ],
    [
      458754,
      4,
      "0111111111111111234",
      1,
      16,
      4096
    ],
    [
      32770,
      2,
      "0111111111111112222",
      1,
      15,
      2048
    ],
    [
      294914,
      3,
      "0111111111111112223",
      1,
      15,
      2048
    ],
    [
      163842,
      3,
      "0111111111111112233",
      1,
      15,
      2048
    ],
    [
      425986,
      4,
      "0111111111111112234",
      1,
      15,
      2048
    ],
    [
      98306,
      3,
      "0111111111111112333",
      1,
      15,
      2048
    ],
    [
      360450,
      4,
      "0111111111111112334",
      1,
      15,
      2048
    ],
    [
      229378,
      4,
      "0111111111111112344",
      1,
      15,
      2048
    ],
    [
      16386,
      2,
      "0111111111111122222",
      1,
      14,
      1024
    ],
    [
      278530,
      3,
      "0111111111111122223",
      1,
      14,
      1024
    ],
    [
      147458,
      3,
      "0111111111111122233",
      1,
      14,
      1024
    ],
    [
      409602,
      4,
      "0111111111111122234",
      1,
      14,
      1024
    ],
    [
      81922,
      3,
      "0111111111111122333",
      1,
      14,
      1024
    ],
    [
      344066,
      4,
      "0111111111111122334",
      1,
      14,
      1024
    ],
    [
      212994,
      4,
      "0111111111111122344",
      1,
      14,
      1024
    ],
    [
      475138,
      5,
      "0111111111111122345",
      1,
      14,
      1024
    ],
    [
      49154,
      3,
      "0111111111111123333",
      1,
      14,
      1024
    ],
    [
      311298,
      4,
      "0111111111111123334",
      1,
      14,
      1024
    ],
    [
      180226,
      4,
      "0111111111111123344",
      1,
      14,
      1024
    ],
    [
      114690,
      4,
      "0111111111111123444",
      1,
      14,
      1024
    ],
    [
      376834,
      5,
      "0111111111111123445",
      1,
      14,
      1024
    ],
    [
      8194,
      2,
      "0111111111111222222",
      1,
      13,
      512
    ],
    [
      270338,
      3,
      "0111111111111222223",
      1,
      13,
      512
    ],
    [
      139266,
      3,
      "0111111111111222233",
      1,
      13,
      512
    ],
    [
      401410,
      4,
      "0111111111111222234",
      1,
      13,
      512
    ],
    [
      73730,
      3,
      "0111111111111222333",
      1,
      13,
      512
    ],
    [
      335874,
      4,
      "0111111111111222334",
      1,
      13,
      512
    ],
    [
      204802,
      4,
      "0111111111111222344",
      1,
      13,
      512
    ],
    [
      466946,
      5,
      "0111111111111222345",
      1,
      13,
      512
    ],
    [
      40962,
      3,
      "0111111111111223333",
      1,
      13,
      512
    ],
    [
      303106,
      4,
      "0111111111111223334",
      1,
      13,
      512
    ],
    [
      172034,
      4,
      "0111111111111223344",
      1,
      13,
      512
    ],
    [
      434178,
      5,
      "0111111111111223345",
      1,
      13,
      512
    ],
    [
      106498,
      4,
      "0111111111111223444",
      1,
      13,
      512
    ],
    [
      237570,
      5,
      "0111111111111223455",
      1,
      13,
      512
    ],
    [
      24578,
      3,
      "0111111111111233333",
      1,
      13,
      512
    ],
    [
      286722,
      4,
      "0111111111111233334",
      1,
      13,
      512
    ],
    [
      155650,
      4,
      "0111111111111233344",
      1,
      13,
      512
    ],
    [
      90114,
      4,
      "0111111111111233444",
      1,
      13,
      512
    ],
    [
      352258,
      5,
      "0111111111111233445",
      1,
      13,
      512
    ],
    [
      57346,
      4,
      "0111111111111234444",
      1,
      13,
      512
    ],
    [
      319490,
      5,
      "0111111111111234445",
      1,
      13,
      512
    ],
    [
      188418,
      5,
      "0111111111111234455",
      1,
      13,
      512
    ],
    [
      4098,
      2,
      "0111111111112222222",
      1,
      12,
      256
    ],
    [
      266242,
      3,
      "0111111111112222223",
      1,
      12,
      256
    ],
    [
      135170,
      3,
      "0111111111112222233",
      1,
      12,
      256
    ],
    [
      397314,
      4,
      "0111111111112222234",
      1,
      12,
      256
    ],
    [
      69634,
      3,
      "0111111111112222333",
      1,
      12,
      256
    ],
    [
      331778,
      4,
      "0111111111112222334",
      1,
      12,
      256
    ],
    [
      200706,
      4,
      "0111111111112222344",
      1,
      12,
      256
    ],
    [
      462850,
      5,
      "0111111111112222345",
      1,
      12,
      256
    ],
    [
      36866,
      3,
      "0111111111112223333",
      1,
      12,
      256
    ],
    [
      299010,
      4,
      "0111111111112223334",
      1,
      12,
      256
    ],
    [
      167938,
      4,
      "0111111111112223344",
      1,
      12,
      256
    ],
    [
      430082,
      5,
      "0111111111112223345",
      1,
      12,
      256
    ],
    [
      102402,
      4,
      "0111111111112223444",
      1,
      12,
      256
    ],
    [
      364546,
      5,
      "0111111111112223445",
      1,
      12,
      256
    ],
    [
      233474,
      5,
      "0111111111112223455",
      1,
      12,
      256
    ],
    [
      20482,
      3,
      "0111111111112233333",
      1,
      12,
      256
    ],
    [
      282626,
      4,
      "0111111111112233334",
      1,
      12,
      256
    ],
    [
      151554,
      4,
      "0111111111112233344",
      1,
      12,
      256
    ],
    [
      413698,
      5,
      "0111111111112233345",
      1,
      12,
      256
    ],
    [
      86018,
      4,
      "0111111111112233444",
      1,
      12,
      256
    ],
    [
      217090,
      5,
      "0111111111112233455",
      1,
      12,
      256
    ],
    [
      53250,
      4,
      "0111111111112234444",
      1,
      12,
      256
    ],
    [
      315394,
      5,
      "0111111111112234445",
      1,
      12,
      256
    ],
    [
      118786,
      5,
      "0111111111112234555",
      1,
      12,
      256
    ],
    [
      12290,
      3,
      "0111111111112333333",
      1,
      12,
      256
    ],
    [
      274434,
      4,
      "0111111111112333334",
      1,
      12,
      256
    ],
    [
      143362,
      4,
      "0111111111112333344",
      1,
      12,
      256
    ],
    [
      77826,
      4,
      "0111111111112333444",
      1,
      12,
      256
    ],
    [
      339970,
      5,
      "0111111111112333445",
      1,
      12,
      256
    ],
    [
      45058,
      4,
      "0111111111112334444",
      1,
      12,
      256
    ],
    [
      307202,
      5,
      "0111111111112334445",
      1,
      12,
      256
    ],
    [
      176130,
      5,
      "0111111111112334455",
      1,
      12,
      256
    ],
    [
      28674,
      4,
      "0111111111112344444",
      1,
      12,
      256
    ],
    [
      290818,
      5,
      "0111111111112344445",
      1,
      12,
      256
    ],
    [
      159746,
      5,
      "0111111111112344455",
      1,
      12,
      256
    ],
    [
      94210,
      5,
      "0111111111112344555",
      1,
      12,
      256
    ],
    [
      2050,
      2,
      "0111111111122222222",
      1,
      11,
      128
    ],
    [
      264194,
      3,
      "0111111111122222223",
      1,
      11,
      128
    ],
    [
      133122,
      3,
      "0111111111122222233",
      1,
      11,
      128
    ],
    [
      395266,
      4,
      "0111111111122222234",
      1,
      11,
      128
    ],
    [
      67586,
      3,
      "0111111111122222333",
      1,
      11,
      128
    ],
    [
      329730,
      4,
      "0111111111122222334",
      1,
      11,
      128
    ],
    [
      198658,
      4,
      "0111111111122222344",
      1,
      11,
      128
    ],
    [
      460802,
      5,
      "0111111111122222345",
      1,
      11,
      128
    ],
    [
      34818,
      3,
      "0111111111122223333",
      1,
      11,
      128
    ],
    [
      296962,
      4,
      "0111111111122223334",
      1,
      11,
      128
    ],
    [
      165890,
      4,
      "0111111111122223344",
      1,
      11,
      128
    ],
    [
      428034,
      5,
      "0111111111122223345",
      1,
      11,
      128
    ],
    [
      100354,
      4,
      "0111111111122223444",
      1,
      11,
      128
    ],
    [
      362498,
      5,
      "0111111111122223445",
      1,
      11,
      128
    ],
    [
      231426,
      5,
      "0111111111122223455",
      1,
      11,
      128
    ],
    [
      18434,
      3,
      "0111111111122233333",
      1,
      11,
      128
    ],
    [
      280578,
      4,
      "0111111111122233334",
      1,
      11,
      128
    ],
    [
      149506,
      4,
      "0111111111122233344",
      1,
      11,
      128
    ],
    [
      411650,
      5,
      "0111111111122233345",
      1,
      11,
      128
    ],
    [
      83970,
      4,
      "0111111111122233444",
      1,
      11,
      128
    ],
    [
      346114,
      5,
      "0111111111122233445",
      1,
      11,
      128
    ],
    [
      215042,
      5,
      "0111111111122233455",
      1,
      11,
      128
    ],
    [
      477186,
      6,
      "0111111111122233456",
      1,
      11,
      128
    ],
    [
      51202,
      4,
      "0111111111122234444",
      1,
      11,
      128
    ],
    [
      182274,
      5,
      "0111111111122234455",
      1,
      11,
      128
    ],
    [
      116738,
      5,
      "0111111111122234555",
      1,
      11,
      128
    ],
    [
      10242,
      3,
      "0111111111122333333",
      1,
      11,
      128
    ],
    [
      272386,
      4,
      "0111111111122333334",
      1,
      11,
      128
    ],
    [
      141314,
      4,
      "0111111111122333344",
      1,
      11,
      128
    ],
    [
      403458,
      5,
      "0111111111122333345",
      1,
      11,
      128
    ],
    [
      75778,
      4,
      "0111111111122333444",
      1,
      11,
      128
    ],
    [
      206850,
      5,
      "0111111111122333455",
      1,
      11,
      128
    ],
    [
      43010,
      4,
      "0111111111122334444",
      1,
      11,
      128
    ],
    [
      305154,
      5,
      "0111111111122334445",
      1,
      11,
      128
    ],
    [
      108546,
      5,
      "0111111111122334555",
      1,
      11,
      128
    ],
    [
      26626,
      4,
      "0111111111122344444",
      1,
      11,
      128
    ],
    [
      288770,
      5,
      "0111111111122344445",
      1,
      11,
      128
    ],
    [
      157698,
      5,
      "0111111111122344455",
      1,
      11,
      128
    ],
    [
      59394,
      5,
      "0111111111122345555",
      1,
      11,
      128
    ],
    [
      6146,
      3,
      "0111111111123333333",
      1,
      11,
      128
    ],
    [
      268290,
      4,
      "0111111111123333334",
      1,
      11,
      128
    ],
    [
      137218,
      4,
      "0111111111123333344",
      1,
      11,
      128
    ],
    [
      71682,
      4,
      "0111111111123333444",
      1,
      11,
      128
    ],
    [
      333826,
      5,
      "0111111111123333445",
      1,
      11,
      128
    ],
    [
      38914,
      4,
      "0111111111123334444",
      1,
      11,
      128
    ],
    [
      301058,
      5,
      "0111111111123334445",
      1,
      11,
      128
    ],
    [
      169986,
      5,
      "0111111111123334455",
      1,
      11,
      128
    ],
    [
      22530,
      4,
      "0111111111123344444",
      1,
      11,
      128
    ],
    [
      284674,
      5,
      "0111111111123344445",
      1,
      11,
      128
    ],
    [
      153602,
      5,
      "0111111111123344455",
      1,
      11,
      128
    ],
    [
      88066,
      5,
      "0111111111123344555",
      1,
      11,
      128
    ],
    [
      14338,
      4,
      "0111111111123444444",
      1,
      11,
      128
    ],
    [
      276482,
      5,
      "0111111111123444445",
      1,
      11,
      128
    ],
    [
      145410,
      5,
      "0111111111123444455",
      1,
      11,
      128
    ],
    [
      79874,
      5,
      "0111111111123444555",
      1,
      11,
      128
    ],
    [
      47106,
      5,
      "0111111111123445555",
      1,
      11,
      128
    ],
    [
      309250,
      6,
      "0111111111123445556",
      1,
      11,
      128
    ],
    [
      1026,
      2,
      "0111111111222222222",
      1,
      10,
      64
    ],
    [
      263170,
      3,
      "0111111111222222223",
      1,
      10,
      64
    ],
    [
      132098,
      3,
      "0111111111222222233",
      1,
      10,
      64
    ],
    [
      394242,
      4,
      "0111111111222222234",
      1,
      10,
      64
    ],
    [
      66562,
      3,
      "0111111111222222333",
      1,
      10,
      64
    ],
    [
      328706,
      4,
      "0111111111222222334",
      1,
      10,
      64
    ],
    [
      197634,
      4,
      "0111111111222222344",
      1,
      10,
      64
    ],
    [
      459778,
      5,
      "0111111111222222345",
      1,
      10,
      64
    ],
    [
      33794,
      3,
      "0111111111222223333",
      1,
      10,
      64
    ],
    [
      295938,
      4,
      "0111111111222223334",
      1,
      10,
      64
    ],
    [
      164866,
      4,
      "0111111111222223344",
      1,
      10,
      64
    ],
    [
      427010,
      5,
      "0111111111222223345",
      1,
      10,
      64
    ],
    [
      99330,
      4,
      "0111111111222223444",
      1,
      10,
      64
    ],
    [
      361474,
      5,
      "0111111111222223445",
      1,
      10,
      64
    ],
    [
      230402,
      5,
      "0111111111222223455",
      1,
      10,
      64
    ],
    [
      17410,
      3,
      "0111111111222233333",
      1,
      10,
      64
    ],
    [
      279554,
      4,
      "0111111111222233334",
      1,
      10,
      64
    ],
    [
      148482,
      4,
      "0111111111222233344",
      1,
      10,
      64
    ],
    [
      410626,
      5,
      "0111111111222233345",
      1,
      10,
      64
    ],
    [
      82946,
      4,
      "0111111111222233444",
      1,
      10,
      64
    ],
    [
      345090,
      5,
      "0111111111222233445",
      1,
      10,
      64
    ],
    [
      214018,
      5,
      "0111111111222233455",
      1,
      10,
      64
    ],
    [
      476162,
      6,
      "0111111111222233456",
      1,
      10,
      64
    ],
    [
      50178,
      4,
      "0111111111222234444",
      1,
      10,
      64
    ],
    [
      312322,
      5,
      "0111111111222234445",
      1,
      10,
      64
    ],
    [
      181250,
      5,
      "0111111111222234455",
      1,
      10,
      64
    ],
    [
      115714,
      5,
      "0111111111222234555",
      1,
      10,
      64
    ],
    [
      377858,
      6,
      "0111111111222234556",
      1,
      10,
      64
    ],
    [
      9218,
      3,
      "0111111111222333333",
      1,
      10,
      64
    ],
    [
      271362,
      4,
      "0111111111222333334",
      1,
      10,
      64
    ],
    [
      140290,
      4,
      "0111111111222333344",
      1,
      10,
      64
    ],
    [
      402434,
      5,
      "0111111111222333345",
      1,
      10,
      64
    ],
    [
      74754,
      4,
      "0111111111222333444",
      1,
      10,
      64
    ],
    [
      336898,
      5,
      "0111111111222333445",
      1,
      10,
      64
    ],
    [
      205826,
      5,
      "0111111111222333455",
      1,
      10,
      64
    ],
    [
      467970,
      6,
      "0111111111222333456",
      1,
      10,
      64
    ],
    [
      41986,
      4,
      "0111111111222334444",
      1,
      10,
      64
    ],
    [
      173058,
      5,
      "0111111111222334455",
      1,
      10,
      64
    ],
    [
      107522,
      5,
      "0111111111222334555",
      1,
      10,
      64
    ],
    [
      238594,
      6,
      "0111111111222334566",
      1,
      10,
      64
    ],
    [
      25602,
      4,
      "0111111111222344444",
      1,
      10,
      64
    ],
    [
      287746,
      5,
      "0111111111222344445",
      1,
      10,
      64
    ],
    [
      91138,
      5,
      "0111111111222344555",
      1,
      10,
      64
    ],
    [
      353282,
      6,
      "0111111111222344556",
      1,
      10,
      64
    ],
    [
      58370,
      5,
      "0111111111222345555",
      1,
      10,
      64
    ],
    [
      5122,
      3,
      "0111111111223333333",
      1,
      10,
      64
    ],
    [
      267266,
      4,
      "0111111111223333334",
      1,
      10,
      64
    ],
    [
      136194,
      4,
      "0111111111223333344",
      1,
      10,
      64
    ],
    [
      398338,
      5,
      "0111111111223333345",
      1,
      10,
      64
    ],
    [
      70658,
      4,
      "0111111111223333444",
      1,
      10,
      64
    ],
    [
      201730,
      5,
      "0111111111223333455",
      1,
      10,
      64
    ],
    [
      37890,
      4,
      "0111111111223334444",
      1,
      10,
      64
    ],
    [
      300034,
      5,
      "0111111111223334445",
      1,
      10,
      64
    ],
    [
      103426,
      5,
      "0111111111223334555",
      1,
      10,
      64
    ],
    [
      21506,
      4,
      "0111111111223344444",
      1,
      10,
      64
    ],
    [
      283650,
      5,
      "0111111111223344445",
      1,
      10,
      64
    ],
    [
      152578,
      5,
      "0111111111223344455",
      1,
      10,
      64
    ],
    [
      414722,
      6,
      "0111111111223344456",
      1,
      10,
      64
    ],
    [
      54274,
      5,
      "0111111111223345555",
      1,
      10,
      64
    ],
    [
      316418,
      6,
      "0111111111223345556",
      1,
      10,
      64
    ],
    [
      13314,
      4,
      "0111111111223444444",
      1,
      10,
      64
    ],
    [
      275458,
      5,
      "0111111111223444445",
      1,
      10,
      64
    ],
    [
      144386,
      5,
      "0111111111223444455",
      1,
      10,
      64
    ],
    [
      78850,
      5,
      "0111111111223444555",
      1,
      10,
      64
    ],
    [
      29698,
      5,
      "0111111111223455555",
      1,
      10,
      64
    ],
    [
      291842,
      6,
      "0111111111223455556",
      1,
      10,
      64
    ],
    [
      3074,
      3,
      "0111111111233333333",
      1,
      10,
      64
    ],
    [
      265218,
      4,
      "0111111111233333334",
      1,
      10,
      64
    ],
    [
      134146,
      4,
      "0111111111233333344",
      1,
      10,
      64
    ],
    [
      68610,
      4,
      "0111111111233333444",
      1,
      10,
      64
    ],
    [
      330754,
      5,
      "0111111111233333445",
      1,
      10,
      64
    ],
    [
      35842,
      4,
      "0111111111233334444",
      1,
      10,
      64
    ],
    [
      297986,
      5,
      "0111111111233334445",
      1,
      10,
      64
    ],
    [
      166914,
      5,
      "0111111111233334455",
      1,
      10,
      64
    ],
    [
      19458,
      4,
      "0111111111233344444",
      1,
      10,
      64
    ],
    [
      281602,
      5,
      "0111111111233344445",
      1,
      10,
      64
    ],
    [
      150530,
      5,
      "0111111111233344455",
      1,
      10,
      64
    ],
    [
      84994,
      5,
      "0111111111233344555",
      1,
      10,
      64
    ],
    [
      347138,
      6,
      "0111111111233344556",
      1,
      10,
      64
    ],
    [
      11266,
      4,
      "0111111111233444444",
      1,
      10,
      64
    ],
    [
      273410,
      5,
      "0111111111233444445",
      1,
      10,
      64
    ],
    [
      142338,
      5,
      "0111111111233444455",
      1,
      10,
      64
    ],
    [
      76802,
      5,
      "0111111111233444555",
      1,
      10,
      64
    ],
    [
      44034,
      5,
      "0111111111233445555",
      1,
      10,
      64
    ],
    [
      7170,
      4,
      "0111111111234444444",
      1,
      10,
      64
    ],
    [
      269314,
      5,
      "0111111111234444445",
      1,
      10,
      64
    ],
    [
      138242,
      5,
      "0111111111234444455",
      1,
      10,
      64
    ],
    [
      72706,
      5,
      "0111111111234444555",
      1,
      10,
      64
    ],
    [
      39938,
      5,
      "0111111111234445555",
      1,
      10,
      64
    ],
    [
      302082,
      6,
      "0111111111234445556",
      1,
      10,
      64
    ],
    [
      23554,
      5,
      "0111111111234455555",
      1,
      10,
      64
    ],
    [
      285698,
      6,
      "0111111111234455556",
      1,
      10,
      64
    ],
    [
      154626,
      6,
      "0111111111234455566",
      1,
      10,
      64
    ],
    [
      514,
      2,
      "0111111112222222222",
      1,
      9,
      32
    ],
    [
      262658,
      3,
      "0111111112222222223",
      1,
      9,
      32
    ],
    [
      131586,
      3,
      "0111111112222222233",
      1,
      9,
      32
    ],
    [
      393730,
      4,
      "0111111112222222234",
      1,
      9,
      32
    ],
    [
      66050,
      3,
      "0111111112222222333",
      1,
      9,
      32
    ],
    [
      328194,
      4,
      "0111111112222222334",
      1,
      9,
      32
    ],
    [
      197122,
      4,
      "0111111112222222344",
      1,
      9,
      32
    ],
    [
      459266,
      5,
      "0111111112222222345",
      1,
      9,
      32
    ],
    [
      33282,
      3,
      "0111111112222223333",
      1,
      9,
      32
    ],
    [
      295426,
      4,
      "0111111112222223334",
      1,
      9,
      32
    ],
    [
      164354,
      4,
      "0111111112222223344",
      1,
      9,
      32
    ],
    [
      426498,
      5,
      "0111111112222223345",
      1,
      9,
      32
    ],
    [
      98818,
      4,
      "0111111112222223444",
      1,
      9,
      32
    ],
    [
      360962,
      5,
      "0111111112222223445",
      1,
      9,
      32
    ],
    [
      229890,
      5,
      "0111111112222223455",
      1,
      9,
      32
    ],
    [
      16898,
      3,
      "0111111112222233333",
      1,
      9,
      32
    ],
    [
      279042,
      4,
      "0111111112222233334",
      1,
      9,
      32
    ],
    [
      147970,
      4,
      "0111111112222233344",
      1,
      9,
      32
    ],
    [
      410114,
      5,
      "0111111112222233345",
      1,
      9,
      32
    ],
    [
      82434,
      4,
      "0111111112222233444",
      1,
      9,
      32
    ],
    [
      344578,
      5,
      "0111111112222233445",
      1,
      9,
      32
    ],
    [
      213506,
      5,
      "0111111112222233455",
      1,
      9,
      32
    ],
    [
      475650,
      6,
      "0111111112222233456",
      1,
      9,
      32
    ],
    [
      49666,
      4,
      "0111111112222234444",
      1,
      9,
      32
    ],
    [
      311810,
      5,
      "0111111112222234445",
      1,
      9,
      32
    ],
    [
      180738,
      5,
      "0111111112222234455",
      1,
      9,
      32
    ],
    [
      115202,
      5,
      "0111111112222234555",
      1,
      9,
      32
    ],
    [
      377346,
      6,
      "0111111112222234556",
      1,
      9,
      32
    ],
    [
      8706,
      3,
      "0111111112222333333",
      1,
      9,
      32
    ],
    [
      270850,
      4,
      "0111111112222333334",
      1,
      9,
      32
    ],
    [
      139778,
      4,
      "0111111112222333344",
      1,
      9,
      32
    ],
    [
      401922,
      5,
      "0111111112222333345",
      1,
      9,
      32
    ],
    [
      74242,
      4,
      "0111111112222333444",
      1,
      9,
      32
    ],
    [
      336386,
      5,
      "0111111112222333445",
      1,
      9,
      32
    ],
    [
      205314,
      5,
      "0111111112222333455",
      1,
      9,
      32
    ],
    [
      467458,
      6,
      "0111111112222333456",
      1,
      9,
      32
    ],
    [
      41474,
      4,
      "0111111112222334444",
      1,
      9,
      32
    ],
    [
      303618,
      5,
      "0111111112222334445",
      1,
      9,
      32
    ],
    [
      172546,
      5,
      "0111111112222334455",
      1,
      9,
      32
    ],
    [
      434690,
      6,
      "0111111112222334456",
      1,
      9,
      32
    ],
    [
      107010,
      5,
      "0111111112222334555",
      1,
      9,
      32
    ],
    [
      238082,
      6,
      "0111111112222334566",
      1,
      9,
      32
    ],
    [
      25090,
      4,
      "0111111112222344444",
      1,
      9,
      32
    ],
    [
      156162,
      5,
      "0111111112222344455",
      1,
      9,
      32
    ],
    [
      90626,
      5,
      "0111111112222344555",
      1,
      9,
      32
    ],
    [
      57858,
      5,
      "0111111112222345555",
      1,
      9,
      32
    ],
    [
      188930,
      6,
      "0111111112222345566",
      1,
      9,
      32
    ],
    [
      4610,
      3,
      "0111111112223333333",
      1,
      9,
      32
    ],
    [
      266754,
      4,
      "0111111112223333334",
      1,
      9,
      32
    ],
    [
      135682,
      4,
      "0111111112223333344",
      1,
      9,
      32
    ],
    [
      397826,
      5,
      "0111111112223333345",
      1,
      9,
      32
    ],
    [
      70146,
      4,
      "0111111112223333444",
      1,
      9,
      32
    ],
    [
      332290,
      5,
      "0111111112223333445",
      1,
      9,
      32
    ],
    [
      201218,
      5,
      "0111111112223333455",
      1,
      9,
      32
    ],
    [
      463362,
      6,
      "0111111112223333456",
      1,
      9,
      32
    ],
    [
      37378,
      4,
      "0111111112223334444",
      1,
      9,
      32
    ],
    [
      168450,
      5,
      "0111111112223334455",
      1,
      9,
      32
    ],
    [
      102914,
      5,
      "0111111112223334555",
      1,
      9,
      32
    ],
    [
      233986,
      6,
      "0111111112223334566",
      1,
      9,
      32
    ],
    [
      20994,
      4,
      "0111111112223344444",
      1,
      9,
      32
    ],
    [
      283138,
      5,
      "0111111112223344445",
      1,
      9,
      32
    ],
    [
      86530,
      5,
      "0111111112223344555",
      1,
      9,
      32
    ],
    [
      53762,
      5,
      "0111111112223345555",
      1,
      9,
      32
    ],
    [
      119298,
      6,
      "0111111112223345666",
      1,
      9,
      32
    ],
    [
      12802,
      4,
      "0111111112223444444",
      1,
      9,
      32
    ],
    [
      274946,
      5,
      "0111111112223444445",
      1,
      9,
      32
    ],
    [
      143874,
      5,
      "0111111112223444455",
      1,
      9,
      32
    ],
    [
      45570,
      5,
      "0111111112223445555",
      1,
      9,
      32
    ],
    [
      176642,
      6,
      "0111111112223445566",
      1,
      9,
      32
    ],
    [
      29186,
      5,
      "0111111112223455555",
      1,
      9,
      32
    ],
    [
      2562,
      3,
      "0111111112233333333",
      1,
      9,
      32
    ],
    [
      264706,
      4,
      "0111111112233333334",
      1,
      9,
      32
    ],
    [
      133634,
      4,
      "0111111112233333344",
      1,
      9,
      32
    ],
    [
      395778,
      5,
      "0111111112233333345",
      1,
      9,
      32
    ],
    [
      68098,
      4,
      "0111111112233333444",
      1,
      9,
      32
    ],
    [
      199170,
      5,
      "0111111112233333455",
      1,
      9,
      32
    ],
    [
      35330,
      4,
      "0111111112233334444",
      1,
      9,
      32
    ],
    [
      297474,
      5,
      "0111111112233334445",
      1,
      9,
      32
    ],
    [
      100866,
      5,
      "0111111112233334555",
      1,
      9,
      32
    ],
    [
      18946,
      4,
      "0111111112233344444",
      1,
      9,
      32
    ],
    [
      281090,
      5,
      "0111111112233344445",
      1,
      9,
      32
    ],
    [
      150018,
      5,
      "0111111112233344455",
      1,
      9,
      32
    ],
    [
      412162,
      6,
      "0111111112233344456",
      1,
      9,
      32
    ],
    [
      51714,
      5,
      "0111111112233345555",
      1,
      9,
      32
    ],
    [
      10754,
      4,
      "0111111112233444444",
      1,
      9,
      32
    ],
    [
      272898,
      5,
      "0111111112233444445",
      1,
      9,
      32
    ],
    [
      141826,
      5,
      "0111111112233444455",
      1,
      9,
      32
    ],
    [
      403970,
      6,
      "0111111112233444456",
      1,
      9,
      32
    ],
    [
      76290,
      5,
      "0111111112233444555",
      1,
      9,
      32
    ],
    [
      207362,
      6,
      "0111111112233444566",
      1,
      9,
      32
    ],
    [
      27138,
      5,
      "0111111112233455555",
      1,
      9,
      32
    ],
    [
      158210,
      6,
      "0111111112233455566",
      1,
      9,
      32
    ],
    [
      6658,
      4,
      "0111111112234444444",
      1,
      9,
      32
    ],
    [
      268802,
      5,
      "0111111112234444445",
      1,
      9,
      32
    ],
    [
      137730,
      5,
      "0111111112234444455",
      1,
      9,
      32
    ],
    [
      72194,
      5,
      "0111111112234444555",
      1,
      9,
      32
    ],
    [
      39426,
      5,
      "0111111112234445555",
      1,
      9,
      32
    ],
    [
      14850,
      5,
      "0111111112234555555",
      1,
      9,
      32
    ],
    [
      276994,
      6,
      "0111111112234555556",
      1,
      9,
      32
    ],
    [
      145922,
      6,
      "0111111112234555566",
      1,
      9,
      32
    ],
    [
      1538,
      3,
      "0111111112333333333",
      1,
      9,
      32
    ],
    [
      132610,
      4,
      "0111111112333333344",
      1,
      9,
      32
    ],
    [
      67074,
      4,
      "0111111112333333444",
      1,
      9,
      32
    ],
    [
      34306,
      4,
      "0111111112333334444",
      1,
      9,
      32
    ],
    [
      165378,
      5,
      "0111111112333334455",
      1,
      9,
      32
    ],
    [
      17922,
      4,
      "0111111112333344444",
      1,
      9,
      32
    ],
    [
      148994,
      5,
      "0111111112333344455",
      1,
      9,
      32
    ],
    [
      83458,
      5,
      "0111111112333344555",
      1,
      9,
      32
    ],
    [
      9730,
      4,
      "0111111112333444444",
      1,
      9,
      32
    ],
    [
      140802,
      5,
      "0111111112333444455",
      1,
      9,
      32
    ],
    [
      75266,
      5,
      "0111111112333444555",
      1,
      9,
      32
    ],
    [
      42498,
      5,
      "0111111112333445555",
      1,
      9,
      32
    ],
    [
      173570,
      6,
      "0111111112333445566",
      1,
      9,
      32
    ],
    [
      5634,
      4,
      "0111111112334444444",
      1,
      9,
      32
    ],
    [
      136706,
      5,
      "0111111112334444455",
      1,
      9,
      32
    ],
    [
      71170,
      5,
      "0111111112334444555",
      1,
      9,
      32
    ],
    [
      38402,
      5,
      "0111111112334445555",
      1,
      9,
      32
    ],
    [
      22018,
      5,
      "0111111112334455555",
      1,
      9,
      32
    ],
    [
      3586,
      4,
      "0111111112344444444",
      1,
      9,
      32
    ],
    [
      134658,
      5,
      "0111111112344444455",
      1,
      9,
      32
    ],
    [
      69122,
      5,
      "0111111112344444555",
      1,
      9,
      32
    ],
    [
      36354,
      5,
      "0111111112344445555",
      1,
      9,
      32
    ],
    [
      19970,
      5,
      "0111111112344455555",
      1,
      9,
      32
    ],
    [
      151042,
      6,
      "0111111112344455566",
      1,
      9,
      32
    ],
    [
      11778,
      5,
      "0111111112344555555",
      1,
      9,
      32
    ],
    [
      142850,
      6,
      "0111111112344555566",
      1,
      9,
      32
    ],
    [
      77314,
      6,
      "0111111112344555666",
      1,
      9,
      32
    ],
    [
      258,
      2,
      "0111111122222222222",
      1,
      8,
      16
    ],
    [
      262402,
      3,
      "0111111122222222223",
      1,
      8,
      16
    ],
    [
      131330,
      3,
      "0111111122222222233",
      1,
      8,
      16
    ],
    [
      393474,
      4,
      "0111111122222222234",
      1,
      8,
      16
    ],
    [
      65794,
      3,
      "0111111122222222333",
      1,
      8,
      16
    ],
    [
      327938,
      4,
      "0111111122222222334",
      1,
      8,
      16
    ],
    [
      196866,
      4,
      "0111111122222222344",
      1,
      8,
      16
    ],
    [
      459010,
      5,
      "0111111122222222345",
      1,
      8,
      16
    ],
    [
      33026,
      3,
      "0111111122222223333",
      1,
      8,
      16
    ],
    [
      295170,
      4,
      "0111111122222223334",
      1,
      8,
      16
    ],
    [
      164098,
      4,
      "0111111122222223344",
      1,
      8,
      16
    ],
    [
      426242,
      5,
      "0111111122222223345",
      1,
      8,
      16
    ],
    [
      98562,
      4,
      "0111111122222223444",
      1,
      8,
      16
    ],
    [
      360706,
      5,
      "0111111122222223445",
      1,
      8,
      16
    ],
    [
      229634,
      5,
      "0111111122222223455",
      1,
      8,
      16
    ],
    [
      16642,
      3,
      "0111111122222233333",
      1,
      8,
      16
    ],
    [
      278786,
      4,
      "0111111122222233334",
      1,
      8,
      16
    ],
    [
      147714,
      4,
      "0111111122222233344",
      1,
      8,
      16
    ],
    [
      409858,
      5,
      "0111111122222233345",
      1,
      8,
      16
    ],
    [
      82178,
      4,
      "0111111122222233444",
      1,
      8,
      16
    ],
    [
      344322,
      5,
      "0111111122222233445",
      1,
      8,
      16
    ],
    [
      213250,
      5,
      "0111111122222233455",
      1,
      8,
      16
    ],
    [
      475394,
      6,
      "0111111122222233456",
      1,
      8,
      16
    ],
    [
      49410,
      4,
      "0111111122222234444",
      1,
      8,
      16
    ],
    [
      311554,
      5,
      "0111111122222234445",
      1,
      8,
      16
    ],
    [
      180482,
      5,
      "0111111122222234455",
      1,
      8,
      16
    ],
    [
      114946,
      5,
      "0111111122222234555",
      1,
      8,
      16
    ],
    [
      377090,
      6,
      "0111111122222234556",
      1,
      8,
      16
    ],
    [
      8450,
      3,
      "0111111122222333333",
      1,
      8,
      16
    ],
    [
      270594,
      4,
      "0111111122222333334",
      1,
      8,
      16
    ],
    [
      139522,
      4,
      "0111111122222333344",
      1,
      8,
      16
    ],
    [
      401666,
      5,
      "0111111122222333345",
      1,
      8,
      16
    ],
    [
      73986,
      4,
      "0111111122222333444",
      1,
      8,
      16
    ],
    [
      336130,
      5,
      "0111111122222333445",
      1,
      8,
      16
    ],
    [
      205058,
      5,
      "0111111122222333455",
      1,
      8,
      16
    ],
    [
      467202,
      6,
      "0111111122222333456",
      1,
      8,
      16
    ],
    [
      41218,
      4,
      "0111111122222334444",
      1,
      8,
      16
    ],
    [
      303362,
      5,
      "0111111122222334445",
      1,
      8,
      16
    ],
    [
      172290,
      5,
      "0111111122222334455",
      1,
      8,
      16
    ],
    [
      434434,
      6,
      "0111111122222334456",
      1,
      8,
      16
    ],
    [
      106754,
      5,
      "0111111122222334555",
      1,
      8,
      16
    ],
    [
      237826,
      6,
      "0111111122222334566",
      1,
      8,
      16
    ],
    [
      24834,
      4,
      "0111111122222344444",
      1,
      8,
      16
    ],
    [
      286978,
      5,
      "0111111122222344445",
      1,
      8,
      16
    ],
    [
      155906,
      5,
      "0111111122222344455",
      1,
      8,
      16
    ],
    [
      90370,
      5,
      "0111111122222344555",
      1,
      8,
      16
    ],
    [
      352514,
      6,
      "0111111122222344556",
      1,
      8,
      16
    ],
    [
      57602,
      5,
      "0111111122222345555",
      1,
      8,
      16
    ],
    [
      319746,
      6,
      "0111111122222345556",
      1,
      8,
      16
    ],
    [
      188674,
      6,
      "0111111122222345566",
      1,
      8,
      16
    ],
    [
      4354,
      3,
      "0111111122223333333",
      1,
      8,
      16
    ],
    [
      266498,
      4,
      "0111111122223333334",
      1,
      8,
      16
    ],
    [
      135426,
      4,
      "0111111122223333344",
      1,
      8,
      16
    ],
    [
      397570,
      5,
      "0111111122223333345",
      1,
      8,
      16
    ],
    [
      69890,
      4,
      "0111111122223333444",
      1,
      8,
      16
    ],
    [
      332034,
      5,
      "0111111122223333445",
      1,
      8,
      16
    ],
    [
      200962,
      5,
      "0111111122223333455",
      1,
      8,
      16
    ],
    [
      463106,
      6,
      "0111111122223333456",
      1,
      8,
      16
    ],
    [
      37122,
      4,
      "0111111122223334444",
      1,
      8,
      16
    ],
    [
      299266,
      5,
      "0111111122223334445",
      1,
      8,
      16
    ],
    [
      168194,
      5,
      "0111111122223334455",
      1,
      8,
      16
    ],
    [
      430338,
      6,
      "0111111122223334456",
      1,
      8,
      16
    ],
    [
      102658,
      5,
      "0111111122223334555",
      1,
      8,
      16
    ],
    [
      364802,
      6,
      "0111111122223334556",
      1,
      8,
      16
    ],
    [
      233730,
      6,
      "0111111122223334566",
      1,
      8,
      16
    ],
    [
      20738,
      4,
      "0111111122223344444",
      1,
      8,
      16
    ],
    [
      151810,
      5,
      "0111111122223344455",
      1,
      8,
      16
    ],
    [
      86274,
      5,
      "0111111122223344555",
      1,
      8,
      16
    ],
    [
      217346,
      6,
      "0111111122223344566",
      1,
      8,
      16
    ],
    [
      53506,
      5,
      "0111111122223345555",
      1,
      8,
      16
    ],
    [
      119042,
      6,
      "0111111122223345666",
      1,
      8,
      16
    ],
    [
      12546,
      4,
      "0111111122223444444",
      1,
      8,
      16
    ],
    [
      274690,
      5,
      "0111111122223444445",
      1,
      8,
      16
    ],
    [
      78082,
      5,
      "0111111122223444555",
      1,
      8,
      16
    ],
    [
      340226,
      6,
      "0111111122223444556",
      1,
      8,
      16
    ],
    [
      45314,
      5,
      "0111111122223445555",
      1,
      8,
      16
    ],
    [
      307458,
      6,
      "0111111122223445556",
      1,
      8,
      16
    ],
    [
      28930,
      5,
      "0111111122223455555",
      1,
      8,
      16
    ],
    [
      94466,
      6,
      "0111111122223455666",
      1,
      8,
      16
    ],
    [
      2306,
      3,
      "0111111122233333333",
      1,
      8,
      16
    ],
    [
      133378,
      4,
      "0111111122233333344",
      1,
      8,
      16
    ],
    [
      67842,
      4,
      "0111111122233333444",
      1,
      8,
      16
    ],
    [
      198914,
      5,
      "0111111122233333455",
      1,
      8,
      16
    ],
    [
      35074,
      4,
      "0111111122233334444",
      1,
      8,
      16
    ],
    [
      166146,
      5,
      "0111111122233334455",
      1,
      8,
      16
    ],
    [
      100610,
      5,
      "0111111122233334555",
      1,
      8,
      16
    ],
    [
      231682,
      6,
      "0111111122233334566",
      1,
      8,
      16
    ],
    [
      18690,
      4,
      "0111111122233344444",
      1,
      8,
      16
    ],
    [
      84226,
      5,
      "0111111122233344555",
      1,
      8,
      16
    ],
    [
      51458,
      5,
      "0111111122233345555",
      1,
      8,
      16
    ],
    [
      116994,
      6,
      "0111111122233345666",
      1,
      8,
      16
    ],
    [
      10498,
      4,
      "0111111122233444444",
      1,
      8,
      16
    ],
    [
      141570,
      5,
      "0111111122233444455",
      1,
      8,
      16
    ],
    [
      43266,
      5,
      "0111111122233445555",
      1,
      8,
      16
    ],
    [
      26882,
      5,
      "0111111122233455555",
      1,
      8,
      16
    ],
    [
      59650,
      6,
      "0111111122233456666",
      1,
      8,
      16
    ],
    [
      6402,
      4,
      "0111111122234444444",
      1,
      8,
      16
    ],
    [
      137474,
      5,
      "0111111122234444455",
      1,
      8,
      16
    ],
    [
      71938,
      5,
      "0111111122234444555",
      1,
      8,
      16
    ],
    [
      22786,
      5,
      "0111111122234455555",
      1,
      8,
      16
    ],
    [
      88322,
      6,
      "0111111122234455666",
      1,
      8,
      16
    ],
    [
      14594,
      5,
      "0111111122234555555",
      1,
      8,
      16
    ],
    [
      1282,
      3,
      "0111111122333333333",
      1,
      8,
      16
    ],
    [
      263426,
      4,
      "0111111122333333334",
      1,
      8,
      16
    ],
    [
      66818,
      4,
      "0111111122333333444",
      1,
      8,
      16
    ],
    [
      34050,
      4,
      "0111111122333334444",
      1,
      8,
      16
    ],
    [
      296194,
      5,
      "0111111122333334445",
      1,
      8,
      16
    ],
    [
      99586,
      5,
      "0111111122333334555",
      1,
      8,
      16
    ],
    [
      17666,
      4,
      "0111111122333344444",
      1,
      8,
      16
    ],
    [
      279810,
      5,
      "0111111122333344445",
      1,
      8,
      16
    ],
    [
      50434,
      5,
      "0111111122333345555",
      1,
      8,
      16
    ],
    [
      312578,
      6,
      "0111111122333345556",
      1,
      8,
      16
    ],
    [
      9474,
      4,
      "0111111122333444444",
      1,
      8,
      16
    ],
    [
      271618,
      5,
      "0111111122333444445",
      1,
      8,
      16
    ],
    [
      75010,
      5,
      "0111111122333444555",
      1,
      8,
      16
    ],
    [
      25858,
      5,
      "0111111122333455555",
      1,
      8,
      16
    ],
    [
      288002,
      6,
      "0111111122333455556",
      1,
      8,
      16
    ],
    [
      5378,
      4,
      "0111111122334444444",
      1,
      8,
      16
    ],
    [
      267522,
      5,
      "0111111122334444445",
      1,
      8,
      16
    ],
    [
      70914,
      5,
      "0111111122334444555",
      1,
      8,
      16
    ],
    [
      38146,
      5,
      "0111111122334445555",
      1,
      8,
      16
    ],
    [
      300290,
      6,
      "0111111122334445556",
      1,
      8,
      16
    ],
    [
      103682,
      6,
      "0111111122334445666",
      1,
      8,
      16
    ],
    [
      13570,
      5,
      "0111111122334555555",
      1,
      8,
      16
    ],
    [
      275714,
      6,
      "0111111122334555556",
      1,
      8,
      16
    ],
    [
      79106,
      6,
      "0111111122334555666",
      1,
      8,
      16
    ],
    [
      3330,
      4,
      "0111111122344444444",
      1,
      8,
      16
    ],
    [
      68866,
      5,
      "0111111122344444555",
      1,
      8,
      16
    ],
    [
      36098,
      5,
      "0111111122344445555",
      1,
      8,
      16
    ],
    [
      19714,
      5,
      "0111111122344455555",
      1,
      8,
      16
    ],
    [
      7426,
      5,
      "0111111122345555555",
      1,
      8,
      16
    ],
    [
      72962,
      6,
      "0111111122345555666",
      1,
      8,
      16
    ],
    [
      770,
      3,
      "0111111123333333333",
      1,
      8,
      16
    ],
    [
      262914,
      4,
      "0111111123333333334",
      1,
      8,
      16
    ],
    [
      131842,
      4,
      "0111111123333333344",
      1,
      8,
      16
    ],
    [
      33538,
      4,
      "0111111123333334444",
      1,
      8,
      16
    ],
    [
      295682,
      5,
      "0111111123333334445",
      1,
      8,
      16
    ],
    [
      164610,
      5,
      "0111111123333334455",
      1,
      8,
      16
    ],
    [
      17154,
      4,
      "0111111123333344444",
      1,
      8,
      16
    ],
    [
      279298,
      5,
      "0111111123333344445",
      1,
      8,
      16
    ],
    [
      148226,
      5,
      "0111111123333344455",
      1,
      8,
      16
    ],
    [
      8962,
      4,
      "0111111123333444444",
      1,
      8,
      16
    ],
    [
      271106,
      5,
      "0111111123333444445",
      1,
      8,
      16
    ],
    [
      140034,
      5,
      "0111111123333444455",
      1,
      8,
      16
    ],
    [
      41730,
      5,
      "0111111123333445555",
      1,
      8,
      16
    ],
    [
      303874,
      6,
      "0111111123333445556",
      1,
      8,
      16
    ],
    [
      172802,
      6,
      "0111111123333445566",
      1,
      8,
      16
    ],
    [
      4866,
      4,
      "0111111123334444444",
      1,
      8,
      16
    ],
    [
      267010,
      5,
      "0111111123334444445",
      1,
      8,
      16
    ],
    [
      135938,
      5,
      "0111111123334444455",
      1,
      8,
      16
    ],
    [
      37634,
      5,
      "0111111123334445555",
      1,
      8,
      16
    ],
    [
      168706,
      6,
      "0111111123334445566",
      1,
      8,
      16
    ],
    [
      21250,
      5,
      "0111111123334455555",
      1,
      8,
      16
    ],
    [
      2818,
      4,
      "0111111123344444444",
      1,
      8,
      16
    ],
    [
      133890,
      5,
      "0111111123344444455",
      1,
      8,
      16
    ],
    [
      35586,
      5,
      "0111111123344445555",
      1,
      8,
      16
    ],
    [
      19202,
      5,
      "0111111123344455555",
      1,
      8,
      16
    ],
    [
      11010,
      5,
      "0111111123344555555",
      1,
      8,
      16
    ],
    [
      142082,
      6,
      "0111111123344555566",
      1,
      8,
      16
    ],
    [
      1794,
      4,
      "0111111123444444444",
      1,
      8,
      16
    ],
    [
      34562,
      5,
      "0111111123444445555",
      1,
      8,
      16
    ],
    [
      18178,
      5,
      "0111111123444455555",
      1,
      8,
      16
    ],
    [
      9986,
      5,
      "0111111123444555555",
      1,
      8,
      16
    ],
    [
      5890,
      5,
      "0111111123445555555",
      1,
      8,
      16
    ],
    [
      38658,
      6,
      "0111111123445556666",
      1,
      8,
      16
    ],
    [
      130,
      2,
      "0111111222222222222",
      1,
      7,
      8
    ],
    [
      262274,
      3,
      "0111111222222222223",
      1,
      7,
      8
    ],
    [
      131202,
      3,
      "0111111222222222233",
      1,
      7,
      8
    ],
    [
      393346,
      4,
      "0111111222222222234",
      1,
      7,
      8
    ],
    [
      65666,
      3,
      "0111111222222222333",
      1,
      7,
      8
    ],
    [
      327810,
      4,
      "0111111222222222334",
      1,
      7,
      8
    ],
    [
      196738,
      4,
      "0111111222222222344",
      1,
      7,
      8
    ],
    [
      458882,
      5,
      "0111111222222222345",
      1,
      7,
      8
    ],
    [
      32898,
      3,
      "0111111222222223333",
      1,
      7,
      8
    ],
    [
      295042,
      4,
      "0111111222222223334",
      1,
      7,
      8
    ],
    [
      163970,
      4,
      "0111111222222223344",
      1,
      7,
      8
    ],
    [
      426114,
      5,
      "0111111222222223345",
      1,
      7,
      8
    ],
    [
      98434,
      4,
      "0111111222222223444",
      1,
      7,
      8
    ],
    [
      360578,
      5,
      "0111111222222223445",
      1,
      7,
      8
    ],
    [
      229506,
      5,
      "0111111222222223455",
      1,
      7,
      8
    ],
    [
      16514,
      3,
      "0111111222222233333",
      1,
      7,
      8
    ],
    [
      278658,
      4,
      "0111111222222233334",
      1,
      7,
      8
    ],
    [
      147586,
      4,
      "0111111222222233344",
      1,
      7,
      8
    ],
    [
      409730,
      5,
      "0111111222222233345",
      1,
      7,
      8
    ],
    [
      82050,
      4,
      "0111111222222233444",
      1,
      7,
      8
    ],
    [
      344194,
      5,
      "0111111222222233445",
      1,
      7,
      8
    ],
    [
      213122,
      5,
      "0111111222222233455",
      1,
      7,
      8
    ],
    [
      475266,
      6,
      "0111111222222233456",
      1,
      7,
      8
    ],
    [
      49282,
      4,
      "0111111222222234444",
      1,
      7,
      8
    ],
    [
      311426,
      5,
      "0111111222222234445",
      1,
      7,
      8
    ],
    [
      180354,
      5,
      "0111111222222234455",
      1,
      7,
      8
    ],
    [
      114818,
      5,
      "0111111222222234555",
      1,
      7,
      8
    ],
    [
      376962,
      6,
      "0111111222222234556",
      1,
      7,
      8
    ],
    [
      8322,
      3,
      "0111111222222333333",
      1,
      7,
      8
    ],
    [
      270466,
      4,
      "0111111222222333334",
      1,
      7,
      8
    ],
    [
      139394,
      4,
      "0111111222222333344",
      1,
      7,
      8
    ],
    [
      401538,
      5,
      "0111111222222333345",
      1,
      7,
      8
    ],
    [
      73858,
      4,
      "0111111222222333444",
      1,
      7,
      8
    ],
    [
      336002,
      5,
      "0111111222222333445",
      1,
      7,
      8
    ],
    [
      204930,
      5,
      "0111111222222333455",
      1,
      7,
      8
    ],
    [
      467074,
      6,
      "0111111222222333456",
      1,
      7,
      8
    ],
    [
      41090,
      4,
      "0111111222222334444",
      1,
      7,
      8
    ],
    [
      303234,
      5,
      "0111111222222334445",
      1,
      7,
      8
    ],
    [
      172162,
      5,
      "0111111222222334455",
      1,
      7,
      8
    ],
    [
      434306,
      6,
      "0111111222222334456",
      1,
      7,
      8
    ],
    [
      106626,
      5,
      "0111111222222334555",
      1,
      7,
      8
    ],
    [
      237698,
      6,
      "0111111222222334566",
      1,
      7,
      8
    ],
    [
      24706,
      4,
      "0111111222222344444",
      1,
      7,
      8
    ],
    [
      286850,
      5,
      "0111111222222344445",
      1,
      7,
      8
    ],
    [
      155778,
      5,
      "0111111222222344455",
      1,
      7,
      8
    ],
    [
      90242,
      5,
      "0111111222222344555",
      1,
      7,
      8
    ],
    [
      352386,
      6,
      "0111111222222344556",
      1,
      7,
      8
    ],
    [
      57474,
      5,
      "0111111222222345555",
      1,
      7,
      8
    ],
    [
      319618,
      6,
      "0111111222222345556",
      1,
      7,
      8
    ],
    [
      188546,
      6,
      "0111111222222345566",
      1,
      7,
      8
    ],
    [
      4226,
      3,
      "0111111222223333333",
      1,
      7,
      8
    ],
    [
      135298,
      4,
      "0111111222223333344",
      1,
      7,
      8
    ],
    [
      69762,
      4,
      "0111111222223333444",
      1,
      7,
      8
    ],
    [
      200834,
      5,
      "0111111222223333455",
      1,
      7,
      8
    ],
    [
      36994,
      4,
      "0111111222223334444",
      1,
      7,
      8
    ],
    [
      168066,
      5,
      "0111111222223334455",
      1,
      7,
      8
    ],
    [
      102530,
      5,
      "0111111222223334555",
      1,
      7,
      8
    ],
    [
      233602,
      6,
      "0111111222223334566",
      1,
      7,
      8
    ],
    [
      20610,
      4,
      "0111111222223344444",
      1,
      7,
      8
    ],
    [
      151682,
      5,
      "0111111222223344455",
      1,
      7,
      8
    ],
    [
      86146,
      5,
      "0111111222223344555",
      1,
      7,
      8
    ],
    [
      217218,
      6,
      "0111111222223344566",
      1,
      7,
      8
    ],
    [
      53378,
      5,
      "0111111222223345555",
      1,
      7,
      8
    ],
    [
      118914,
      6,
      "0111111222223345666",
      1,
      7,
      8
    ],
    [
      12418,
      4,
      "0111111222223444444",
      1,
      7,
      8
    ],
    [
      143490,
      5,
      "0111111222223444455",
      1,
      7,
      8
    ],
    [
      77954,
      5,
      "0111111222223444555",
      1,
      7,
      8
    ],
    [
      45186,
      5,
      "0111111222223445555",
      1,
      7,
      8
    ],
    [
      176258,
      6,
      "0111111222223445566",
      1,
      7,
      8
    ],
    [
      28802,
      5,
      "0111111222223455555",
      1,
      7,
      8
    ],
    [
      159874,
      6,
      "0111111222223455566",
      1,
      7,
      8
    ],
    [
      94338,
      6,
      "0111111222223455666",
      1,
      7,
      8
    ],
    [
      2178,
      3,
      "0111111222233333333",
      1,
      7,
      8
    ],
    [
      264322,
      4,
      "0111111222233333334",
      1,
      7,
      8
    ],
    [
      67714,
      4,
      "0111111222233333444",
      1,
      7,
      8
    ],
    [
      329858,
      5,
      "0111111222233333445",
      1,
      7,
      8
    ],
    [
      34946,
      4,
      "0111111222233334444",
      1,
      7,
      8
    ],
    [
      297090,
      5,
      "0111111222233334445",
      1,
      7,
      8
    ],
    [
      100482,
      5,
      "0111111222233334555",
      1,
      7,
      8
    ],
    [
      362626,
      6,
      "0111111222233334556",
      1,
      7,
      8
    ],
    [
      18562,
      4,
      "0111111222233344444",
      1,
      7,
      8
    ],
    [
      84098,
      5,
      "0111111222233344555",
      1,
      7,
      8
    ],
    [
      51330,
      5,
      "0111111222233345555",
      1,
      7,
      8
    ],
    [
      116866,
      6,
      "0111111222233345666",
      1,
      7,
      8
    ],
    [
      10370,
      4,
      "0111111222233444444",
      1,
      7,
      8
    ],
    [
      272514,
      5,
      "0111111222233444445",
      1,
      7,
      8
    ],
    [
      75906,
      5,
      "0111111222233444555",
      1,
      7,
      8
    ],
    [
      43138,
      5,
      "0111111222233445555",
      1,
      7,
      8
    ],
    [
      305282,
      6,
      "0111111222233445556",
      1,
      7,
      8
    ],
    [
      108674,
      6,
      "0111111222233445666",
      1,
      7,
      8
    ],
    [
      26754,
      5,
      "0111111222233455555",
      1,
      7,
      8
    ],
    [
      59522,
      6,
      "0111111222233456666",
      1,
      7,
      8
    ],
    [
      6274,
      4,
      "0111111222234444444",
      1,
      7,
      8
    ],
    [
      39042,
      5,
      "0111111222234445555",
      1,
      7,
      8
    ],
    [
      22658,
      5,
      "0111111222234455555",
      1,
      7,
      8
    ],
    [
      14466,
      5,
      "0111111222234555555",
      1,
      7,
      8
    ],
    [
      47234,
      6,
      "0111111222234556666",
      1,
      7,
      8
    ],
    [
      1154,
      3,
      "0111111222333333333",
      1,
      7,
      8
    ],
    [
      263298,
      4,
      "0111111222333333334",
      1,
      7,
      8
    ],
    [
      132226,
      4,
      "0111111222333333344",
      1,
      7,
      8
    ],
    [
      394370,
      5,
      "0111111222333333345",
      1,
      7,
      8
    ],
    [
      33922,
      4,
      "0111111222333334444",
      1,
      7,
      8
    ],
    [
      164994,
      5,
      "0111111222333334455",
      1,
      7,
      8
    ],
    [
      17538,
      4,
      "0111111222333344444",
      1,
      7,
      8
    ],
    [
      279682,
      5,
      "0111111222333344445",
      1,
      7,
      8
    ],
    [
      50306,
      5,
      "0111111222333345555",
      1,
      7,
      8
    ],
    [
      9346,
      4,
      "0111111222333444444",
      1,
      7,
      8
    ],
    [
      271490,
      5,
      "0111111222333444445",
      1,
      7,
      8
    ],
    [
      140418,
      5,
      "0111111222333444455",
      1,
      7,
      8
    ],
    [
      402562,
      6,
      "0111111222333444456",
      1,
      7,
      8
    ],
    [
      42114,
      5,
      "0111111222333445555",
      1,
      7,
      8
    ],
    [
      173186,
      6,
      "0111111222333445566",
      1,
      7,
      8
    ],
    [
      25730,
      5,
      "0111111222333455555",
      1,
      7,
      8
    ],
    [
      287874,
      6,
      "0111111222333455556",
      1,
      7,
      8
    ],
    [
      58498,
      6,
      "0111111222333456666",
      1,
      7,
      8
    ],
    [
      5250,
      4,
      "0111111222334444444",
      1,
      7,
      8
    ],
    [
      136322,
      5,
      "0111111222334444455",
      1,
      7,
      8
    ],
    [
      21634,
      5,
      "0111111222334455555",
      1,
      7,
      8
    ],
    [
      13442,
      5,
      "0111111222334555555",
      1,
      7,
      8
    ],
    [
      144514,
      6,
      "0111111222334555566",
      1,
      7,
      8
    ],
    [
      29826,
      6,
      "0111111222334566666",
      1,
      7,
      8
    ],
    [
      3202,
      4,
      "0111111222344444444",
      1,
      7,
      8
    ],
    [
      265346,
      5,
      "0111111222344444445",
      1,
      7,
      8
    ],
    [
      35970,
      5,
      "0111111222344445555",
      1,
      7,
      8
    ],
    [
      11394,
      5,
      "0111111222344555555",
      1,
      7,
      8
    ],
    [
      273538,
      6,
      "0111111222344555556",
      1,
      7,
      8
    ],
    [
      44162,
      6,
      "0111111222344556666",
      1,
      7,
      8
    ],
    [
      7298,
      5,
      "0111111222345555555",
      1,
      7,
      8
    ],
    [
      642,
      3,
      "0111111223333333333",
      1,
      7,
      8
    ],
    [
      262786,
      4,
      "0111111223333333334",
      1,
      7,
      8
    ],
    [
      131714,
      4,
      "0111111223333333344",
      1,
      7,
      8
    ],
    [
      393858,
      5,
      "0111111223333333345",
      1,
      7,
      8
    ],
    [
      66178,
      4,
      "0111111223333333444",
      1,
      7,
      8
    ],
    [
      197250,
      5,
      "0111111223333333455",
      1,
      7,
      8
    ],
    [
      17026,
      4,
      "0111111223333344444",
      1,
      7,
      8
    ],
    [
      279170,
      5,
      "0111111223333344445",
      1,
      7,
      8
    ],
    [
      148098,
      5,
      "0111111223333344455",
      1,
      7,
      8
    ],
    [
      410242,
      6,
      "0111111223333344456",
      1,
      7,
      8
    ],
    [
      8834,
      4,
      "0111111223333444444",
      1,
      7,
      8
    ],
    [
      270978,
      5,
      "0111111223333444445",
      1,
      7,
      8
    ],
    [
      139906,
      5,
      "0111111223333444455",
      1,
      7,
      8
    ],
    [
      402050,
      6,
      "0111111223333444456",
      1,
      7,
      8
    ],
    [
      74370,
      5,
      "0111111223333444555",
      1,
      7,
      8
    ],
    [
      205442,
      6,
      "0111111223333444566",
      1,
      7,
      8
    ],
    [
      25218,
      5,
      "0111111223333455555",
      1,
      7,
      8
    ],
    [
      156290,
      6,
      "0111111223333455566",
      1,
      7,
      8
    ],
    [
      4738,
      4,
      "0111111223334444444",
      1,
      7,
      8
    ],
    [
      135810,
      5,
      "0111111223334444455",
      1,
      7,
      8
    ],
    [
      70274,
      5,
      "0111111223334444555",
      1,
      7,
      8
    ],
    [
      201346,
      6,
      "0111111223334444566",
      1,
      7,
      8
    ],
    [
      12930,
      5,
      "0111111223334555555",
      1,
      7,
      8
    ],
    [
      144002,
      6,
      "0111111223334555566",
      1,
      7,
      8
    ],
    [
      2690,
      4,
      "0111111223344444444",
      1,
      7,
      8
    ],
    [
      264834,
      5,
      "0111111223344444445",
      1,
      7,
      8
    ],
    [
      68226,
      5,
      "0111111223344444555",
      1,
      7,
      8
    ],
    [
      19074,
      5,
      "0111111223344455555",
      1,
      7,
      8
    ],
    [
      6786,
      5,
      "0111111223345555555",
      1,
      7,
      8
    ],
    [
      1666,
      4,
      "0111111223444444444",
      1,
      7,
      8
    ],
    [
      132738,
      5,
      "0111111223444444455",
      1,
      7,
      8
    ],
    [
      18050,
      5,
      "0111111223444455555",
      1,
      7,
      8
    ],
    [
      9858,
      5,
      "0111111223444555555",
      1,
      7,
      8
    ],
    [
      140930,
      6,
      "0111111223444555566",
      1,
      7,
      8
    ],
    [
      3714,
      5,
      "0111111223455555555",
      1,
      7,
      8
    ],
    [
      386,
      3,
      "0111111233333333333",
      1,
      7,
      8
    ],
    [
      262530,
      4,
      "0111111233333333334",
      1,
      7,
      8
    ],
    [
      131458,
      4,
      "0111111233333333344",
      1,
      7,
      8
    ],
    [
      65922,
      4,
      "0111111233333333444",
      1,
      7,
      8
    ],
    [
      328066,
      5,
      "0111111233333333445",
      1,
      7,
      8
    ],
    [
      33154,
      4,
      "0111111233333334444",
      1,
      7,
      8
    ],
    [
      295298,
      5,
      "0111111233333334445",
      1,
      7,
      8
    ],
    [
      164226,
      5,
      "0111111233333334455",
      1,
      7,
      8
    ],
    [
      8578,
      4,
      "0111111233333444444",
      1,
      7,
      8
    ],
    [
      270722,
      5,
      "0111111233333444445",
      1,
      7,
      8
    ],
    [
      139650,
      5,
      "0111111233333444455",
      1,
      7,
      8
    ],
    [
      74114,
      5,
      "0111111233333444555",
      1,
      7,
      8
    ],
    [
      336258,
      6,
      "0111111233333444556",
      1,
      7,
      8
    ],
    [
      41346,
      5,
      "0111111233333445555",
      1,
      7,
      8
    ],
    [
      303490,
      6,
      "0111111233333445556",
      1,
      7,
      8
    ],
    [
      172418,
      6,
      "0111111233333445566",
      1,
      7,
      8
    ],
    [
      4482,
      4,
      "0111111233334444444",
      1,
      7,
      8
    ],
    [
      135554,
      5,
      "0111111233334444455",
      1,
      7,
      8
    ],
    [
      70018,
      5,
      "0111111233334444555",
      1,
      7,
      8
    ],
    [
      37250,
      5,
      "0111111233334445555",
      1,
      7,
      8
    ],
    [
      168322,
      6,
      "0111111233334445566",
      1,
      7,
      8
    ],
    [
      2434,
      4,
      "0111111233344444444",
      1,
      7,
      8
    ],
    [
      67970,
      5,
      "0111111233344444555",
      1,
      7,
      8
    ],
    [
      35202,
      5,
      "0111111233344445555",
      1,
      7,
      8
    ],
    [
      10626,
      5,
      "0111111233344555555",
      1,
      7,
      8
    ],
    [
      43394,
      6,
      "0111111233344556666",
      1,
      7,
      8
    ],
    [
      1410,
      4,
      "0111111233444444444",
      1,
      7,
      8
    ],
    [
      263554,
      5,
      "0111111233444444445",
      1,
      7,
      8
    ],
    [
      34178,
      5,
      "0111111233444445555",
      1,
      7,
      8
    ],
    [
      9602,
      5,
      "0111111233444555555",
      1,
      7,
      8
    ],
    [
      271746,
      6,
      "0111111233444555556",
      1,
      7,
      8
    ],
    [
      5506,
      5,
      "0111111233445555555",
      1,
      7,
      8
    ],
    [
      898,
      4,
      "0111111234444444444",
      1,
      7,
      8
    ],
    [
      263042,
      5,
      "0111111234444444445",
      1,
      7,
      8
    ],
    [
      131970,
      5,
      "0111111234444444455",
      1,
      7,
      8
    ],
    [
      9090,
      5,
      "0111111234444555555",
      1,
      7,
      8
    ],
    [
      271234,
      6,
      "0111111234444555556",
      1,
      7,
      8
    ],
    [
      140162,
      6,
      "0111111234444555566",
      1,
      7,
      8
    ],
    [
      4994,
      5,
      "0111111234445555555",
      1,
      7,
      8
    ],
    [
      136066,
      6,
      "0111111234445555566",
      1,
      7,
      8
    ],
    [
      2946,
      5,
      "0111111234455555555",
      1,
      7,
      8
    ],
    [
      66,
      2,
      "0111112222222222222",
      1,
      6,
      4
    ],
    [
      262210,
      3,
      "0111112222222222223",
      1,
      6,
      4
    ],
    [
      131138,
      3,
      "0111112222222222233",
      1,
      6,
      4
    ],
    [
      393282,
      4,
      "0111112222222222234",
      1,
      6,
      4
    ],
    [
      65602,
      3,
      "0111112222222222333",
      1,
      6,
      4
    ],
    [
      327746,
      4,
      "0111112222222222334",
      1,
      6,
      4
    ],
    [
      196674,
      4,
      "0111112222222222344",
      1,
      6,
      4
    ],
    [
      458818,
      5,
      "0111112222222222345",
      1,
      6,
      4
    ],
    [
      32834,
      3,
      "0111112222222223333",
      1,
      6,
      4
    ],
    [
      294978,
      4,
      "0111112222222223334",
      1,
      6,
      4
    ],
    [
      163906,
      4,
      "0111112222222223344",
      1,
      6,
      4
    ],
    [
      426050,
      5,
      "0111112222222223345",
      1,
      6,
      4
    ],
    [
      98370,
      4,
      "0111112222222223444",
      1,
      6,
      4
    ],
    [
      360514,
      5,
      "0111112222222223445",
      1,
      6,
      4
    ],
    [
      229442,
      5,
      "0111112222222223455",
      1,
      6,
      4
    ],
    [
      16450,
      3,
      "0111112222222233333",
      1,
      6,
      4
    ],
    [
      278594,
      4,
      "0111112222222233334",
      1,
      6,
      4
    ],
    [
      147522,
      4,
      "0111112222222233344",
      1,
      6,
      4
    ],
    [
      409666,
      5,
      "0111112222222233345",
      1,
      6,
      4
    ],
    [
      81986,
      4,
      "0111112222222233444",
      1,
      6,
      4
    ],
    [
      344130,
      5,
      "0111112222222233445",
      1,
      6,
      4
    ],
    [
      213058,
      5,
      "0111112222222233455",
      1,
      6,
      4
    ],
    [
      475202,
      6,
      "0111112222222233456",
      1,
      6,
      4
    ],
    [
      49218,
      4,
      "0111112222222234444",
      1,
      6,
      4
    ],
    [
      311362,
      5,
      "0111112222222234445",
      1,
      6,
      4
    ],
    [
      180290,
      5,
      "0111112222222234455",
      1,
      6,
      4
    ],
    [
      114754,
      5,
      "0111112222222234555",
      1,
      6,
      4
    ],
    [
      376898,
      6,
      "0111112222222234556",
      1,
      6,
      4
    ],
    [
      8258,
      3,
      "0111112222222333333",
      1,
      6,
      4
    ],
    [
      139330,
      4,
      "0111112222222333344",
      1,
      6,
      4
    ],
    [
      73794,
      4,
      "0111112222222333444",
      1,
      6,
      4
    ],
    [
      204866,
      5,
      "0111112222222333455",
      1,
      6,
      4
    ],
    [
      41026,
      4,
      "0111112222222334444",
      1,
      6,
      4
    ],
    [
      172098,
      5,
      "0111112222222334455",
      1,
      6,
      4
    ],
    [
      106562,
      5,
      "0111112222222334555",
      1,
      6,
      4
    ],
    [
      237634,
      6,
      "0111112222222334566",
      1,
      6,
      4
    ],
    [
      24642,
      4,
      "0111112222222344444",
      1,
      6,
      4
    ],
    [
      155714,
      5,
      "0111112222222344455",
      1,
      6,
      4
    ],
    [
      90178,
      5,
      "0111112222222344555",
      1,
      6,
      4
    ],
    [
      57410,
      5,
      "0111112222222345555",
      1,
      6,
      4
    ],
    [
      188482,
      6,
      "0111112222222345566",
      1,
      6,
      4
    ],
    [
      4162,
      3,
      "0111112222223333333",
      1,
      6,
      4
    ],
    [
      266306,
      4,
      "0111112222223333334",
      1,
      6,
      4
    ],
    [
      69698,
      4,
      "0111112222223333444",
      1,
      6,
      4
    ],
    [
      331842,
      5,
      "0111112222223333445",
      1,
      6,
      4
    ],
    [
      36930,
      4,
      "0111112222223334444",
      1,
      6,
      4
    ],
    [
      299074,
      5,
      "0111112222223334445",
      1,
      6,
      4
    ],
    [
      102466,
      5,
      "0111112222223334555",
      1,
      6,
      4
    ],
    [
      364610,
      6,
      "0111112222223334556",
      1,
      6,
      4
    ],
    [
      20546,
      4,
      "0111112222223344444",
      1,
      6,
      4
    ],
    [
      282690,
      5,
      "0111112222223344445",
      1,
      6,
      4
    ],
    [
      86082,
      5,
      "0111112222223344555",
      1,
      6,
      4
    ],
    [
      53314,
      5,
      "0111112222223345555",
      1,
      6,
      4
    ],
    [
      315458,
      6,
      "0111112222223345556",
      1,
      6,
      4
    ],
    [
      118850,
      6,
      "0111112222223345666",
      1,
      6,
      4
    ],
    [
      12354,
      4,
      "0111112222223444444",
      1,
      6,
      4
    ],
    [
      77890,
      5,
      "0111112222223444555",
      1,
      6,
      4
    ],
    [
      45122,
      5,
      "0111112222223445555",
      1,
      6,
      4
    ],
    [
      28738,
      5,
      "0111112222223455555",
      1,
      6,
      4
    ],
    [
      94274,
      6,
      "0111112222223455666",
      1,
      6,
      4
    ],
    [
      2114,
      3,
      "0111112222233333333",
      1,
      6,
      4
    ],
    [
      264258,
      4,
      "0111112222233333334",
      1,
      6,
      4
    ],
    [
      133186,
      4,
      "0111112222233333344",
      1,
      6,
      4
    ],
    [
      395330,
      5,
      "0111112222233333345",
      1,
      6,
      4
    ],
    [
      34882,
      4,
      "0111112222233334444",
      1,
      6,
      4
    ],
    [
      297026,
      5,
      "0111112222233334445",
      1,
      6,
      4
    ],
    [
      165954,
      5,
      "0111112222233334455",
      1,
      6,
      4
    ],
    [
      428098,
      6,
      "0111112222233334456",
      1,
      6,
      4
    ],
    [
      18498,
      4,
      "0111112222233344444",
      1,
      6,
      4
    ],
    [
      280642,
      5,
      "0111112222233344445",
      1,
      6,
      4
    ],
    [
      149570,
      5,
      "0111112222233344455",
      1,
      6,
      4
    ],
    [
      411714,
      6,
      "0111112222233344456",
      1,
      6,
      4
    ],
    [
      51266,
      5,
      "0111112222233345555",
      1,
      6,
      4
    ],
    [
      182338,
      6,
      "0111112222233345566",
      1,
      6,
      4
    ],
    [
      10306,
      4,
      "0111112222233444444",
      1,
      6,
      4
    ],
    [
      141378,
      5,
      "0111112222233444455",
      1,
      6,
      4
    ],
    [
      43074,
      5,
      "0111112222233445555",
      1,
      6,
      4
    ],
    [
      26690,
      5,
      "0111112222233455555",
      1,
      6,
      4
    ],
    [
      157762,
      6,
      "0111112222233455566",
      1,
      6,
      4
    ],
    [
      59458,
      6,
      "0111112222233456666",
      1,
      6,
      4
    ],
    [
      6210,
      4,
      "0111112222234444444",
      1,
      6,
      4
    ],
    [
      268354,
      5,
      "0111112222234444445",
      1,
      6,
      4
    ],
    [
      38978,
      5,
      "0111112222234445555",
      1,
      6,
      4
    ],
    [
      301122,
      6,
      "0111112222234445556",
      1,
      6,
      4
    ],
    [
      22594,
      5,
      "0111112222234455555",
      1,
      6,
      4
    ],
    [
      284738,
      6,
      "0111112222234455556",
      1,
      6,
      4
    ],
    [
      14402,
      5,
      "0111112222234555555",
      1,
      6,
      4
    ],
    [
      47170,
      6,
      "0111112222234556666",
      1,
      6,
      4
    ],
    [
      1090,
      3,
      "0111112222333333333",
      1,
      6,
      4
    ],
    [
      263234,
      4,
      "0111112222333333334",
      1,
      6,
      4
    ],
    [
      132162,
      4,
      "0111112222333333344",
      1,
      6,
      4
    ],
    [
      394306,
      5,
      "0111112222333333345",
      1,
      6,
      4
    ],
    [
      66626,
      4,
      "0111112222333333444",
      1,
      6,
      4
    ],
    [
      328770,
      5,
      "0111112222333333445",
      1,
      6,
      4
    ],
    [
      197698,
      5,
      "0111112222333333455",
      1,
      6,
      4
    ],
    [
      459842,
      6,
      "0111112222333333456",
      1,
      6,
      4
    ],
    [
      17474,
      4,
      "0111112222333344444",
      1,
      6,
      4
    ],
    [
      148546,
      5,
      "0111112222333344455",
      1,
      6,
      4
    ],
    [
      83010,
      5,
      "0111112222333344555",
      1,
      6,
      4
    ],
    [
      214082,
      6,
      "0111112222333344566",
      1,
      6,
      4
    ],
    [
      9282,
      4,
      "0111112222333444444",
      1,
      6,
      4
    ],
    [
      74818,
      5,
      "0111112222333444555",
      1,
      6,
      4
    ],
    [
      25666,
      5,
      "0111112222333455555",
      1,
      6,
      4
    ],
    [
      91202,
      6,
      "0111112222333455666",
      1,
      6,
      4
    ],
    [
      5186,
      4,
      "0111112222334444444",
      1,
      6,
      4
    ],
    [
      267330,
      5,
      "0111112222334444445",
      1,
      6,
      4
    ],
    [
      21570,
      5,
      "0111112222334455555",
      1,
      6,
      4
    ],
    [
      13378,
      5,
      "0111112222334555555",
      1,
      6,
      4
    ],
    [
      29762,
      6,
      "0111112222334566666",
      1,
      6,
      4
    ],
    [
      3138,
      4,
      "0111112222344444444",
      1,
      6,
      4
    ],
    [
      265282,
      5,
      "0111112222344444445",
      1,
      6,
      4
    ],
    [
      134210,
      5,
      "0111112222344444455",
      1,
      6,
      4
    ],
    [
      19522,
      5,
      "0111112222344455555",
      1,
      6,
      4
    ],
    [
      150594,
      6,
      "0111112222344455566",
      1,
      6,
      4
    ],
    [
      11330,
      5,
      "0111112222344555555",
      1,
      6,
      4
    ],
    [
      7234,
      5,
      "0111112222345555555",
      1,
      6,
      4
    ],
    [
      269378,
      6,
      "0111112222345555556",
      1,
      6,
      4
    ],
    [
      23618,
      6,
      "0111112222345566666",
      1,
      6,
      4
    ],
    [
      578,
      3,
      "0111112223333333333",
      1,
      6,
      4
    ],
    [
      262722,
      4,
      "0111112223333333334",
      1,
      6,
      4
    ],
    [
      131650,
      4,
      "0111112223333333344",
      1,
      6,
      4
    ],
    [
      393794,
      5,
      "0111112223333333345",
      1,
      6,
      4
    ],
    [
      66114,
      4,
      "0111112223333333444",
      1,
      6,
      4
    ],
    [
      328258,
      5,
      "0111112223333333445",
      1,
      6,
      4
    ],
    [
      197186,
      5,
      "0111112223333333455",
      1,
      6,
      4
    ],
    [
      459330,
      6,
      "0111112223333333456",
      1,
      6,
      4
    ],
    [
      33346,
      4,
      "0111112223333334444",
      1,
      6,
      4
    ],
    [
      164418,
      5,
      "0111112223333334455",
      1,
      6,
      4
    ],
    [
      98882,
      5,
      "0111112223333334555",
      1,
      6,
      4
    ],
    [
      229954,
      6,
      "0111112223333334566",
      1,
      6,
      4
    ],
    [
      8770,
      4,
      "0111112223333444444",
      1,
      6,
      4
    ],
    [
      139842,
      5,
      "0111112223333444455",
      1,
      6,
      4
    ],
    [
      41538,
      5,
      "0111112223333445555",
      1,
      6,
      4
    ],
    [
      172610,
      6,
      "0111112223333445566",
      1,
      6,
      4
    ],
    [
      4674,
      4,
      "0111112223334444444",
      1,
      6,
      4
    ],
    [
      266818,
      5,
      "0111112223334444445",
      1,
      6,
      4
    ],
    [
      70210,
      5,
      "0111112223334444555",
      1,
      6,
      4
    ],
    [
      332354,
      6,
      "0111112223334444556",
      1,
      6,
      4
    ],
    [
      12866,
      5,
      "0111112223334555555",
      1,
      6,
      4
    ],
    [
      2626,
      4,
      "0111112223344444444",
      1,
      6,
      4
    ],
    [
      264770,
      5,
      "0111112223344444445",
      1,
      6,
      4
    ],
    [
      133698,
      5,
      "0111112223344444455",
      1,
      6,
      4
    ],
    [
      395842,
      6,
      "0111112223344444456",
      1,
      6,
      4
    ],
    [
      35394,
      5,
      "0111112223344445555",
      1,
      6,
      4
    ],
    [
      10818,
      5,
      "0111112223344555555",
      1,
      6,
      4
    ],
    [
      141890,
      6,
      "0111112223344555566",
      1,
      6,
      4
    ],
    [
      6722,
      5,
      "0111112223345555555",
      1,
      6,
      4
    ],
    [
      268866,
      6,
      "0111112223345555556",
      1,
      6,
      4
    ],
    [
      14914,
      6,
      "0111112223345666666",
      1,
      6,
      4
    ],
    [
      1602,
      4,
      "0111112223444444444",
      1,
      6,
      4
    ],
    [
      132674,
      5,
      "0111112223444444455",
      1,
      6,
      4
    ],
    [
      67138,
      5,
      "0111112223444444555",
      1,
      6,
      4
    ],
    [
      5698,
      5,
      "0111112223445555555",
      1,
      6,
      4
    ],
    [
      3650,
      5,
      "0111112223455555555",
      1,
      6,
      4
    ],
    [
      134722,
      6,
      "0111112223455555566",
      1,
      6,
      4
    ],
    [
      322,
      3,
      "0111112233333333333",
      1,
      6,
      4
    ],
    [
      262466,
      4,
      "0111112233333333334",
      1,
      6,
      4
    ],
    [
      131394,
      4,
      "0111112233333333344",
      1,
      6,
      4
    ],
    [
      393538,
      5,
      "0111112233333333345",
      1,
      6,
      4
    ],
    [
      65858,
      4,
      "0111112233333333444",
      1,
      6,
      4
    ],
    [
      196930,
      5,
      "0111112233333333455",
      1,
      6,
      4
    ],
    [
      33090,
      4,
      "0111112233333334444",
      1,
      6,
      4
    ],
    [
      295234,
      5,
      "0111112233333334445",
      1,
      6,
      4
    ],
    [
      98626,
      5,
      "0111112233333334555",
      1,
      6,
      4
    ],
    [
      16706,
      4,
      "0111112233333344444",
      1,
      6,
      4
    ],
    [
      278850,
      5,
      "0111112233333344445",
      1,
      6,
      4
    ],
    [
      147778,
      5,
      "0111112233333344455",
      1,
      6,
      4
    ],
    [
      409922,
      6,
      "0111112233333344456",
      1,
      6,
      4
    ],
    [
      49474,
      5,
      "0111112233333345555",
      1,
      6,
      4
    ],
    [
      311618,
      6,
      "0111112233333345556",
      1,
      6,
      4
    ],
    [
      4418,
      4,
      "0111112233334444444",
      1,
      6,
      4
    ],
    [
      266562,
      5,
      "0111112233334444445",
      1,
      6,
      4
    ],
    [
      69954,
      5,
      "0111112233334444555",
      1,
      6,
      4
    ],
    [
      37186,
      5,
      "0111112233334445555",
      1,
      6,
      4
    ],
    [
      299330,
      6,
      "0111112233334445556",
      1,
      6,
      4
    ],
    [
      102722,
      6,
      "0111112233334445666",
      1,
      6,
      4
    ],
    [
      2370,
      4,
      "0111112233344444444",
      1,
      6,
      4
    ],
    [
      133442,
      5,
      "0111112233344444455",
      1,
      6,
      4
    ],
    [
      35138,
      5,
      "0111112233344445555",
      1,
      6,
      4
    ],
    [
      18754,
      5,
      "0111112233344455555",
      1,
      6,
      4
    ],
    [
      51522,
      6,
      "0111112233344456666",
      1,
      6,
      4
    ],
    [
      6466,
      5,
      "0111112233345555555",
      1,
      6,
      4
    ],
    [
      1346,
      4,
      "0111112233444444444",
      1,
      6,
      4
    ],
    [
      263490,
      5,
      "0111112233444444445",
      1,
      6,
      4
    ],
    [
      66882,
      5,
      "0111112233444444555",
      1,
      6,
      4
    ],
    [
      17730,
      5,
      "0111112233444455555",
      1,
      6,
      4
    ],
    [
      3394,
      5,
      "0111112233455555555",
      1,
      6,
      4
    ],
    [
      19778,
      6,
      "0111112233455566666",
      1,
      6,
      4
    ],
    [
      834,
      4,
      "0111112234444444444",
      1,
      6,
      4
    ],
    [
      262978,
      5,
      "0111112234444444445",
      1,
      6,
      4
    ],
    [
      131906,
      5,
      "0111112234444444455",
      1,
      6,
      4
    ],
    [
      33602,
      5,
      "0111112234444445555",
      1,
      6,
      4
    ],
    [
      4930,
      5,
      "0111112234445555555",
      1,
      6,
      4
    ],
    [
      267074,
      6,
      "0111112234445555556",
      1,
      6,
      4
    ],
    [
      1858,
      5,
      "0111112234555555555",
      1,
      6,
      4
    ],
    [
      194,
      3,
      "0111112333333333333",
      1,
      6,
      4
    ],
    [
      262338,
      4,
      "0111112333333333334",
      1,
      6,
      4
    ],
    [
      131266,
      4,
      "0111112333333333344",
      1,
      6,
      4
    ],
    [
      65730,
      4,
      "0111112333333333444",
      1,
      6,
      4
    ],
    [
      327874,
      5,
      "0111112333333333445",
      1,
      6,
      4
    ],
    [
      32962,
      4,
      "0111112333333334444",
      1,
      6,
      4
    ],
    [
      295106,
      5,
      "0111112333333334445",
      1,
      6,
      4
    ],
    [
      164034,
      5,
      "0111112333333334455",
      1,
      6,
      4
    ],
    [
      16578,
      4,
      "0111112333333344444",
      1,
      6,
      4
    ],
    [
      278722,
      5,
      "0111112333333344445",
      1,
      6,
      4
    ],
    [
      147650,
      5,
      "0111112333333344455",
      1,
      6,
      4
    ],
    [
      82114,
      5,
      "0111112333333344555",
      1,
      6,
      4
    ],
    [
      344258,
      6,
      "0111112333333344556",
      1,
      6,
      4
    ],
    [
      8386,
      4,
      "0111112333333444444",
      1,
      6,
      4
    ],
    [
      139458,
      5,
      "0111112333333444455",
      1,
      6,
      4
    ],
    [
      73922,
      5,
      "0111112333333444555",
      1,
      6,
      4
    ],
    [
      41154,
      5,
      "0111112333333445555",
      1,
      6,
      4
    ],
    [
      172226,
      6,
      "0111112333333445566",
      1,
      6,
      4
    ],
    [
      2242,
      4,
      "0111112333344444444",
      1,
      6,
      4
    ],
    [
      264386,
      5,
      "0111112333344444445",
      1,
      6,
      4
    ],
    [
      35010,
      5,
      "0111112333344445555",
      1,
      6,
      4
    ],
    [
      297154,
      6,
      "0111112333344445556",
      1,
      6,
      4
    ],
    [
      18626,
      5,
      "0111112333344455555",
      1,
      6,
      4
    ],
    [
      10434,
      5,
      "0111112333344555555",
      1,
      6,
      4
    ],
    [
      43202,
      6,
      "0111112333344556666",
      1,
      6,
      4
    ],
    [
      1218,
      4,
      "0111112333444444444",
      1,
      6,
      4
    ],
    [
      263362,
      5,
      "0111112333444444445",
      1,
      6,
      4
    ],
    [
      132290,
      5,
      "0111112333444444455",
      1,
      6,
      4
    ],
    [
      17602,
      5,
      "0111112333444455555",
      1,
      6,
      4
    ],
    [
      9410,
      5,
      "0111112333444555555",
      1,
      6,
      4
    ],
    [
      706,
      4,
      "0111112334444444444",
      1,
      6,
      4
    ],
    [
      262850,
      5,
      "0111112334444444445",
      1,
      6,
      4
    ],
    [
      131778,
      5,
      "0111112334444444455",
      1,
      6,
      4
    ],
    [
      66242,
      5,
      "0111112334444444555",
      1,
      6,
      4
    ],
    [
      8898,
      5,
      "0111112334444555555",
      1,
      6,
      4
    ],
    [
      139970,
      6,
      "0111112334444555566",
      1,
      6,
      4
    ],
    [
      2754,
      5,
      "0111112334455555555",
      1,
      6,
      4
    ],
    [
      264898,
      6,
      "0111112334455555556",
      1,
      6,
      4
    ],
    [
      450,
      4,
      "0111112344444444444",
      1,
      6,
      4
    ],
    [
      262594,
      5,
      "0111112344444444445",
      1,
      6,
      4
    ],
    [
      131522,
      5,
      "0111112344444444455",
      1,
      6,
      4
    ],
    [
      65986,
      5,
      "0111112344444444555",
      1,
      6,
      4
    ],
    [
      33218,
      5,
      "0111112344444445555",
      1,
      6,
      4
    ],
    [
      295362,
      6,
      "0111112344444445556",
      1,
      6,
      4
    ],
    [
      2498,
      5,
      "0111112344455555555",
      1,
      6,
      4
    ],
    [
      35266,
      6,
      "0111112344455556666",
      1,
      6,
      4
    ],
    [
      1474,
      5,
      "0111112344555555555",
      1,
      6,
      4
    ],
    [
      263618,
      6,
      "0111112344555555556",
      1,
      6,
      4
    ],
    [
      34,
      2,
      "0111122222222222222",
      1,
      5,
      2
    ],
    [
      262178,
      3,
      "0111122222222222223",
      1,
      5,
      2
    ],
    [
      131106,
      3,
      "0111122222222222233",
      1,
      5,
      2
    ],
    [
      393250,
      4,
      "0111122222222222234",
      1,
      5,
      2
    ],
    [
      65570,
      3,
      "0111122222222222333",
      1,
      5,
      2
    ],
    [
      327714,
      4,
      "0111122222222222334",
      1,
      5,
      2
    ],
    [
      196642,
      4,
      "0111122222222222344",
      1,
      5,
      2
    ],
    [
      458786,
      5,
      "0111122222222222345",
      1,
      5,
      2
    ],
    [
      32802,
      3,
      "0111122222222223333",
      1,
      5,
      2
    ],
    [
      294946,
      4,
      "0111122222222223334",
      1,
      5,
      2
    ],
    [
      163874,
      4,
      "0111122222222223344",
      1,
      5,
      2
    ],
    [
      426018,
      5,
      "0111122222222223345",
      1,
      5,
      2
    ],
    [
      98338,
      4,
      "0111122222222223444",
      1,
      5,
      2
    ],
    [
      360482,
      5,
      "0111122222222223445",
      1,
      5,
      2
    ],
    [
      229410,
      5,
      "0111122222222223455",
      1,
      5,
      2
    ],
    [
      16418,
      3,
      "0111122222222233333",
      1,
      5,
      2
    ],
    [
      147490,
      4,
      "0111122222222233344",
      1,
      5,
      2
    ],
    [
      81954,
      4,
      "0111122222222233444",
      1,
      5,
      2
    ],
    [
      213026,
      5,
      "0111122222222233455",
      1,
      5,
      2
    ],
    [
      49186,
      4,
      "0111122222222234444",
      1,
      5,
      2
    ],
    [
      180258,
      5,
      "0111122222222234455",
      1,
      5,
      2
    ],
    [
      114722,
      5,
      "0111122222222234555",
      1,
      5,
      2
    ],
    [
      8226,
      3,
      "0111122222222333333",
      1,
      5,
      2
    ],
    [
      270370,
      4,
      "0111122222222333334",
      1,
      5,
      2
    ],
    [
      73762,
      4,
      "0111122222222333444",
      1,
      5,
      2
    ],
    [
      335906,
      5,
      "0111122222222333445",
      1,
      5,
      2
    ],
    [
      40994,
      4,
      "0111122222222334444",
      1,
      5,
      2
    ],
    [
      303138,
      5,
      "0111122222222334445",
      1,
      5,
      2
    ],
    [
      106530,
      5,
      "0111122222222334555",
      1,
      5,
      2
    ],
    [
      24610,
      4,
      "0111122222222344444",
      1,
      5,
      2
    ],
    [
      90146,
      5,
      "0111122222222344555",
      1,
      5,
      2
    ],
    [
      57378,
      5,
      "0111122222222345555",
      1,
      5,
      2
    ],
    [
      4130,
      3,
      "0111122222223333333",
      1,
      5,
      2
    ],
    [
      266274,
      4,
      "0111122222223333334",
      1,
      5,
      2
    ],
    [
      135202,
      4,
      "0111122222223333344",
      1,
      5,
      2
    ],
    [
      397346,
      5,
      "0111122222223333345",
      1,
      5,
      2
    ],
    [
      36898,
      4,
      "0111122222223334444",
      1,
      5,
      2
    ],
    [
      299042,
      5,
      "0111122222223334445",
      1,
      5,
      2
    ],
    [
      167970,
      5,
      "0111122222223334455",
      1,
      5,
      2
    ],
    [
      430114,
      6,
      "0111122222223334456",
      1,
      5,
      2
    ],
    [
      20514,
      4,
      "0111122222223344444",
      1,
      5,
      2
    ],
    [
      151586,
      5,
      "0111122222223344455",
      1,
      5,
      2
    ],
    [
      53282,
      5,
      "0111122222223345555",
      1,
      5,
      2
    ],
    [
      12322,
      4,
      "0111122222223444444",
      1,
      5,
      2
    ],
    [
      274466,
      5,
      "0111122222223444445",
      1,
      5,
      2
    ],
    [
      45090,
      5,
      "0111122222223445555",
      1,
      5,
      2
    ],
    [
      307234,
      6,
      "0111122222223445556",
      1,
      5,
      2
    ],
    [
      28706,
      5,
      "0111122222223455555",
      1,
      5,
      2
    ],
    [
      2082,
      3,
      "0111122222233333333",
      1,
      5,
      2
    ],
    [
      264226,
      4,
      "0111122222233333334",
      1,
      5,
      2
    ],
    [
      133154,
      4,
      "0111122222233333344",
      1,
      5,
      2
    ],
    [
      395298,
      5,
      "0111122222233333345",
      1,
      5,
      2
    ],
    [
      67618,
      4,
      "0111122222233333444",
      1,
      5,
      2
    ],
    [
      329762,
      5,
      "0111122222233333445",
      1,
      5,
      2
    ],
    [
      198690,
      5,
      "0111122222233333455",
      1,
      5,
      2
    ],
    [
      460834,
      6,
      "0111122222233333456",
      1,
      5,
      2
    ],
    [
      18466,
      4,
      "0111122222233344444",
      1,
      5,
      2
    ],
    [
      149538,
      5,
      "0111122222233344455",
      1,
      5,
      2
    ],
    [
      84002,
      5,
      "0111122222233344555",
      1,
      5,
      2
    ],
    [
      215074,
      6,
      "0111122222233344566",
      1,
      5,
      2
    ],
    [
      10274,
      4,
      "0111122222233444444",
      1,
      5,
      2
    ],
    [
      272418,
      5,
      "0111122222233444445",
      1,
      5,
      2
    ],
    [
      75810,
      5,
      "0111122222233444555",
      1,
      5,
      2
    ],
    [
      26658,
      5,
      "0111122222233455555",
      1,
      5,
      2
    ],
    [
      6178,
      4,
      "0111122222234444444",
      1,
      5,
      2
    ],
    [
      137250,
      5,
      "0111122222234444455",
      1,
      5,
      2
    ],
    [
      22562,
      5,
      "0111122222234455555",
      1,
      5,
      2
    ],
    [
      153634,
      6,
      "0111122222234455566",
      1,
      5,
      2
    ],
    [
      14370,
      5,
      "0111122222234555555",
      1,
      5,
      2
    ],
    [
      1058,
      3,
      "0111122222333333333",
      1,
      5,
      2
    ],
    [
      263202,
      4,
      "0111122222333333334",
      1,
      5,
      2
    ],
    [
      132130,
      4,
      "0111122222333333344",
      1,
      5,
      2
    ],
    [
      394274,
      5,
      "0111122222333333345",
      1,
      5,
      2
    ],
    [
      66594,
      4,
      "0111122222333333444",
      1,
      5,
      2
    ],
    [
      328738,
      5,
      "0111122222333333445",
      1,
      5,
      2
    ],
    [
      197666,
      5,
      "0111122222333333455",
      1,
      5,
      2
    ],
    [
      459810,
      6,
      "0111122222333333456",
      1,
      5,
      2
    ],
    [
      33826,
      4,
      "0111122222333334444",
      1,
      5,
      2
    ],
    [
      295970,
      5,
      "0111122222333334445",
      1,
      5,
      2
    ],
    [
      164898,
      5,
      "0111122222333334455",
      1,
      5,
      2
    ],
    [
      427042,
      6,
      "0111122222333334456",
      1,
      5,
      2
    ],
    [
      99362,
      5,
      "0111122222333334555",
      1,
      5,
      2
    ],
    [
      361506,
      6,
      "0111122222333334556",
      1,
      5,
      2
    ],
    [
      230434,
      6,
      "0111122222333334566",
      1,
      5,
      2
    ],
    [
      9250,
      4,
      "0111122222333444444",
      1,
      5,
      2
    ],
    [
      74786,
      5,
      "0111122222333444555",
      1,
      5,
      2
    ],
    [
      42018,
      5,
      "0111122222333445555",
      1,
      5,
      2
    ],
    [
      107554,
      6,
      "0111122222333445666",
      1,
      5,
      2
    ],
    [
      5154,
      4,
      "0111122222334444444",
      1,
      5,
      2
    ],
    [
      267298,
      5,
      "0111122222334444445",
      1,
      5,
      2
    ],
    [
      37922,
      5,
      "0111122222334445555",
      1,
      5,
      2
    ],
    [
      300066,
      6,
      "0111122222334445556",
      1,
      5,
      2
    ],
    [
      13346,
      5,
      "0111122222334555555",
      1,
      5,
      2
    ],
    [
      3106,
      4,
      "0111122222344444444",
      1,
      5,
      2
    ],
    [
      265250,
      5,
      "0111122222344444445",
      1,
      5,
      2
    ],
    [
      134178,
      5,
      "0111122222344444455",
      1,
      5,
      2
    ],
    [
      11298,
      5,
      "0111122222344555555",
      1,
      5,
      2
    ],
    [
      7202,
      5,
      "0111122222345555555",
      1,
      5,
      2
    ],
    [
      546,
      3,
      "0111122223333333333",
      1,
      5,
      2
    ],
    [
      262690,
      4,
      "0111122223333333334",
      1,
      5,
      2
    ],
    [
      131618,
      4,
      "0111122223333333344",
      1,
      5,
      2
    ],
    [
      393762,
      5,
      "0111122223333333345",
      1,
      5,
      2
    ],
    [
      66082,
      4,
      "0111122223333333444",
      1,
      5,
      2
    ],
    [
      328226,
      5,
      "0111122223333333445",
      1,
      5,
      2
    ],
    [
      197154,
      5,
      "0111122223333333455",
      1,
      5,
      2
    ],
    [
      459298,
      6,
      "0111122223333333456",
      1,
      5,
      2
    ],
    [
      33314,
      4,
      "0111122223333334444",
      1,
      5,
      2
    ],
    [
      295458,
      5,
      "0111122223333334445",
      1,
      5,
      2
    ],
    [
      164386,
      5,
      "0111122223333334455",
      1,
      5,
      2
    ],
    [
      426530,
      6,
      "0111122223333334456",
      1,
      5,
      2
    ],
    [
      98850,
      5,
      "0111122223333334555",
      1,
      5,
      2
    ],
    [
      360994,
      6,
      "0111122223333334556",
      1,
      5,
      2
    ],
    [
      229922,
      6,
      "0111122223333334566",
      1,
      5,
      2
    ],
    [
      16930,
      4,
      "0111122223333344444",
      1,
      5,
      2
    ],
    [
      148002,
      5,
      "0111122223333344455",
      1,
      5,
      2
    ],
    [
      82466,
      5,
      "0111122223333344555",
      1,
      5,
      2
    ],
    [
      213538,
      6,
      "0111122223333344566",
      1,
      5,
      2
    ],
    [
      49698,
      5,
      "0111122223333345555",
      1,
      5,
      2
    ],
    [
      180770,
      6,
      "0111122223333345566",
      1,
      5,
      2
    ],
    [
      115234,
      6,
      "0111122223333345666",
      1,
      5,
      2
    ],
    [
      4642,
      4,
      "0111122223334444444",
      1,
      5,
      2
    ],
    [
      266786,
      5,
      "0111122223334444445",
      1,
      5,
      2
    ],
    [
      135714,
      5,
      "0111122223334444455",
      1,
      5,
      2
    ],
    [
      397858,
      6,
      "0111122223334444456",
      1,
      5,
      2
    ],
    [
      37410,
      5,
      "0111122223334445555",
      1,
      5,
      2
    ],
    [
      168482,
      6,
      "0111122223334445566",
      1,
      5,
      2
    ],
    [
      21026,
      5,
      "0111122223334455555",
      1,
      5,
      2
    ],
    [
      53794,
      6,
      "0111122223334456666",
      1,
      5,
      2
    ],
    [
      2594,
      4,
      "0111122223344444444",
      1,
      5,
      2
    ],
    [
      264738,
      5,
      "0111122223344444445",
      1,
      5,
      2
    ],
    [
      133666,
      5,
      "0111122223344444455",
      1,
      5,
      2
    ],
    [
      395810,
      6,
      "0111122223344444456",
      1,
      5,
      2
    ],
    [
      68130,
      5,
      "0111122223344444555",
      1,
      5,
      2
    ],
    [
      199202,
      6,
      "0111122223344444566",
      1,
      5,
      2
    ],
    [
      18978,
      5,
      "0111122223344455555",
      1,
      5,
      2
    ],
    [
      150050,
      6,
      "0111122223344455566",
      1,
      5,
      2
    ],
    [
      6690,
      5,
      "0111122223345555555",
      1,
      5,
      2
    ],
    [
      137762,
      6,
      "0111122223345555566",
      1,
      5,
      2
    ],
    [
      1570,
      4,
      "0111122223444444444",
      1,
      5,
      2
    ],
    [
      132642,
      5,
      "0111122223444444455",
      1,
      5,
      2
    ],
    [
      67106,
      5,
      "0111122223444444555",
      1,
      5,
      2
    ],
    [
      34338,
      5,
      "0111122223444445555",
      1,
      5,
      2
    ],
    [
      165410,
      6,
      "0111122223444445566",
      1,
      5,
      2
    ],
    [
      5666,
      5,
      "0111122223445555555",
      1,
      5,
      2
    ],
    [
      38434,
      6,
      "0111122223445556666",
      1,
      5,
      2
    ],
    [
      3618,
      5,
      "0111122223455555555",
      1,
      5,
      2
    ],
    [
      134690,
      6,
      "0111122223455555566",
      1,
      5,
      2
    ],
    [
      290,
      3,
      "0111122233333333333",
      1,
      5,
      2
    ],
    [
      262434,
      4,
      "0111122233333333334",
      1,
      5,
      2
    ],
    [
      131362,
      4,
      "0111122233333333344",
      1,
      5,
      2
    ],
    [
      393506,
      5,
      "0111122233333333345",
      1,
      5,
      2
    ],
    [
      65826,
      4,
      "0111122233333333444",
      1,
      5,
      2
    ],
    [
      327970,
      5,
      "0111122233333333445",
      1,
      5,
      2
    ],
    [
      196898,
      5,
      "0111122233333333455",
      1,
      5,
      2
    ],
    [
      459042,
      6,
      "0111122233333333456",
      1,
      5,
      2
    ],
    [
      33058,
      4,
      "0111122233333334444",
      1,
      5,
      2
    ],
    [
      164130,
      5,
      "0111122233333334455",
      1,
      5,
      2
    ],
    [
      98594,
      5,
      "0111122233333334555",
      1,
      5,
      2
    ],
    [
      229666,
      6,
      "0111122233333334566",
      1,
      5,
      2
    ],
    [
      16674,
      4,
      "0111122233333344444",
      1,
      5,
      2
    ],
    [
      82210,
      5,
      "0111122233333344555",
      1,
      5,
      2
    ],
    [
      49442,
      5,
      "0111122233333345555",
      1,
      5,
      2
    ],
    [
      114978,
      6,
      "0111122233333345666",
      1,
      5,
      2
    ],
    [
      8482,
      4,
      "0111122233333444444",
      1,
      5,
      2
    ],
    [
      270626,
      5,
      "0111122233333444445",
      1,
      5,
      2
    ],
    [
      41250,
      5,
      "0111122233333445555",
      1,
      5,
      2
    ],
    [
      24866,
      5,
      "0111122233333455555",
      1,
      5,
      2
    ],
    [
      57634,
      6,
      "0111122233333456666",
      1,
      5,
      2
    ],
    [
      2338,
      4,
      "0111122233344444444",
      1,
      5,
      2
    ],
    [
      133410,
      5,
      "0111122233344444455",
      1,
      5,
      2
    ],
    [
      67874,
      5,
      "0111122233344444555",
      1,
      5,
      2
    ],
    [
      198946,
      6,
      "0111122233344444566",
      1,
      5,
      2
    ],
    [
      10530,
      5,
      "0111122233344555555",
      1,
      5,
      2
    ],
    [
      1314,
      4,
      "0111122233444444444",
      1,
      5,
      2
    ],
    [
      263458,
      5,
      "0111122233444444445",
      1,
      5,
      2
    ],
    [
      66850,
      5,
      "0111122233444444555",
      1,
      5,
      2
    ],
    [
      34082,
      5,
      "0111122233444445555",
      1,
      5,
      2
    ],
    [
      99618,
      6,
      "0111122233444445666",
      1,
      5,
      2
    ],
    [
      3362,
      5,
      "0111122233455555555",
      1,
      5,
      2
    ],
    [
      802,
      4,
      "0111122234444444444",
      1,
      5,
      2
    ],
    [
      262946,
      5,
      "0111122234444444445",
      1,
      5,
      2
    ],
    [
      131874,
      5,
      "0111122234444444455",
      1,
      5,
      2
    ],
    [
      33570,
      5,
      "0111122234444445555",
      1,
      5,
      2
    ],
    [
      164642,
      6,
      "0111122234444445566",
      1,
      5,
      2
    ],
    [
      17186,
      5,
      "0111122234444455555",
      1,
      5,
      2
    ],
    [
      2850,
      5,
      "0111122234455555555",
      1,
      5,
      2
    ],
    [
      133922,
      6,
      "0111122234455555566",
      1,
      5,
      2
    ],
    [
      1826,
      5,
      "0111122234555555555",
      1,
      5,
      2
    ],
    [
      34594,
      6,
      "0111122234555556666",
      1,
      5,
      2
    ],
    [
      162,
      3,
      "0111122333333333333",
      1,
      5,
      2
    ],
    [
      262306,
      4,
      "0111122333333333334",
      1,
      5,
      2
    ],
    [
      131234,
      4,
      "0111122333333333344",
      1,
      5,
      2
    ],
    [
      393378,
      5,
      "0111122333333333345",
      1,
      5,
      2
    ],
    [
      65698,
      4,
      "0111122333333333444",
      1,
      5,
      2
    ],
    [
      196770,
      5,
      "0111122333333333455",
      1,
      5,
      2
    ],
    [
      32930,
      4,
      "0111122333333334444",
      1,
      5,
      2
    ],
    [
      295074,
      5,
      "0111122333333334445",
      1,
      5,
      2
    ],
    [
      98466,
      5,
      "0111122333333334555",
      1,
      5,
      2
    ],
    [
      16546,
      4,
      "0111122333333344444",
      1,
      5,
      2
    ],
    [
      147618,
      5,
      "0111122333333344455",
      1,
      5,
      2
    ],
    [
      49314,
      5,
      "0111122333333345555",
      1,
      5,
      2
    ],
    [
      8354,
      4,
      "0111122333333444444",
      1,
      5,
      2
    ],
    [
      270498,
      5,
      "0111122333333444445",
      1,
      5,
      2
    ],
    [
      73890,
      5,
      "0111122333333444555",
      1,
      5,
      2
    ],
    [
      24738,
      5,
      "0111122333333455555",
      1,
      5,
      2
    ],
    [
      4258,
      4,
      "0111122333334444444",
      1,
      5,
      2
    ],
    [
      135330,
      5,
      "0111122333334444455",
      1,
      5,
      2
    ],
    [
      37026,
      5,
      "0111122333334445555",
      1,
      5,
      2
    ],
    [
      12450,
      5,
      "0111122333334555555",
      1,
      5,
      2
    ],
    [
      1186,
      4,
      "0111122333444444444",
      1,
      5,
      2
    ],
    [
      263330,
      5,
      "0111122333444444445",
      1,
      5,
      2
    ],
    [
      132258,
      5,
      "0111122333444444455",
      1,
      5,
      2
    ],
    [
      394402,
      6,
      "0111122333444444456",
      1,
      5,
      2
    ],
    [
      33954,
      5,
      "0111122333444445555",
      1,
      5,
      2
    ],
    [
      9378,
      5,
      "0111122333444555555",
      1,
      5,
      2
    ],
    [
      674,
      4,
      "0111122334444444444",
      1,
      5,
      2
    ],
    [
      262818,
      5,
      "0111122334444444445",
      1,
      5,
      2
    ],
    [
      131746,
      5,
      "0111122334444444455",
      1,
      5,
      2
    ],
    [
      393890,
      6,
      "0111122334444444456",
      1,
      5,
      2
    ],
    [
      66210,
      5,
      "0111122334444444555",
      1,
      5,
      2
    ],
    [
      197282,
      6,
      "0111122334444444566",
      1,
      5,
      2
    ],
    [
      17058,
      5,
      "0111122334444455555",
      1,
      5,
      2
    ],
    [
      148130,
      6,
      "0111122334444455566",
      1,
      5,
      2
    ],
    [
      4770,
      5,
      "0111122334445555555",
      1,
      5,
      2
    ],
    [
      135842,
      6,
      "0111122334445555566",
      1,
      5,
      2
    ],
    [
      1698,
      5,
      "0111122334555555555",
      1,
      5,
      2
    ],
    [
      132770,
      6,
      "0111122334555555566",
      1,
      5,
      2
    ],
    [
      418,
      4,
      "0111122344444444444",
      1,
      5,
      2
    ],
    [
      262562,
      5,
      "0111122344444444445",
      1,
      5,
      2
    ],
    [
      131490,
      5,
      "0111122344444444455",
      1,
      5,
      2
    ],
    [
      65954,
      5,
      "0111122344444444555",
      1,
      5,
      2
    ],
    [
      33186,
      5,
      "0111122344444445555",
      1,
      5,
      2
    ],
    [
      8610,
      5,
      "0111122344444555555",
      1,
      5,
      2
    ],
    [
      270754,
      6,
      "0111122344444555556",
      1,
      5,
      2
    ],
    [
      930,
      5,
      "0111122345555555555",
      1,
      5,
      2
    ],
    [
      263074,
      6,
      "0111122345555555556",
      1,
      5,
      2
    ],
    [
      132002,
      6,
      "0111122345555555566",
      1,
      5,
      2
    ],
    [
      98,
      3,
      "0111123333333333333",
      1,
      5,
      2
    ],
    [
      262242,
      4,
      "0111123333333333334",
      1,
      5,
      2
    ],
    [
      131170,
      4,
      "0111123333333333344",
      1,
      5,
      2
    ],
    [
      65634,
      4,
      "0111123333333333444",
      1,
      5,
      2
    ],
    [
      327778,
      5,
      "0111123333333333445",
      1,
      5,
      2
    ],
    [
      32866,
      4,
      "0111123333333334444",
      1,
      5,
      2
    ],
    [
      295010,
      5,
      "0111123333333334445",
      1,
      5,
      2
    ],
    [
      163938,
      5,
      "0111123333333334455",
      1,
      5,
      2
    ],
    [
      16482,
      4,
      "0111123333333344444",
      1,
      5,
      2
    ],
    [
      147554,
      5,
      "0111123333333344455",
      1,
      5,
      2
    ],
    [
      82018,
      5,
      "0111123333333344555",
      1,
      5,
      2
    ],
    [
      8290,
      4,
      "0111123333333444444",
      1,
      5,
      2
    ],
    [
      73826,
      5,
      "0111123333333444555",
      1,
      5,
      2
    ],
    [
      41058,
      5,
      "0111123333333445555",
      1,
      5,
      2
    ],
    [
      4194,
      4,
      "0111123333334444444",
      1,
      5,
      2
    ],
    [
      266338,
      5,
      "0111123333334444445",
      1,
      5,
      2
    ],
    [
      36962,
      5,
      "0111123333334445555",
      1,
      5,
      2
    ],
    [
      299106,
      6,
      "0111123333334445556",
      1,
      5,
      2
    ],
    [
      20578,
      5,
      "0111123333334455555",
      1,
      5,
      2
    ],
    [
      2146,
      4,
      "0111123333344444444",
      1,
      5,
      2
    ],
    [
      264290,
      5,
      "0111123333344444445",
      1,
      5,
      2
    ],
    [
      133218,
      5,
      "0111123333344444455",
      1,
      5,
      2
    ],
    [
      18530,
      5,
      "0111123333344455555",
      1,
      5,
      2
    ],
    [
      149602,
      6,
      "0111123333344455566",
      1,
      5,
      2
    ],
    [
      10338,
      5,
      "0111123333344555555",
      1,
      5,
      2
    ],
    [
      610,
      4,
      "0111123334444444444",
      1,
      5,
      2
    ],
    [
      262754,
      5,
      "0111123334444444445",
      1,
      5,
      2
    ],
    [
      131682,
      5,
      "0111123334444444455",
      1,
      5,
      2
    ],
    [
      66146,
      5,
      "0111123334444444555",
      1,
      5,
      2
    ],
    [
      328290,
      6,
      "0111123334444444556",
      1,
      5,
      2
    ],
    [
      33378,
      5,
      "0111123334444445555",
      1,
      5,
      2
    ],
    [
      164450,
      6,
      "0111123334444445566",
      1,
      5,
      2
    ],
    [
      4706,
      5,
      "0111123334445555555",
      1,
      5,
      2
    ],
    [
      266850,
      6,
      "0111123334445555556",
      1,
      5,
      2
    ],
    [
      2658,
      5,
      "0111123334455555555",
      1,
      5,
      2
    ],
    [
      264802,
      6,
      "0111123334455555556",
      1,
      5,
      2
    ],
    [
      133730,
      6,
      "0111123334455555566",
      1,
      5,
      2
    ],
    [
      354,
      4,
      "0111123344444444444",
      1,
      5,
      2
    ],
    [
      262498,
      5,
      "0111123344444444445",
      1,
      5,
      2
    ],
    [
      131426,
      5,
      "0111123344444444455",
      1,
      5,
      2
    ],
    [
      65890,
      5,
      "0111123344444444555",
      1,
      5,
      2
    ],
    [
      33122,
      5,
      "0111123344444445555",
      1,
      5,
      2
    ],
    [
      16738,
      5,
      "0111123344444455555",
      1,
      5,
      2
    ],
    [
      2402,
      5,
      "0111123344455555555",
      1,
      5,
      2
    ],
    [
      133474,
      6,
      "0111123344455555566",
      1,
      5,
      2
    ],
    [
      226,
      4,
      "0111123444444444444",
      1,
      5,
      2
    ],
    [
      262370,
      5,
      "0111123444444444445",
      1,
      5,
      2
    ],
    [
      131298,
      5,
      "0111123444444444455",
      1,
      5,
      2
    ],
    [
      65762,
      5,
      "0111123444444444555",
      1,
      5,
      2
    ],
    [
      32994,
      5,
      "0111123444444445555",
      1,
      5,
      2
    ],
    [
      295138,
      6,
      "0111123444444445556",
      1,
      5,
      2
    ],
    [
      16610,
      5,
      "0111123444444455555",
      1,
      5,
      2
    ],
    [
      147682,
      6,
      "0111123444444455566",
      1,
      5,
      2
    ],
    [
      8418,
      5,
      "0111123444444555555",
      1,
      5,
      2
    ],
    [
      73954,
      6,
      "0111123444444555666",
      1,
      5,
      2
    ],
    [
      738,
      5,
      "0111123445555555555",
      1,
      5,
      2
    ],
    [
      262882,
      6,
      "0111123445555555556",
      1,
      5,
      2
    ],
    [
      131810,
      6,
      "0111123445555555566",
      1,
      5,
      2
    ],
    [
      66274,
      6,
      "0111123445555555666",
      1,
      5,
      2
    ],
    [
      18,
      2,
      "0111222222222222222",
      4,
      19,
      32768
    ],
    [
      262162,
      3,
      "0111222222222222223",
      2,
      9,
      16384
    ],
    [
      131090,
      3,
      "0111222222222222233",
      4,
      17,
      8192
    ],
    [
      393234,
      4,
      "0111222222222222234",
      4,
      17,
      8192
    ],
    [
      65554,
      3,
      "0111222222222222333",
      1,
      4,
      4097
    ],
    [
      327698,
      4,
      "0111222222222222334",
      1,
      4,
      4097
    ],
    [
      196626,
      4,
      "0111222222222222344",
      1,
      4,
      4097
    ],
    [
      458770,
      5,
      "0111222222222222345",
      1,
      4,
      4097
    ],
    [
      32786,
      3,
      "0111222222222223333",
      1,
      4,
      1
    ],
    [
      163858,
      4,
      "0111222222222223344",
      1,
      4,
      1
    ],
    [
      98322,
      4,
      "0111222222222223444",
      1,
      4,
      1
    ],
    [
      229394,
      5,
      "0111222222222223455",
      1,
      4,
      1
    ],
    [
      16402,
      3,
      "0111222222222233333",
      1,
      4,
      1
    ],
    [
      278546,
      4,
      "0111222222222233334",
      1,
      4,
      1
    ],
    [
      81938,
      4,
      "0111222222222233444",
      1,
      4,
      1
    ],
    [
      344082,
      5,
      "0111222222222233445",
      1,
      4,
      1
    ],
    [
      49170,
      4,
      "0111222222222234444",
      1,
      4,
      1
    ],
    [
      114706,
      5,
      "0111222222222234555",
      1,
      4,
      1
    ],
    [
      8210,
      3,
      "0111222222222333333",
      1,
      4,
      1
    ],
    [
      270354,
      4,
      "0111222222222333334",
      1,
      4,
      1
    ],
    [
      139282,
      4,
      "0111222222222333344",
      1,
      4,
      1
    ],
    [
      401426,
      5,
      "0111222222222333345",
      1,
      4,
      1
    ],
    [
      40978,
      4,
      "0111222222222334444",
      1,
      4,
      1
    ],
    [
      172050,
      5,
      "0111222222222334455",
      1,
      4,
      1
    ],
    [
      24594,
      4,
      "0111222222222344444",
      1,
      4,
      1
    ],
    [
      286738,
      5,
      "0111222222222344445",
      1,
      4,
      1
    ],
    [
      57362,
      5,
      "0111222222222345555",
      1,
      4,
      1
    ],
    [
      4114,
      3,
      "0111222222223333333",
      1,
      4,
      1
    ],
    [
      266258,
      4,
      "0111222222223333334",
      1,
      4,
      1
    ],
    [
      135186,
      4,
      "0111222222223333344",
      1,
      4,
      1
    ],
    [
      397330,
      5,
      "0111222222223333345",
      1,
      4,
      1
    ],
    [
      69650,
      4,
      "0111222222223333444",
      1,
      4,
      1
    ],
    [
      331794,
      5,
      "0111222222223333445",
      1,
      4,
      1
    ],
    [
      200722,
      5,
      "0111222222223333455",
      1,
      4,
      1
    ],
    [
      462866,
      6,
      "0111222222223333456",
      1,
      4,
      1
    ],
    [
      20498,
      4,
      "0111222222223344444",
      1,
      4,
      1
    ],
    [
      282642,
      5,
      "0111222222223344445",
      1,
      4,
      1
    ],
    [
      86034,
      5,
      "0111222222223344555",
      1,
      4,
      1
    ],
    [
      12306,
      4,
      "0111222222223444444",
      1,
      4,
      1
    ],
    [
      274450,
      5,
      "0111222222223444445",
      1,
      4,
      1
    ],
    [
      143378,
      5,
      "0111222222223444455",
      1,
      4,
      1
    ],
    [
      28690,
      5,
      "0111222222223455555",
      1,
      4,
      1
    ],
    [
      290834,
      6,
      "0111222222223455556",
      1,
      4,
      1
    ],
    [
      2066,
      3,
      "0111222222233333333",
      1,
      4,
      1
    ],
    [
      264210,
      4,
      "0111222222233333334",
      1,
      4,
      1
    ],
    [
      133138,
      4,
      "0111222222233333344",
      1,
      4,
      1
    ],
    [
      395282,
      5,
      "0111222222233333345",
      1,
      4,
      1
    ],
    [
      67602,
      4,
      "0111222222233333444",
      1,
      4,
      1
    ],
    [
      329746,
      5,
      "0111222222233333445",
      1,
      4,
      1
    ],
    [
      198674,
      5,
      "0111222222233333455",
      1,
      4,
      1
    ],
    [
      460818,
      6,
      "0111222222233333456",
      1,
      4,
      1
    ],
    [
      34834,
      4,
      "0111222222233334444",
      1,
      4,
      1
    ],
    [
      165906,
      5,
      "0111222222233334455",
      1,
      4,
      1
    ],
    [
      100370,
      5,
      "0111222222233334555",
      1,
      4,
      1
    ],
    [
      231442,
      6,
      "0111222222233334566",
      1,
      4,
      1
    ],
    [
      10258,
      4,
      "0111222222233444444",
      1,
      4,
      1
    ],
    [
      272402,
      5,
      "0111222222233444445",
      1,
      4,
      1
    ],
    [
      141330,
      5,
      "0111222222233444455",
      1,
      4,
      1
    ],
    [
      403474,
      6,
      "0111222222233444456",
      1,
      4,
      1
    ],
    [
      43026,
      5,
      "0111222222233445555",
      1,
      4,
      1
    ],
    [
      6162,
      4,
      "0111222222234444444",
      1,
      4,
      1
    ],
    [
      268306,
      5,
      "0111222222234444445",
      1,
      4,
      1
    ],
    [
      137234,
      5,
      "0111222222234444455",
      1,
      4,
      1
    ],
    [
      71698,
      5,
      "0111222222234444555",
      1,
      4,
      1
    ],
    [
      333842,
      6,
      "0111222222234444556",
      1,
      4,
      1
    ],
    [
      14354,
      5,
      "0111222222234555555",
      1,
      4,
      1
    ],
    [
      276498,
      6,
      "0111222222234555556",
      1,
      4,
      1
    ],
    [
      145426,
      6,
      "0111222222234555566",
      1,
      4,
      1
    ],
    [
      1042,
      3,
      "0111222222333333333",
      1,
      4,
      1
    ],
    [
      263186,
      4,
      "0111222222333333334",
      1,
      4,
      1
    ],
    [
      132114,
      4,
      "0111222222333333344",
      1,
      4,
      1
    ],
    [
      394258,
      5,
      "0111222222333333345",
      1,
      4,
      1
    ],
    [
      66578,
      4,
      "0111222222333333444",
      1,
      4,
      1
    ],
    [
      328722,
      5,
      "0111222222333333445",
      1,
      4,
      1
    ],
    [
      197650,
      5,
      "0111222222333333455",
      1,
      4,
      1
    ],
    [
      459794,
      6,
      "0111222222333333456",
      1,
      4,
      1
    ],
    [
      33810,
      4,
      "0111222222333334444",
      1,
      4,
      1
    ],
    [
      164882,
      5,
      "0111222222333334455",
      1,
      4,
      1
    ],
    [
      99346,
      5,
      "0111222222333334555",
      1,
      4,
      1
    ],
    [
      230418,
      6,
      "0111222222333334566",
      1,
      4,
      1
    ],
    [
      17426,
      4,
      "0111222222333344444",
      1,
      4,
      1
    ],
    [
      279570,
      5,
      "0111222222333344445",
      1,
      4,
      1
    ],
    [
      82962,
      5,
      "0111222222333344555",
      1,
      4,
      1
    ],
    [
      345106,
      6,
      "0111222222333344556",
      1,
      4,
      1
    ],
    [
      50194,
      5,
      "0111222222333345555",
      1,
      4,
      1
    ],
    [
      115730,
      6,
      "0111222222333345666",
      1,
      4,
      1
    ],
    [
      5138,
      4,
      "0111222222334444444",
      1,
      4,
      1
    ],
    [
      136210,
      5,
      "0111222222334444455",
      1,
      4,
      1
    ],
    [
      70674,
      5,
      "0111222222334444555",
      1,
      4,
      1
    ],
    [
      201746,
      6,
      "0111222222334444566",
      1,
      4,
      1
    ],
    [
      21522,
      5,
      "0111222222334455555",
      1,
      4,
      1
    ],
    [
      3090,
      4,
      "0111222222344444444",
      1,
      4,
      1
    ],
    [
      265234,
      5,
      "0111222222344444445",
      1,
      4,
      1
    ],
    [
      68626,
      5,
      "0111222222344444555",
      1,
      4,
      1
    ],
    [
      330770,
      6,
      "0111222222344444556",
      1,
      4,
      1
    ],
    [
      35858,
      5,
      "0111222222344445555",
      1,
      4,
      1
    ],
    [
      7186,
      5,
      "0111222222345555555",
      1,
      4,
      1
    ],
    [
      72722,
      6,
      "0111222222345555666",
      1,
      4,
      1
    ],
    [
      530,
      3,
      "0111222223333333333",
      1,
      4,
      1
    ],
    [
      262674,
      4,
      "0111222223333333334",
      1,
      4,
      1
    ],
    [
      131602,
      4,
      "0111222223333333344",
      1,
      4,
      1
    ],
    [
      393746,
      5,
      "0111222223333333345",
      1,
      4,
      1
    ],
    [
      66066,
      4,
      "0111222223333333444",
      1,
      4,
      1
    ],
    [
      328210,
      5,
      "0111222223333333445",
      1,
      4,
      1
    ],
    [
      197138,
      5,
      "0111222223333333455",
      1,
      4,
      1
    ],
    [
      459282,
      6,
      "0111222223333333456",
      1,
      4,
      1
    ],
    [
      33298,
      4,
      "0111222223333334444",
      1,
      4,
      1
    ],
    [
      164370,
      5,
      "0111222223333334455",
      1,
      4,
      1
    ],
    [
      98834,
      5,
      "0111222223333334555",
      1,
      4,
      1
    ],
    [
      229906,
      6,
      "0111222223333334566",
      1,
      4,
      1
    ],
    [
      16914,
      4,
      "0111222223333344444",
      1,
      4,
      1
    ],
    [
      279058,
      5,
      "0111222223333344445",
      1,
      4,
      1
    ],
    [
      82450,
      5,
      "0111222223333344555",
      1,
      4,
      1
    ],
    [
      344594,
      6,
      "0111222223333344556",
      1,
      4,
      1
    ],
    [
      49682,
      5,
      "0111222223333345555",
      1,
      4,
      1
    ],
    [
      115218,
      6,
      "0111222223333345666",
      1,
      4,
      1
    ],
    [
      8722,
      4,
      "0111222223333444444",
      1,
      4,
      1
    ],
    [
      139794,
      5,
      "0111222223333444455",
      1,
      4,
      1
    ],
    [
      41490,
      5,
      "0111222223333445555",
      1,
      4,
      1
    ],
    [
      172562,
      6,
      "0111222223333445566",
      1,
      4,
      1
    ],
    [
      25106,
      5,
      "0111222223333455555",
      1,
      4,
      1
    ],
    [
      57874,
      6,
      "0111222223333456666",
      1,
      4,
      1
    ],
    [
      2578,
      4,
      "0111222223344444444",
      1,
      4,
      1
    ],
    [
      264722,
      5,
      "0111222223344444445",
      1,
      4,
      1
    ],
    [
      133650,
      5,
      "0111222223344444455",
      1,
      4,
      1
    ],
    [
      395794,
      6,
      "0111222223344444456",
      1,
      4,
      1
    ],
    [
      35346,
      5,
      "0111222223344445555",
      1,
      4,
      1
    ],
    [
      10770,
      5,
      "0111222223344555555",
      1,
      4,
      1
    ],
    [
      141842,
      6,
      "0111222223344555566",
      1,
      4,
      1
    ],
    [
      1554,
      4,
      "0111222223444444444",
      1,
      4,
      1
    ],
    [
      132626,
      5,
      "0111222223444444455",
      1,
      4,
      1
    ],
    [
      67090,
      5,
      "0111222223444444555",
      1,
      4,
      1
    ],
    [
      17938,
      5,
      "0111222223444455555",
      1,
      4,
      1
    ],
    [
      83474,
      6,
      "0111222223444455666",
      1,
      4,
      1
    ],
    [
      3602,
      5,
      "0111222223455555555",
      1,
      4,
      1
    ],
    [
      274,
      3,
      "0111222233333333333",
      1,
      4,
      1
    ],
    [
      262418,
      4,
      "0111222233333333334",
      1,
      4,
      1
    ],
    [
      131346,
      4,
      "0111222233333333344",
      1,
      4,
      1
    ],
    [
      393490,
      5,
      "0111222233333333345",
      1,
      4,
      1
    ],
    [
      65810,
      4,
      "0111222233333333444",
      1,
      4,
      1
    ],
    [
      327954,
      5,
      "0111222233333333445",
      1,
      4,
      1
    ],
    [
      196882,
      5,
      "0111222233333333455",
      1,
      4,
      1
    ],
    [
      459026,
      6,
      "0111222233333333456",
      1,
      4,
      1
    ],
    [
      33042,
      4,
      "0111222233333334444",
      1,
      4,
      1
    ],
    [
      164114,
      5,
      "0111222233333334455",
      1,
      4,
      1
    ],
    [
      98578,
      5,
      "0111222233333334555",
      1,
      4,
      1
    ],
    [
      229650,
      6,
      "0111222233333334566",
      1,
      4,
      1
    ],
    [
      16658,
      4,
      "0111222233333344444",
      1,
      4,
      1
    ],
    [
      82194,
      5,
      "0111222233333344555",
      1,
      4,
      1
    ],
    [
      49426,
      5,
      "0111222233333345555",
      1,
      4,
      1
    ],
    [
      114962,
      6,
      "0111222233333345666",
      1,
      4,
      1
    ],
    [
      8466,
      4,
      "0111222233333444444",
      1,
      4,
      1
    ],
    [
      270610,
      5,
      "0111222233333444445",
      1,
      4,
      1
    ],
    [
      41234,
      5,
      "0111222233333445555",
      1,
      4,
      1
    ],
    [
      24850,
      5,
      "0111222233333455555",
      1,
      4,
      1
    ],
    [
      57618,
      6,
      "0111222233333456666",
      1,
      4,
      1
    ],
    [
      4370,
      4,
      "0111222233334444444",
      1,
      4,
      1
    ],
    [
      266514,
      5,
      "0111222233334444445",
      1,
      4,
      1
    ],
    [
      135442,
      5,
      "0111222233334444455",
      1,
      4,
      1
    ],
    [
      397586,
      6,
      "0111222233334444456",
      1,
      4,
      1
    ],
    [
      20754,
      5,
      "0111222233334455555",
      1,
      4,
      1
    ],
    [
      12562,
      5,
      "0111222233334555555",
      1,
      4,
      1
    ],
    [
      274706,
      6,
      "0111222233334555556",
      1,
      4,
      1
    ],
    [
      28946,
      6,
      "0111222233334566666",
      1,
      4,
      1
    ],
    [
      1298,
      4,
      "0111222233444444444",
      1,
      4,
      1
    ],
    [
      263442,
      5,
      "0111222233444444445",
      1,
      4,
      1
    ],
    [
      66834,
      5,
      "0111222233444444555",
      1,
      4,
      1
    ],
    [
      34066,
      5,
      "0111222233444445555",
      1,
      4,
      1
    ],
    [
      99602,
      6,
      "0111222233444445666",
      1,
      4,
      1
    ],
    [
      5394,
      5,
      "0111222233445555555",
      1,
      4,
      1
    ],
    [
      786,
      4,
      "0111222234444444444",
      1,
      4,
      1
    ],
    [
      262930,
      5,
      "0111222234444444445",
      1,
      4,
      1
    ],
    [
      131858,
      5,
      "0111222234444444455",
      1,
      4,
      1
    ],
    [
      33554,
      5,
      "0111222234444445555",
      1,
      4,
      1
    ],
    [
      164626,
      6,
      "0111222234444445566",
      1,
      4,
      1
    ],
    [
      17170,
      5,
      "0111222234444455555",
      1,
      4,
      1
    ],
    [
      1810,
      5,
      "0111222234555555555",
      1,
      4,
      1
    ],
    [
      146,
      3,
      "0111222333333333333",
      1,
      4,
      1
    ],
    [
      262290,
      4,
      "0111222333333333334",
      1,
      4,
      1
    ],
    [
      131218,
      4,
      "0111222333333333344",
      1,
      4,
      1
    ],
    [
      393362,
      5,
      "0111222333333333345",
      1,
      4,
      1
    ],
    [
      65682,
      4,
      "0111222333333333444",
      1,
      4,
      1
    ],
    [
      327826,
      5,
      "0111222333333333445",
      1,
      4,
      1
    ],
    [
      196754,
      5,
      "0111222333333333455",
      1,
      4,
      1
    ],
    [
      458898,
      6,
      "0111222333333333456",
      1,
      4,
      1
    ],
    [
      32914,
      4,
      "0111222333333334444",
      1,
      4,
      1
    ],
    [
      163986,
      5,
      "0111222333333334455",
      1,
      4,
      1
    ],
    [
      98450,
      5,
      "0111222333333334555",
      1,
      4,
      1
    ],
    [
      229522,
      6,
      "0111222333333334566",
      1,
      4,
      1
    ],
    [
      16530,
      4,
      "0111222333333344444",
      1,
      4,
      1
    ],
    [
      278674,
      5,
      "0111222333333344445",
      1,
      4,
      1
    ],
    [
      82066,
      5,
      "0111222333333344555",
      1,
      4,
      1
    ],
    [
      344210,
      6,
      "0111222333333344556",
      1,
      4,
      1
    ],
    [
      49298,
      5,
      "0111222333333345555",
      1,
      4,
      1
    ],
    [
      114834,
      6,
      "0111222333333345666",
      1,
      4,
      1
    ],
    [
      8338,
      4,
      "0111222333333444444",
      1,
      4,
      1
    ],
    [
      270482,
      5,
      "0111222333333444445",
      1,
      4,
      1
    ],
    [
      139410,
      5,
      "0111222333333444455",
      1,
      4,
      1
    ],
    [
      401554,
      6,
      "0111222333333444456",
      1,
      4,
      1
    ],
    [
      41106,
      5,
      "0111222333333445555",
      1,
      4,
      1
    ],
    [
      172178,
      6,
      "0111222333333445566",
      1,
      4,
      1
    ],
    [
      24722,
      5,
      "0111222333333455555",
      1,
      4,
      1
    ],
    [
      286866,
      6,
      "0111222333333455556",
      1,
      4,
      1
    ],
    [
      57490,
      6,
      "0111222333333456666",
      1,
      4,
      1
    ],
    [
      4242,
      4,
      "0111222333334444444",
      1,
      4,
      1
    ],
    [
      135314,
      5,
      "0111222333334444455",
      1,
      4,
      1
    ],
    [
      69778,
      5,
      "0111222333334444555",
      1,
      4,
      1
    ],
    [
      200850,
      6,
      "0111222333334444566",
      1,
      4,
      1
    ],
    [
      20626,
      5,
      "0111222333334455555",
      1,
      4,
      1
    ],
    [
      86162,
      6,
      "0111222333334455666",
      1,
      4,
      1
    ],
    [
      12434,
      5,
      "0111222333334555555",
      1,
      4,
      1
    ],
    [
      143506,
      6,
      "0111222333334555566",
      1,
      4,
      1
    ],
    [
      28818,
      6,
      "0111222333334566666",
      1,
      4,
      1
    ],
    [
      2194,
      4,
      "0111222333344444444",
      1,
      4,
      1
    ],
    [
      264338,
      5,
      "0111222333344444445",
      1,
      4,
      1
    ],
    [
      67730,
      5,
      "0111222333344444555",
      1,
      4,
      1
    ],
    [
      329874,
      6,
      "0111222333344444556",
      1,
      4,
      1
    ],
    [
      34962,
      5,
      "0111222333344445555",
      1,
      4,
      1
    ],
    [
      100498,
      6,
      "0111222333344445666",
      1,
      4,
      1
    ],
    [
      10386,
      5,
      "0111222333344555555",
      1,
      4,
      1
    ],
    [
      272530,
      6,
      "0111222333344555556",
      1,
      4,
      1
    ],
    [
      43154,
      6,
      "0111222333344556666",
      1,
      4,
      1
    ],
    [
      6290,
      5,
      "0111222333345555555",
      1,
      4,
      1
    ],
    [
      14482,
      6,
      "0111222333345666666",
      1,
      4,
      1
    ],
    [
      658,
      4,
      "0111222334444444444",
      1,
      4,
      1
    ],
    [
      262802,
      5,
      "0111222334444444445",
      1,
      4,
      1
    ],
    [
      131730,
      5,
      "0111222334444444455",
      1,
      4,
      1
    ],
    [
      393874,
      6,
      "0111222334444444456",
      1,
      4,
      1
    ],
    [
      66194,
      5,
      "0111222334444444555",
      1,
      4,
      1
    ],
    [
      197266,
      6,
      "0111222334444444566",
      1,
      4,
      1
    ],
    [
      17042,
      5,
      "0111222334444455555",
      1,
      4,
      1
    ],
    [
      279186,
      6,
      "0111222334444455556",
      1,
      4,
      1
    ],
    [
      8850,
      5,
      "0111222334444555555",
      1,
      4,
      1
    ],
    [
      139922,
      6,
      "0111222334444555566",
      1,
      4,
      1
    ],
    [
      25234,
      6,
      "0111222334444566666",
      1,
      4,
      1
    ],
    [
      2706,
      5,
      "0111222334455555555",
      1,
      4,
      1
    ],
    [
      264850,
      6,
      "0111222334455555556",
      1,
      4,
      1
    ],
    [
      402,
      4,
      "0111222344444444444",
      1,
      4,
      1
    ],
    [
      262546,
      5,
      "0111222344444444445",
      1,
      4,
      1
    ],
    [
      131474,
      5,
      "0111222344444444455",
      1,
      4,
      1
    ],
    [
      65938,
      5,
      "0111222344444444555",
      1,
      4,
      1
    ],
    [
      328082,
      6,
      "0111222344444444556",
      1,
      4,
      1
    ],
    [
      33170,
      5,
      "0111222344444445555",
      1,
      4,
      1
    ],
    [
      164242,
      6,
      "0111222344444445566",
      1,
      4,
      1
    ],
    [
      8594,
      5,
      "0111222344444555555",
      1,
      4,
      1
    ],
    [
      270738,
      6,
      "0111222344444555556",
      1,
      4,
      1
    ],
    [
      41362,
      6,
      "0111222344444556666",
      1,
      4,
      1
    ],
    [
      4498,
      5,
      "0111222344445555555",
      1,
      4,
      1
    ],
    [
      135570,
      6,
      "0111222344445555566",
      1,
      4,
      1
    ],
    [
      914,
      5,
      "0111222345555555555",
      1,
      4,
      1
    ],
    [
      263058,
      6,
      "0111222345555555556",
      1,
      4,
      1
    ],
    [
      131986,
      6,
      "0111222345555555566",
      1,
      4,
      1
    ],
    [
      82,
      3,
      "0111223333333333333",
      1,
      4,
      1
    ],
    [
      262226,
      4,
      "0111223333333333334",
      1,
      4,
      1
    ],
    [
      131154,
      4,
      "0111223333333333344",
      1,
      4,
      1
    ],
    [
      393298,
      5,
      "0111223333333333345",
      1,
      4,
      1
    ],
    [
      65618,
      4,
      "0111223333333333444",
      1,
      4,
      1
    ],
    [
      196690,
      5,
      "0111223333333333455",
      1,
      4,
      1
    ],
    [
      32850,
      4,
      "0111223333333334444",
      1,
      4,
      1
    ],
    [
      98386,
      5,
      "0111223333333334555",
      1,
      4,
      1
    ],
    [
      16466,
      4,
      "0111223333333344444",
      1,
      4,
      1
    ],
    [
      278610,
      5,
      "0111223333333344445",
      1,
      4,
      1
    ],
    [
      49234,
      5,
      "0111223333333345555",
      1,
      4,
      1
    ],
    [
      8274,
      4,
      "0111223333333444444",
      1,
      4,
      1
    ],
    [
      139346,
      5,
      "0111223333333444455",
      1,
      4,
      1
    ],
    [
      24658,
      5,
      "0111223333333455555",
      1,
      4,
      1
    ],
    [
      4178,
      4,
      "0111223333334444444",
      1,
      4,
      1
    ],
    [
      266322,
      5,
      "0111223333334444445",
      1,
      4,
      1
    ],
    [
      69714,
      5,
      "0111223333334444555",
      1,
      4,
      1
    ],
    [
      12370,
      5,
      "0111223333334555555",
      1,
      4,
      1
    ],
    [
      2130,
      4,
      "0111223333344444444",
      1,
      4,
      1
    ],
    [
      264274,
      5,
      "0111223333344444445",
      1,
      4,
      1
    ],
    [
      133202,
      5,
      "0111223333344444455",
      1,
      4,
      1
    ],
    [
      395346,
      6,
      "0111223333344444456",
      1,
      4,
      1
    ],
    [
      34898,
      5,
      "0111223333344445555",
      1,
      4,
      1
    ],
    [
      6226,
      5,
      "0111223333345555555",
      1,
      4,
      1
    ],
    [
      268370,
      6,
      "0111223333345555556",
      1,
      4,
      1
    ],
    [
      1106,
      4,
      "0111223333444444444",
      1,
      4,
      1
    ],
    [
      263250,
      5,
      "0111223333444444445",
      1,
      4,
      1
    ],
    [
      132178,
      5,
      "0111223333444444455",
      1,
      4,
      1
    ],
    [
      394322,
      6,
      "0111223333444444456",
      1,
      4,
      1
    ],
    [
      66642,
      5,
      "0111223333444444555",
      1,
      4,
      1
    ],
    [
      197714,
      6,
      "0111223333444444566",
      1,
      4,
      1
    ],
    [
      17490,
      5,
      "0111223333444455555",
      1,
      4,
      1
    ],
    [
      3154,
      5,
      "0111223333455555555",
      1,
      4,
      1
    ],
    [
      265298,
      6,
      "0111223333455555556",
      1,
      4,
      1
    ],
    [
      338,
      4,
      "0111223344444444444",
      1,
      4,
      1
    ],
    [
      262482,
      5,
      "0111223344444444445",
      1,
      4,
      1
    ],
    [
      131410,
      5,
      "0111223344444444455",
      1,
      4,
      1
    ],
    [
      393554,
      6,
      "0111223344444444456",
      1,
      4,
      1
    ],
    [
      65874,
      5,
      "0111223344444444555",
      1,
      4,
      1
    ],
    [
      196946,
      6,
      "0111223344444444566",
      1,
      4,
      1
    ],
    [
      33106,
      5,
      "0111223344444445555",
      1,
      4,
      1
    ],
    [
      98642,
      6,
      "0111223344444445666",
      1,
      4,
      1
    ],
    [
      16722,
      5,
      "0111223344444455555",
      1,
      4,
      1
    ],
    [
      49490,
      6,
      "0111223344444456666",
      1,
      4,
      1
    ],
    [
      4434,
      5,
      "0111223344445555555",
      1,
      4,
      1
    ],
    [
      266578,
      6,
      "0111223344445555556",
      1,
      4,
      1
    ],
    [
      210,
      4,
      "0111223444444444444",
      1,
      4,
      1
    ],
    [
      262354,
      5,
      "0111223444444444445",
      1,
      4,
      1
    ],
    [
      131282,
      5,
      "0111223444444444455",
      1,
      4,
      1
    ],
    [
      65746,
      5,
      "0111223444444444555",
      1,
      4,
      1
    ],
    [
      32978,
      5,
      "0111223444444445555",
      1,
      4,
      1
    ],
    [
      16594,
      5,
      "0111223444444455555",
      1,
      4,
      1
    ],
    [
      278738,
      6,
      "0111223444444455556",
      1,
      4,
      1
    ],
    [
      8402,
      5,
      "0111223444444555555",
      1,
      4,
      1
    ],
    [
      139474,
      6,
      "0111223444444555566",
      1,
      4,
      1
    ],
    [
      2258,
      5,
      "0111223444455555555",
      1,
      4,
      1
    ],
    [
      264402,
      6,
      "0111223444455555556",
      1,
      4,
      1
    ],
    [
      35026,
      6,
      "0111223444455556666",
      1,
      4,
      1
    ],
    [
      466,
      5,
      "0111223455555555555",
      1,
      4,
      1
    ],
    [
      262610,
      6,
      "0111223455555555556",
      1,
      4,
      1
    ],
    [
      131538,
      6,
      "0111223455555555566",
      1,
      4,
      1
    ],
    [
      66002,
      6,
      "0111223455555555666",
      1,
      4,
      1
    ],
    [
      33234,
      6,
      "0111223455555556666",
      1,
      4,
      1
    ],
    [
      50,
      3,
      "0111233333333333333",
      1,
      4,
      1
    ],
    [
      262194,
      4,
      "0111233333333333334",
      1,
      4,
      1
    ],
    [
      131122,
      4,
      "0111233333333333344",
      1,
      4,
      1
    ],
    [
      65586,
      4,
      "0111233333333333444",
      1,
      4,
      1
    ],
    [
      327730,
      5,
      "0111233333333333445",
      1,
      4,
      1
    ],
    [
      32818,
      4,
      "0111233333333334444",
      1,
      4,
      1
    ],
    [
      163890,
      5,
      "0111233333333334455",
      1,
      4,
      1
    ],
    [
      16434,
      4,
      "0111233333333344444",
      1,
      4,
      1
    ],
    [
      81970,
      5,
      "0111233333333344555",
      1,
      4,
      1
    ],
    [
      8242,
      4,
      "0111233333333444444",
      1,
      4,
      1
    ],
    [
      270386,
      5,
      "0111233333333444445",
      1,
      4,
      1
    ],
    [
      41010,
      5,
      "0111233333333445555",
      1,
      4,
      1
    ],
    [
      4146,
      4,
      "0111233333334444444",
      1,
      4,
      1
    ],
    [
      266290,
      5,
      "0111233333334444445",
      1,
      4,
      1
    ],
    [
      135218,
      5,
      "0111233333334444455",
      1,
      4,
      1
    ],
    [
      20530,
      5,
      "0111233333334455555",
      1,
      4,
      1
    ],
    [
      2098,
      4,
      "0111233333344444444",
      1,
      4,
      1
    ],
    [
      264242,
      5,
      "0111233333344444445",
      1,
      4,
      1
    ],
    [
      133170,
      5,
      "0111233333344444455",
      1,
      4,
      1
    ],
    [
      67634,
      5,
      "0111233333344444555",
      1,
      4,
      1
    ],
    [
      329778,
      6,
      "0111233333344444556",
      1,
      4,
      1
    ],
    [
      10290,
      5,
      "0111233333344555555",
      1,
      4,
      1
    ],
    [
      272434,
      6,
      "0111233333344555556",
      1,
      4,
      1
    ],
    [
      1074,
      4,
      "0111233333444444444",
      1,
      4,
      1
    ],
    [
      263218,
      5,
      "0111233333444444445",
      1,
      4,
      1
    ],
    [
      132146,
      5,
      "0111233333444444455",
      1,
      4,
      1
    ],
    [
      66610,
      5,
      "0111233333444444555",
      1,
      4,
      1
    ],
    [
      328754,
      6,
      "0111233333444444556",
      1,
      4,
      1
    ],
    [
      33842,
      5,
      "0111233333444445555",
      1,
      4,
      1
    ],
    [
      164914,
      6,
      "0111233333444445566",
      1,
      4,
      1
    ],
    [
      5170,
      5,
      "0111233333445555555",
      1,
      4,
      1
    ],
    [
      562,
      4,
      "0111233334444444444",
      1,
      4,
      1
    ],
    [
      262706,
      5,
      "0111233334444444445",
      1,
      4,
      1
    ],
    [
      131634,
      5,
      "0111233334444444455",
      1,
      4,
      1
    ],
    [
      66098,
      5,
      "0111233334444444555",
      1,
      4,
      1
    ],
    [
      328242,
      6,
      "0111233334444444556",
      1,
      4,
      1
    ],
    [
      33330,
      5,
      "0111233334444445555",
      1,
      4,
      1
    ],
    [
      164402,
      6,
      "0111233334444445566",
      1,
      4,
      1
    ],
    [
      16946,
      5,
      "0111233334444455555",
      1,
      4,
      1
    ],
    [
      82482,
      6,
      "0111233334444455666",
      1,
      4,
      1
    ],
    [
      2610,
      5,
      "0111233334455555555",
      1,
      4,
      1
    ],
    [
      264754,
      6,
      "0111233334455555556",
      1,
      4,
      1
    ],
    [
      133682,
      6,
      "0111233334455555566",
      1,
      4,
      1
    ],
    [
      178,
      4,
      "0111233444444444444",
      1,
      4,
      1
    ],
    [
      262322,
      5,
      "0111233444444444445",
      1,
      4,
      1
    ],
    [
      131250,
      5,
      "0111233444444444455",
      1,
      4,
      1
    ],
    [
      65714,
      5,
      "0111233444444444555",
      1,
      4,
      1
    ],
    [
      32946,
      5,
      "0111233444444445555",
      1,
      4,
      1
    ],
    [
      16562,
      5,
      "0111233444444455555",
      1,
      4,
      1
    ],
    [
      8370,
      5,
      "0111233444444555555",
      1,
      4,
      1
    ],
    [
      270514,
      6,
      "0111233444444555556",
      1,
      4,
      1
    ],
    [
      4274,
      5,
      "0111233444445555555",
      1,
      4,
      1
    ],
    [
      135346,
      6,
      "0111233444445555566",
      1,
      4,
      1
    ],
    [
      690,
      5,
      "0111233445555555555",
      1,
      4,
      1
    ],
    [
      262834,
      6,
      "0111233445555555556",
      1,
      4,
      1
    ],
    [
      131762,
      6,
      "0111233445555555566",
      1,
      4,
      1
    ],
    [
      66226,
      6,
      "0111233445555555666",
      1,
      4,
      1
    ],
    [
      17074,
      6,
      "0111233445555566666",
      1,
      4,
      1
    ],
    [
      114,
      4,
      "0111234444444444444",
      1,
      4,
      1
    ],
    [
      262258,
      5,
      "0111234444444444445",
      1,
      4,
      1
    ],
    [
      131186,
      5,
      "0111234444444444455",
      1,
      4,
      1
    ],
    [
      65650,
      5,
      "0111234444444444555",
      1,
      4,
      1
    ],
    [
      32882,
      5,
      "0111234444444445555",
      1,
      4,
      1
    ],
    [
      16498,
      5,
      "0111234444444455555",
      1,
      4,
      1
    ],
    [
      8306,
      5,
      "0111234444444555555",
      1,
      4,
      1
    ],
    [
      4210,
      5,
      "0111234444445555555",
      1,
      4,
      1
    ],
    [
      266354,
      6,
      "0111234444445555556",
      1,
      4,
      1
    ],
    [
      2162,
      5,
      "0111234444455555555",
      1,
      4,
      1
    ],
    [
      264306,
      6,
      "0111234444455555556",
      1,
      4,
      1
    ],
    [
      133234,
      6,
      "0111234444455555566",
      1,
      4,
      1
    ],
    [
      10,
      2,
      "0112222222222222222",
      4,
      19,
      32768
    ],
    [
      262154,
      3,
      "0112222222222222223",
      2,
      9,
      16384
    ],
    [
      131082,
      3,
      "0112222222222222233",
      4,
      17,
      8192
    ],
    [
      393226,
      4,
      "0112222222222222234",
      4,
      17,
      8192
    ],
    [
      65546,
      3,
      "0112222222222222333",
      1,
      4,
      4096
    ],
    [
      196618,
      4,
      "0112222222222222344",
      1,
      4,
      4096
    ],
    [
      32778,
      3,
      "0112222222222223333",
      4,
      15,
      2048
    ],
    [
      294922,
      4,
      "0112222222222223334",
      4,
      15,
      2048
    ],
    [
      98314,
      4,
      "0112222222222223444",
      4,
      15,
      2048
    ],
    [
      16394,
      3,
      "0112222222222233333",
      2,
      7,
      1024
    ],
    [
      278538,
      4,
      "0112222222222233334",
      2,
      7,
      1024
    ],
    [
      147466,
      4,
      "0112222222222233344",
      2,
      7,
      1024
    ],
    [
      409610,
      5,
      "0112222222222233345",
      2,
      7,
      1024
    ],
    [
      49162,
      4,
      "0112222222222234444",
      2,
      7,
      1024
    ],
    [
      311306,
      5,
      "0112222222222234445",
      2,
      7,
      1024
    ],
    [
      8202,
      3,
      "0112222222222333333",
      4,
      13,
      512
    ],
    [
      270346,
      4,
      "0112222222222333334",
      4,
      13,
      512
    ],
    [
      139274,
      4,
      "0112222222222333344",
      4,
      13,
      512
    ],
    [
      401418,
      5,
      "0112222222222333345",
      4,
      13,
      512
    ],
    [
      73738,
      4,
      "0112222222222333444",
      4,
      13,
      512
    ],
    [
      204810,
      5,
      "0112222222222333455",
      4,
      13,
      512
    ],
    [
      24586,
      4,
      "0112222222222344444",
      4,
      13,
      512
    ],
    [
      286730,
      5,
      "0112222222222344445",
      4,
      13,
      512
    ],
    [
      155658,
      5,
      "0112222222222344455",
      4,
      13,
      512
    ],
    [
      4106,
      3,
      "0112222222223333333",
      1,
      3,
      256
    ],
    [
      266250,
      4,
      "0112222222223333334",
      1,
      3,
      256
    ],
    [
      135178,
      4,
      "0112222222223333344",
      1,
      3,
      256
    ],
    [
      397322,
      5,
      "0112222222223333345",
      1,
      3,
      256
    ],
    [
      69642,
      4,
      "0112222222223333444",
      1,
      3,
      256
    ],
    [
      200714,
      5,
      "0112222222223333455",
      1,
      3,
      256
    ],
    [
      36874,
      4,
      "0112222222223334444",
      1,
      3,
      256
    ],
    [
      299018,
      5,
      "0112222222223334445",
      1,
      3,
      256
    ],
    [
      102410,
      5,
      "0112222222223334555",
      1,
      3,
      256
    ],
    [
      12298,
      4,
      "0112222222223444444",
      1,
      3,
      256
    ],
    [
      274442,
      5,
      "0112222222223444445",
      1,
      3,
      256
    ],
    [
      143370,
      5,
      "0112222222223444455",
      1,
      3,
      256
    ],
    [
      77834,
      5,
      "0112222222223444555",
      1,
      3,
      256
    ],
    [
      2058,
      3,
      "0112222222233333333",
      4,
      11,
      128
    ],
    [
      264202,
      4,
      "0112222222233333334",
      4,
      11,
      128
    ],
    [
      133130,
      4,
      "0112222222233333344",
      4,
      11,
      128
    ],
    [
      395274,
      5,
      "0112222222233333345",
      4,
      11,
      128
    ],
    [
      67594,
      4,
      "0112222222233333444",
      4,
      11,
      128
    ],
    [
      198666,
      5,
      "0112222222233333455",
      4,
      11,
      128
    ],
    [
      34826,
      4,
      "0112222222233334444",
      4,
      11,
      128
    ],
    [
      296970,
      5,
      "0112222222233334445",
      4,
      11,
      128
    ],
    [
      100362,
      5,
      "0112222222233334555",
      4,
      11,
      128
    ],
    [
      18442,
      4,
      "0112222222233344444",
      4,
      11,
      128
    ],
    [
      280586,
      5,
      "0112222222233344445",
      4,
      11,
      128
    ],
    [
      149514,
      5,
      "0112222222233344455",
      4,
      11,
      128
    ],
    [
      411658,
      6,
      "0112222222233344456",
      4,
      11,
      128
    ],
    [
      51210,
      5,
      "0112222222233345555",
      4,
      11,
      128
    ],
    [
      6154,
      4,
      "0112222222234444444",
      4,
      11,
      128
    ],
    [
      268298,
      5,
      "0112222222234444445",
      4,
      11,
      128
    ],
    [
      137226,
      5,
      "0112222222234444455",
      4,
      11,
      128
    ],
    [
      71690,
      5,
      "0112222222234444555",
      4,
      11,
      128
    ],
    [
      38922,
      5,
      "0112222222234445555",
      4,
      11,
      128
    ],
    [
      301066,
      6,
      "0112222222234445556",
      4,
      11,
      128
    ],
    [
      1034,
      3,
      "0112222222333333333",
      2,
      5,
      64
    ],
    [
      263178,
      4,
      "0112222222333333334",
      2,
      5,
      64
    ],
    [
      132106,
      4,
      "0112222222333333344",
      2,
      5,
      64
    ],
    [
      394250,
      5,
      "0112222222333333345",
      2,
      5,
      64
    ],
    [
      66570,
      4,
      "0112222222333333444",
      2,
      5,
      64
    ],
    [
      197642,
      5,
      "0112222222333333455",
      2,
      5,
      64
    ],
    [
      33802,
      4,
      "0112222222333334444",
      2,
      5,
      64
    ],
    [
      295946,
      5,
      "0112222222333334445",
      2,
      5,
      64
    ],
    [
      99338,
      5,
      "0112222222333334555",
      2,
      5,
      64
    ],
    [
      17418,
      4,
      "0112222222333344444",
      2,
      5,
      64
    ],
    [
      279562,
      5,
      "0112222222333344445",
      2,
      5,
      64
    ],
    [
      148490,
      5,
      "0112222222333344455",
      2,
      5,
      64
    ],
    [
      410634,
      6,
      "0112222222333344456",
      2,
      5,
      64
    ],
    [
      50186,
      5,
      "0112222222333345555",
      2,
      5,
      64
    ],
    [
      312330,
      6,
      "0112222222333345556",
      2,
      5,
      64
    ],
    [
      9226,
      4,
      "0112222222333444444",
      2,
      5,
      64
    ],
    [
      271370,
      5,
      "0112222222333444445",
      2,
      5,
      64
    ],
    [
      140298,
      5,
      "0112222222333444455",
      2,
      5,
      64
    ],
    [
      402442,
      6,
      "0112222222333444456",
      2,
      5,
      64
    ],
    [
      74762,
      5,
      "0112222222333444555",
      2,
      5,
      64
    ],
    [
      205834,
      6,
      "0112222222333444566",
      2,
      5,
      64
    ],
    [
      25610,
      5,
      "0112222222333455555",
      2,
      5,
      64
    ],
    [
      287754,
      6,
      "0112222222333455556",
      2,
      5,
      64
    ],
    [
      3082,
      4,
      "0112222222344444444",
      2,
      5,
      64
    ],
    [
      134154,
      5,
      "0112222222344444455",
      2,
      5,
      64
    ],
    [
      68618,
      5,
      "0112222222344444555",
      2,
      5,
      64
    ],
    [
      35850,
      5,
      "0112222222344445555",
      2,
      5,
      64
    ],
    [
      19466,
      5,
      "0112222222344455555",
      2,
      5,
      64
    ],
    [
      150538,
      6,
      "0112222222344455566",
      2,
      5,
      64
    ],
    [
      522,
      3,
      "0112222223333333333",
      4,
      9,
      32
    ],
    [
      262666,
      4,
      "0112222223333333334",
      4,
      9,
      32
    ],
    [
      131594,
      4,
      "0112222223333333344",
      4,
      9,
      32
    ],
    [
      393738,
      5,
      "0112222223333333345",
      4,
      9,
      32
    ],
    [
      66058,
      4,
      "0112222223333333444",
      4,
      9,
      32
    ],
    [
      197130,
      5,
      "0112222223333333455",
      4,
      9,
      32
    ],
    [
      33290,
      4,
      "0112222223333334444",
      4,
      9,
      32
    ],
    [
      295434,
      5,
      "0112222223333334445",
      4,
      9,
      32
    ],
    [
      98826,
      5,
      "0112222223333334555",
      4,
      9,
      32
    ],
    [
      16906,
      4,
      "0112222223333344444",
      4,
      9,
      32
    ],
    [
      279050,
      5,
      "0112222223333344445",
      4,
      9,
      32
    ],
    [
      147978,
      5,
      "0112222223333344455",
      4,
      9,
      32
    ],
    [
      410122,
      6,
      "0112222223333344456",
      4,
      9,
      32
    ],
    [
      49674,
      5,
      "0112222223333345555",
      4,
      9,
      32
    ],
    [
      311818,
      6,
      "0112222223333345556",
      4,
      9,
      32
    ],
    [
      8714,
      4,
      "0112222223333444444",
      4,
      9,
      32
    ],
    [
      270858,
      5,
      "0112222223333444445",
      4,
      9,
      32
    ],
    [
      139786,
      5,
      "0112222223333444455",
      4,
      9,
      32
    ],
    [
      401930,
      6,
      "0112222223333444456",
      4,
      9,
      32
    ],
    [
      74250,
      5,
      "0112222223333444555",
      4,
      9,
      32
    ],
    [
      205322,
      6,
      "0112222223333444566",
      4,
      9,
      32
    ],
    [
      25098,
      5,
      "0112222223333455555",
      4,
      9,
      32
    ],
    [
      156170,
      6,
      "0112222223333455566",
      4,
      9,
      32
    ],
    [
      4618,
      4,
      "0112222223334444444",
      4,
      9,
      32
    ],
    [
      135690,
      5,
      "0112222223334444455",
      4,
      9,
      32
    ],
    [
      70154,
      5,
      "0112222223334444555",
      4,
      9,
      32
    ],
    [
      201226,
      6,
      "0112222223334444566",
      4,
      9,
      32
    ],
    [
      37386,
      5,
      "0112222223334445555",
      4,
      9,
      32
    ],
    [
      102922,
      6,
      "0112222223334445666",
      4,
      9,
      32
    ],
    [
      12810,
      5,
      "0112222223334555555",
      4,
      9,
      32
    ],
    [
      143882,
      6,
      "0112222223334555566",
      4,
      9,
      32
    ],
    [
      1546,
      4,
      "0112222223444444444",
      4,
      9,
      32
    ],
    [
      132618,
      5,
      "0112222223444444455",
      4,
      9,
      32
    ],
    [
      34314,
      5,
      "0112222223444445555",
      4,
      9,
      32
    ],
    [
      17930,
      5,
      "0112222223444455555",
      4,
      9,
      32
    ],
    [
      149002,
      6,
      "0112222223444455566",
      4,
      9,
      32
    ],
    [
      9738,
      5,
      "0112222223444555555",
      4,
      9,
      32
    ],
    [
      140810,
      6,
      "0112222223444555566",
      4,
      9,
      32
    ],
    [
      266,
      3,
      "0112222233333333333",
      9,
      19,
      32768
    ],
    [
      262410,
      4,
      "0112222233333333334",
      1,
      2,
      16400
    ],
    [
      131338,
      4,
      "0112222233333333344",
      1,
      2,
      16
    ],
    [
      393482,
      5,
      "0112222233333333345",
      1,
      2,
      16
    ],
    [
      65802,
      4,
      "0112222233333333444",
      1,
      2,
      16
    ],
    [
      196874,
      5,
      "0112222233333333455",
      1,
      2,
      16
    ],
    [
      33034,
      4,
      "0112222233333334444",
      1,
      2,
      16
    ],
    [
      295178,
      5,
      "0112222233333334445",
      1,
      2,
      16
    ],
    [
      98570,
      5,
      "0112222233333334555",
      1,
      2,
      16
    ],
    [
      16650,
      4,
      "0112222233333344444",
      1,
      2,
      16
    ],
    [
      278794,
      5,
      "0112222233333344445",
      1,
      2,
      16
    ],
    [
      147722,
      5,
      "0112222233333344455",
      1,
      2,
      16
    ],
    [
      409866,
      6,
      "0112222233333344456",
      1,
      2,
      16
    ],
    [
      49418,
      5,
      "0112222233333345555",
      1,
      2,
      16
    ],
    [
      311562,
      6,
      "0112222233333345556",
      1,
      2,
      16
    ],
    [
      8458,
      4,
      "0112222233333444444",
      1,
      2,
      16
    ],
    [
      139530,
      5,
      "0112222233333444455",
      1,
      2,
      16
    ],
    [
      73994,
      5,
      "0112222233333444555",
      1,
      2,
      16
    ],
    [
      205066,
      6,
      "0112222233333444566",
      1,
      2,
      16
    ],
    [
      24842,
      5,
      "0112222233333455555",
      1,
      2,
      16
    ],
    [
      155914,
      6,
      "0112222233333455566",
      1,
      2,
      16
    ],
    [
      4362,
      4,
      "0112222233334444444",
      1,
      2,
      16
    ],
    [
      266506,
      5,
      "0112222233334444445",
      1,
      2,
      16
    ],
    [
      69898,
      5,
      "0112222233334444555",
      1,
      2,
      16
    ],
    [
      37130,
      5,
      "0112222233334445555",
      1,
      2,
      16
    ],
    [
      299274,
      6,
      "0112222233334445556",
      1,
      2,
      16
    ],
    [
      102666,
      6,
      "0112222233334445666",
      1,
      2,
      16
    ],
    [
      12554,
      5,
      "0112222233334555555",
      1,
      2,
      16
    ],
    [
      78090,
      6,
      "0112222233334555666",
      1,
      2,
      16
    ],
    [
      2314,
      4,
      "0112222233344444444",
      1,
      2,
      16
    ],
    [
      133386,
      5,
      "0112222233344444455",
      1,
      2,
      16
    ],
    [
      35082,
      5,
      "0112222233344445555",
      1,
      2,
      16
    ],
    [
      18698,
      5,
      "0112222233344455555",
      1,
      2,
      16
    ],
    [
      51466,
      6,
      "0112222233344456666",
      1,
      2,
      16
    ],
    [
      6410,
      5,
      "0112222233345555555",
      1,
      2,
      16
    ],
    [
      778,
      4,
      "0112222234444444444",
      1,
      2,
      16
    ],
    [
      262922,
      5,
      "0112222234444444445",
      1,
      2,
      16
    ],
    [
      131850,
      5,
      "0112222234444444455",
      1,
      2,
      16
    ],
    [
      33546,
      5,
      "0112222234444445555",
      1,
      2,
      16
    ],
    [
      295690,
      6,
      "0112222234444445556",
      1,
      2,
      16
    ],
    [
      8970,
      5,
      "0112222234444555555",
      1,
      2,
      16
    ],
    [
      140042,
      6,
      "0112222234444555566",
      1,
      2,
      16
    ],
    [
      4874,
      5,
      "0112222234445555555",
      1,
      2,
      16
    ],
    [
      37642,
      6,
      "0112222234445556666",
      1,
      2,
      16
    ],
    [
      138,
      3,
      "0112222333333333333",
      9,
      19,
      32768
    ],
    [
      262282,
      4,
      "0112222333333333334",
      1,
      2,
      16384
    ],
    [
      131210,
      4,
      "0112222333333333344",
      9,
      17,
      8192
    ],
    [
      393354,
      5,
      "0112222333333333345",
      9,
      17,
      8192
    ],
    [
      65674,
      4,
      "0112222333333333444",
      9,
      16,
      4096
    ],
    [
      196746,
      5,
      "0112222333333333455",
      9,
      16,
      4096
    ],
    [
      32906,
      4,
      "0112222333333334444",
      4,
      7,
      8
    ],
    [
      295050,
      5,
      "0112222333333334445",
      4,
      7,
      8
    ],
    [
      98442,
      5,
      "0112222333333334555",
      4,
      7,
      8
    ],
    [
      16522,
      4,
      "0112222333333344444",
      4,
      7,
      8
    ],
    [
      147594,
      5,
      "0112222333333344455",
      4,
      7,
      8
    ],
    [
      49290,
      5,
      "0112222333333345555",
      4,
      7,
      8
    ],
    [
      8330,
      4,
      "0112222333333444444",
      4,
      7,
      8
    ],
    [
      270474,
      5,
      "0112222333333444445",
      4,
      7,
      8
    ],
    [
      73866,
      5,
      "0112222333333444555",
      4,
      7,
      8
    ],
    [
      24714,
      5,
      "0112222333333455555",
      4,
      7,
      8
    ],
    [
      4234,
      4,
      "0112222333334444444",
      4,
      7,
      8
    ],
    [
      135306,
      5,
      "0112222333334444455",
      4,
      7,
      8
    ],
    [
      37002,
      5,
      "0112222333334445555",
      4,
      7,
      8
    ],
    [
      12426,
      5,
      "0112222333334555555",
      4,
      7,
      8
    ],
    [
      2186,
      4,
      "0112222333344444444",
      4,
      7,
      8
    ],
    [
      264330,
      5,
      "0112222333344444445",
      4,
      7,
      8
    ],
    [
      67722,
      5,
      "0112222333344444555",
      4,
      7,
      8
    ],
    [
      18570,
      5,
      "0112222333344455555",
      4,
      7,
      8
    ],
    [
      6282,
      5,
      "0112222333345555555",
      4,
      7,
      8
    ],
    [
      1162,
      4,
      "0112222333444444444",
      4,
      7,
      8
    ],
    [
      263306,
      5,
      "0112222333444444445",
      4,
      7,
      8
    ],
    [
      132234,
      5,
      "0112222333444444455",
      4,
      7,
      8
    ],
    [
      394378,
      6,
      "0112222333444444456",
      4,
      7,
      8
    ],
    [
      33930,
      5,
      "0112222333444445555",
      4,
      7,
      8
    ],
    [
      9354,
      5,
      "0112222333444555555",
      4,
      7,
      8
    ],
    [
      271498,
      6,
      "0112222333444555556",
      4,
      7,
      8
    ],
    [
      3210,
      5,
      "0112222333455555555",
      4,
      7,
      8
    ],
    [
      394,
      4,
      "0112222344444444444",
      4,
      7,
      8
    ],
    [
      262538,
      5,
      "0112222344444444445",
      4,
      7,
      8
    ],
    [
      131466,
      5,
      "0112222344444444455",
      4,
      7,
      8
    ],
    [
      65930,
      5,
      "0112222344444444555",
      4,
      7,
      8
    ],
    [
      33162,
      5,
      "0112222344444445555",
      4,
      7,
      8
    ],
    [
      295306,
      6,
      "0112222344444445556",
      4,
      7,
      8
    ],
    [
      8586,
      5,
      "0112222344444555555",
      4,
      7,
      8
    ],
    [
      74122,
      6,
      "0112222344444555666",
      4,
      7,
      8
    ],
    [
      2442,
      5,
      "0112222344455555555",
      4,
      7,
      8
    ],
    [
      74,
      3,
      "0112223333333333333",
      9,
      19,
      32768
    ],
    [
      262218,
      4,
      "0112223333333333334",
      1,
      2,
      16384
    ],
    [
      131146,
      4,
      "0112223333333333344",
      9,
      17,
      8192
    ],
    [
      393290,
      5,
      "0112223333333333345",
      9,
      17,
      8192
    ],
    [
      65610,
      4,
      "0112223333333333444",
      9,
      16,
      4096
    ],
    [
      196682,
      5,
      "0112223333333333455",
      9,
      16,
      4096
    ],
    [
      32842,
      4,
      "0112223333333334444",
      3,
      5,
      2048
    ],
    [
      98378,
      5,
      "0112223333333334555",
      3,
      5,
      2048
    ],
    [
      16458,
      4,
      "0112223333333344444",
      9,
      14,
      1024
    ],
    [
      278602,
      5,
      "0112223333333344445",
      9,
      14,
      1024
    ],
    [
      49226,
      5,
      "0112223333333345555",
      9,
      14,
      1024
    ],
    [
      8266,
      4,
      "0112223333333444444",
      2,
      3,
      4
    ],
    [
      139338,
      5,
      "0112223333333444455",
      2,
      3,
      4
    ],
    [
      24650,
      5,
      "0112223333333455555",
      2,
      3,
      4
    ],
    [
      4170,
      4,
      "0112223333334444444",
      2,
      3,
      4
    ],
    [
      266314,
      5,
      "0112223333334444445",
      2,
      3,
      4
    ],
    [
      69706,
      5,
      "0112223333334444555",
      2,
      3,
      4
    ],
    [
      12362,
      5,
      "0112223333334555555",
      2,
      3,
      4
    ],
    [
      2122,
      4,
      "0112223333344444444",
      2,
      3,
      4
    ],
    [
      264266,
      5,
      "0112223333344444445",
      2,
      3,
      4
    ],
    [
      133194,
      5,
      "0112223333344444455",
      2,
      3,
      4
    ],
    [
      395338,
      6,
      "0112223333344444456",
      2,
      3,
      4
    ],
    [
      34890,
      5,
      "0112223333344445555",
      2,
      3,
      4
    ],
    [
      6218,
      5,
      "0112223333345555555",
      2,
      3,
      4
    ],
    [
      268362,
      6,
      "0112223333345555556",
      2,
      3,
      4
    ],
    [
      1098,
      4,
      "0112223333444444444",
      2,
      3,
      4
    ],
    [
      263242,
      5,
      "0112223333444444445",
      2,
      3,
      4
    ],
    [
      132170,
      5,
      "0112223333444444455",
      2,
      3,
      4
    ],
    [
      394314,
      6,
      "0112223333444444456",
      2,
      3,
      4
    ],
    [
      66634,
      5,
      "0112223333444444555",
      2,
      3,
      4
    ],
    [
      197706,
      6,
      "0112223333444444566",
      2,
      3,
      4
    ],
    [
      17482,
      5,
      "0112223333444455555",
      2,
      3,
      4
    ],
    [
      3146,
      5,
      "0112223333455555555",
      2,
      3,
      4
    ],
    [
      134218,
      6,
      "0112223333455555566",
      2,
      3,
      4
    ],
    [
      586,
      4,
      "0112223334444444444",
      2,
      3,
      4
    ],
    [
      262730,
      5,
      "0112223334444444445",
      2,
      3,
      4
    ],
    [
      131658,
      5,
      "0112223334444444455",
      2,
      3,
      4
    ],
    [
      393802,
      6,
      "0112223334444444456",
      2,
      3,
      4
    ],
    [
      66122,
      5,
      "0112223334444444555",
      2,
      3,
      4
    ],
    [
      197194,
      6,
      "0112223334444444566",
      2,
      3,
      4
    ],
    [
      33354,
      5,
      "0112223334444445555",
      2,
      3,
      4
    ],
    [
      98890,
      6,
      "0112223334444445666",
      2,
      3,
      4
    ],
    [
      8778,
      5,
      "0112223334444555555",
      2,
      3,
      4
    ],
    [
      139850,
      6,
      "0112223334444555566",
      2,
      3,
      4
    ],
    [
      1610,
      5,
      "0112223334555555555",
      2,
      3,
      4
    ],
    [
      132682,
      6,
      "0112223334555555566",
      2,
      3,
      4
    ],
    [
      202,
      4,
      "0112223444444444444",
      2,
      3,
      4
    ],
    [
      262346,
      5,
      "0112223444444444445",
      2,
      3,
      4
    ],
    [
      131274,
      5,
      "0112223444444444455",
      2,
      3,
      4
    ],
    [
      65738,
      5,
      "0112223444444444555",
      2,
      3,
      4
    ],
    [
      32970,
      5,
      "0112223444444445555",
      2,
      3,
      4
    ],
    [
      16586,
      5,
      "0112223444444455555",
      2,
      3,
      4
    ],
    [
      8394,
      5,
      "0112223444444555555",
      2,
      3,
      4
    ],
    [
      2250,
      5,
      "0112223444455555555",
      2,
      3,
      4
    ],
    [
      264394,
      6,
      "0112223444455555556",
      2,
      3,
      4
    ],
    [
      42,
      3,
      "0112233333333333333",
      9,
      19,
      32768
    ],
    [
      262186,
      4,
      "0112233333333333334",
      1,
      2,
      16384
    ],
    [
      131114,
      4,
      "0112233333333333344",
      9,
      17,
      8192
    ],
    [
      393258,
      5,
      "0112233333333333345",
      9,
      17,
      8192
    ],
    [
      65578,
      4,
      "0112233333333333444",
      9,
      16,
      4096
    ],
    [
      196650,
      5,
      "0112233333333333455",
      9,
      16,
      4096
    ],
    [
      32810,
      4,
      "0112233333333334444",
      3,
      5,
      2048
    ],
    [
      294954,
      5,
      "0112233333333334445",
      3,
      5,
      2048
    ],
    [
      98346,
      5,
      "0112233333333334555",
      3,
      5,
      2048
    ],
    [
      16426,
      4,
      "0112233333333344444",
      9,
      14,
      1024
    ],
    [
      147498,
      5,
      "0112233333333344455",
      9,
      14,
      1024
    ],
    [
      49194,
      5,
      "0112233333333345555",
      9,
      14,
      1024
    ],
    [
      8234,
      4,
      "0112233333333444444",
      9,
      13,
      512
    ],
    [
      270378,
      5,
      "0112233333333444445",
      9,
      13,
      512
    ],
    [
      73770,
      5,
      "0112233333333444555",
      9,
      13,
      512
    ],
    [
      24618,
      5,
      "0112233333333455555",
      9,
      13,
      512
    ],
    [
      4138,
      4,
      "0112233333334444444",
      3,
      4,
      256
    ],
    [
      266282,
      5,
      "0112233333334444445",
      3,
      4,
      256
    ],
    [
      135210,
      5,
      "0112233333334444455",
      3,
      4,
      256
    ],
    [
      397354,
      6,
      "0112233333334444456",
      3,
      4,
      256
    ],
    [
      36906,
      5,
      "0112233333334445555",
      3,
      4,
      256
    ],
    [
      299050,
      6,
      "0112233333334445556",
      3,
      4,
      256
    ],
    [
      12330,
      5,
      "0112233333334555555",
      3,
      4,
      256
    ],
    [
      274474,
      6,
      "0112233333334555556",
      3,
      4,
      256
    ],
    [
      2090,
      4,
      "0112233333344444444",
      4,
      5,
      2
    ],
    [
      264234,
      5,
      "0112233333344444445",
      4,
      5,
      2
    ],
    [
      133162,
      5,
      "0112233333344444455",
      4,
      5,
      2
    ],
    [
      395306,
      6,
      "0112233333344444456",
      4,
      5,
      2
    ],
    [
      67626,
      5,
      "0112233333344444555",
      4,
      5,
      2
    ],
    [
      198698,
      6,
      "0112233333344444566",
      4,
      5,
      2
    ],
    [
      18474,
      5,
      "0112233333344455555",
      4,
      5,
      2
    ],
    [
      149546,
      6,
      "0112233333344455566",
      4,
      5,
      2
    ],
    [
      6186,
      5,
      "0112233333345555555",
      4,
      5,
      2
    ],
    [
      137258,
      6,
      "0112233333345555566",
      4,
      5,
      2
    ],
    [
      1066,
      4,
      "0112233333444444444",
      4,
      5,
      2
    ],
    [
      263210,
      5,
      "0112233333444444445",
      4,
      5,
      2
    ],
    [
      132138,
      5,
      "0112233333444444455",
      4,
      5,
      2
    ],
    [
      394282,
      6,
      "0112233333444444456",
      4,
      5,
      2
    ],
    [
      66602,
      5,
      "0112233333444444555",
      4,
      5,
      2
    ],
    [
      197674,
      6,
      "0112233333444444566",
      4,
      5,
      2
    ],
    [
      33834,
      5,
      "0112233333444445555",
      4,
      5,
      2
    ],
    [
      295978,
      6,
      "0112233333444445556",
      4,
      5,
      2
    ],
    [
      99370,
      6,
      "0112233333444445666",
      4,
      5,
      2
    ],
    [
      9258,
      5,
      "0112233333444555555",
      4,
      5,
      2
    ],
    [
      74794,
      6,
      "0112233333444555666",
      4,
      5,
      2
    ],
    [
      3114,
      5,
      "0112233333455555555",
      4,
      5,
      2
    ],
    [
      134186,
      6,
      "0112233333455555566",
      4,
      5,
      2
    ],
    [
      554,
      4,
      "0112233334444444444",
      4,
      5,
      2
    ],
    [
      262698,
      5,
      "0112233334444444445",
      4,
      5,
      2
    ],
    [
      131626,
      5,
      "0112233334444444455",
      4,
      5,
      2
    ],
    [
      393770,
      6,
      "0112233334444444456",
      4,
      5,
      2
    ],
    [
      66090,
      5,
      "0112233334444444555",
      4,
      5,
      2
    ],
    [
      197162,
      6,
      "0112233334444444566",
      4,
      5,
      2
    ],
    [
      33322,
      5,
      "0112233334444445555",
      4,
      5,
      2
    ],
    [
      295466,
      6,
      "0112233334444445556",
      4,
      5,
      2
    ],
    [
      98858,
      6,
      "0112233334444445666",
      4,
      5,
      2
    ],
    [
      16938,
      5,
      "0112233334444455555",
      4,
      5,
      2
    ],
    [
      148010,
      6,
      "0112233334444455566",
      4,
      5,
      2
    ],
    [
      49706,
      6,
      "0112233334444456666",
      4,
      5,
      2
    ],
    [
      4650,
      5,
      "0112233334445555555",
      4,
      5,
      2
    ],
    [
      135722,
      6,
      "0112233334445555566",
      4,
      5,
      2
    ],
    [
      37418,
      6,
      "0112233334445556666",
      4,
      5,
      2
    ],
    [
      1578,
      5,
      "0112233334555555555",
      4,
      5,
      2
    ],
    [
      132650,
      6,
      "0112233334555555566",
      4,
      5,
      2
    ],
    [
      34346,
      6,
      "0112233334555556666",
      4,
      5,
      2
    ],
    [
      298,
      4,
      "0112233344444444444",
      4,
      5,
      2
    ],
    [
      262442,
      5,
      "0112233344444444445",
      4,
      5,
      2
    ],
    [
      131370,
      5,
      "0112233344444444455",
      4,
      5,
      2
    ],
    [
      393514,
      6,
      "0112233344444444456",
      4,
      5,
      2
    ],
    [
      65834,
      5,
      "0112233344444444555",
      4,
      5,
      2
    ],
    [
      196906,
      6,
      "0112233344444444566",
      4,
      5,
      2
    ],
    [
      33066,
      5,
      "0112233344444445555",
      4,
      5,
      2
    ],
    [
      98602,
      6,
      "0112233344444445666",
      4,
      5,
      2
    ],
    [
      16682,
      5,
      "0112233344444455555",
      4,
      5,
      2
    ],
    [
      49450,
      6,
      "0112233344444456666",
      4,
      5,
      2
    ],
    [
      8490,
      5,
      "0112233344444555555",
      4,
      5,
      2
    ],
    [
      24874,
      6,
      "0112233344444566666",
      4,
      5,
      2
    ],
    [
      2346,
      5,
      "0112233344455555555",
      4,
      5,
      2
    ],
    [
      133418,
      6,
      "0112233344455555566",
      4,
      5,
      2
    ],
    [
      810,
      5,
      "0112233345555555555",
      4,
      5,
      2
    ],
    [
      262954,
      6,
      "0112233345555555556",
      4,
      5,
      2
    ],
    [
      131882,
      6,
      "0112233345555555566",
      4,
      5,
      2
    ],
    [
      33578,
      6,
      "0112233345555556666",
      4,
      5,
      2
    ],
    [
      106,
      4,
      "0112234444444444444",
      4,
      5,
      2
    ],
    [
      262250,
      5,
      "0112234444444444445",
      4,
      5,
      2
    ],
    [
      131178,
      5,
      "0112234444444444455",
      4,
      5,
      2
    ],
    [
      65642,
      5,
      "0112234444444444555",
      4,
      5,
      2
    ],
    [
      32874,
      5,
      "0112234444444445555",
      4,
      5,
      2
    ],
    [
      16490,
      5,
      "0112234444444455555",
      4,
      5,
      2
    ],
    [
      8298,
      5,
      "0112234444444555555",
      4,
      5,
      2
    ],
    [
      4202,
      5,
      "0112234444445555555",
      4,
      5,
      2
    ],
    [
      266346,
      6,
      "0112234444445555556",
      4,
      5,
      2
    ],
    [
      2154,
      5,
      "0112234444455555555",
      4,
      5,
      2
    ],
    [
      264298,
      6,
      "0112234444455555556",
      4,
      5,
      2
    ],
    [
      133226,
      6,
      "0112234444455555566",
      4,
      5,
      2
    ],
    [
      618,
      5,
      "0112234445555555555",
      4,
      5,
      2
    ],
    [
      262762,
      6,
      "0112234445555555556",
      4,
      5,
      2
    ],
    [
      131690,
      6,
      "0112234445555555566",
      4,
      5,
      2
    ],
    [
      66154,
      6,
      "0112234445555555666",
      4,
      5,
      2
    ],
    [
      33386,
      6,
      "0112234445555556666",
      4,
      5,
      2
    ],
    [
      26,
      3,
      "0112333333333333333",
      9,
      19,
      32768
    ],
    [
      262170,
      4,
      "0112333333333333334",
      1,
      2,
      16384
    ],
    [
      131098,
      4,
      "0112333333333333344",
      9,
      17,
      8192
    ],
    [
      65562,
      4,
      "0112333333333333444",
      9,
      16,
      4096
    ],
    [
      32794,
      4,
      "0112333333333334444",
      3,
      5,
      2048
    ],
    [
      16410,
      4,
      "0112333333333344444",
      9,
      14,
      1024
    ],
    [
      278554,
      5,
      "0112333333333344445",
      9,
      14,
      1024
    ],
    [
      8218,
      4,
      "0112333333333444444",
      9,
      13,
      512
    ],
    [
      270362,
      5,
      "0112333333333444445",
      9,
      13,
      512
    ],
    [
      139290,
      5,
      "0112333333333444455",
      9,
      13,
      512
    ],
    [
      4122,
      4,
      "0112333333334444444",
      3,
      4,
      256
    ],
    [
      266266,
      5,
      "0112333333334444445",
      3,
      4,
      256
    ],
    [
      135194,
      5,
      "0112333333334444455",
      3,
      4,
      256
    ],
    [
      69658,
      5,
      "0112333333334444555",
      3,
      4,
      256
    ],
    [
      2074,
      4,
      "0112333333344444444",
      9,
      11,
      128
    ],
    [
      264218,
      5,
      "0112333333344444445",
      9,
      11,
      128
    ],
    [
      133146,
      5,
      "0112333333344444455",
      9,
      11,
      128
    ],
    [
      67610,
      5,
      "0112333333344444555",
      9,
      11,
      128
    ],
    [
      34842,
      5,
      "0112333333344445555",
      9,
      11,
      128
    ],
    [
      1050,
      4,
      "0112333333444444444",
      16,
      19,
      32768
    ],
    [
      263194,
      5,
      "0112333333444444445",
      8,
      9,
      16384
    ],
    [
      132122,
      5,
      "0112333333444444455",
      9,
      10,
      64
    ],
    [
      66586,
      5,
      "0112333333444444555",
      9,
      10,
      64
    ],
    [
      33818,
      5,
      "0112333333444445555",
      9,
      10,
      64
    ],
    [
      17434,
      5,
      "0112333333444455555",
      9,
      10,
      64
    ],
    [
      279578,
      6,
      "0112333333444455556",
      9,
      10,
      64
    ],
    [
      538,
      4,
      "0112333334444444444",
      16,
      19,
      32768
    ],
    [
      262682,
      5,
      "0112333334444444445",
      8,
      9,
      16384
    ],
    [
      131610,
      5,
      "0112333334444444455",
      16,
      17,
      8192
    ],
    [
      66074,
      5,
      "0112333334444444555",
      1,
      1,
      4129
    ],
    [
      33306,
      5,
      "0112333334444445555",
      1,
      1,
      33
    ],
    [
      16922,
      5,
      "0112333334444455555",
      1,
      1,
      33
    ],
    [
      279066,
      6,
      "0112333334444455556",
      1,
      1,
      33
    ],
    [
      8730,
      5,
      "0112333334444555555",
      1,
      1,
      33
    ],
    [
      139802,
      6,
      "0112333334444555566",
      1,
      1,
      33
    ],
    [
      282,
      4,
      "0112333344444444444",
      16,
      19,
      32768
    ],
    [
      262426,
      5,
      "0112333344444444445",
      8,
      9,
      16384
    ],
    [
      131354,
      5,
      "0112333344444444455",
      16,
      17,
      8192
    ],
    [
      65818,
      5,
      "0112333344444444555",
      1,
      1,
      4097
    ],
    [
      33050,
      5,
      "0112333344444445555",
      1,
      1,
      1
    ],
    [
      16666,
      5,
      "0112333344444455555",
      1,
      1,
      1
    ],
    [
      8474,
      5,
      "0112333344444555555",
      1,
      1,
      1
    ],
    [
      4378,
      5,
      "0112333344445555555",
      1,
      1,
      1
    ],
    [
      266522,
      6,
      "0112333344445555556",
      1,
      1,
      1
    ],
    [
      154,
      4,
      "0112333444444444444",
      16,
      19,
      32768
    ],
    [
      262298,
      5,
      "0112333444444444445",
      8,
      9,
      16384
    ],
    [
      131226,
      5,
      "0112333444444444455",
      16,
      17,
      8192
    ],
    [
      65690,
      5,
      "0112333444444444555",
      1,
      1,
      4097
    ],
    [
      32922,
      5,
      "0112333444444445555",
      1,
      1,
      1
    ],
    [
      16538,
      5,
      "0112333444444455555",
      1,
      1,
      1
    ],
    [
      8346,
      5,
      "0112333444444555555",
      1,
      1,
      1
    ],
    [
      270490,
      6,
      "0112333444444555556",
      1,
      1,
      1
    ],
    [
      4250,
      5,
      "0112333444445555555",
      1,
      1,
      1
    ],
    [
      135322,
      6,
      "0112333444445555566",
      1,
      1,
      1
    ],
    [
      2202,
      5,
      "0112333444455555555",
      1,
      1,
      1
    ],
    [
      264346,
      6,
      "0112333444455555556",
      1,
      1,
      1
    ],
    [
      67738,
      6,
      "0112333444455555666",
      1,
      1,
      1
    ],
    [
      58,
      4,
      "0112344444444444444",
      16,
      19,
      32768
    ],
    [
      262202,
      5,
      "0112344444444444445",
      8,
      9,
      16384
    ],
    [
      131130,
      5,
      "0112344444444444455",
      16,
      17,
      8192
    ],
    [
      65594,
      5,
      "0112344444444444555",
      1,
      1,
      4097
    ],
    [
      32826,
      5,
      "0112344444444445555",
      1,
      1,
      1
    ],
    [
      16442,
      5,
      "0112344444444455555",
      1,
      1,
      1
    ],
    [
      8250,
      5,
      "0112344444444555555",
      1,
      1,
      1
    ],
    [
      270394,
      6,
      "0112344444444555556",
      1,
      1,
      1
    ],
    [
      4154,
      5,
      "0112344444445555555",
      1,
      1,
      1
    ],
    [
      266298,
      6,
      "0112344444445555556",
      1,
      1,
      1
    ],
    [
      135226,
      6,
      "0112344444445555566",
      1,
      1,
      1
    ],
    [
      2106,
      5,
      "0112344444455555555",
      1,
      1,
      1
    ],
    [
      264250,
      6,
      "0112344444455555556",
      1,
      1,
      1
    ],
    [
      133178,
      6,
      "0112344444455555566",
      1,
      1,
      1
    ],
    [
      67642,
      6,
      "0112344444455555666",
      1,
      1,
      1
    ],
    [
      1082,
      5,
      "0112344444555555555",
      1,
      1,
      1
    ],
    [
      263226,
      6,
      "0112344444555555556",
      1,
      1,
      1
    ],
    [
      132154,
      6,
      "0112344444555555566",
      1,
      1,
      1
    ],
    [
      66618,
      6,
      "0112344444555555666",
      1,
      1,
      1
    ],
    [
      33850,
      6,
      "0112344444555556666",
      1,
      1,
      1
    ],
    [
      570,
      5,
      "0112344445555555555",
      1,
      1,
      1
    ],
    [
      262714,
      6,
      "0112344445555555556",
      1,
      1,
      1
    ],
    [
      131642,
      6,
      "0112344445555555566",
      1,
      1,
      1
    ],
    [
      66106,
      6,
      "0112344445555555666",
      1,
      1,
      1
    ],
    [
      33338,
      6,
      "0112344445555556666",
      1,
      1,
      1
    ],
    [
      16954,
      6,
      "0112344445555566666",
      1,
      1,
      1
    ],
    [
      6,
      2,
      "0122222222222222222",
      4,
      19,
      32768
    ],
    [
      262150,
      3,
      "0122222222222222223",
      2,
      9,
      16384
    ],
    [
      131078,
      3,
      "0122222222222222233",
      4,
      17,
      8192
    ],
    [
      65542,
      3,
      "0122222222222222333",
      1,
      4,
      4096
    ],
    [
      327686,
      4,
      "0122222222222222334",
      1,
      4,
      4096
    ],
    [
      32774,
      3,
      "0122222222222223333",
      4,
      15,
      2048
    ],
    [
      294918,
      4,
      "0122222222222223334",
      4,
      15,
      2048
    ],
    [
      163846,
      4,
      "0122222222222223344",
      4,
      15,
      2048
    ],
    [
      16390,
      3,
      "0122222222222233333",
      2,
      7,
      1024
    ],
    [
      278534,
      4,
      "0122222222222233334",
      2,
      7,
      1024
    ],
    [
      147462,
      4,
      "0122222222222233344",
      2,
      7,
      1024
    ],
    [
      81926,
      4,
      "0122222222222233444",
      2,
      7,
      1024
    ],
    [
      344070,
      5,
      "0122222222222233445",
      2,
      7,
      1024
    ],
    [
      8198,
      3,
      "0122222222222333333",
      4,
      13,
      512
    ],
    [
      270342,
      4,
      "0122222222222333334",
      4,
      13,
      512
    ],
    [
      139270,
      4,
      "0122222222222333344",
      4,
      13,
      512
    ],
    [
      73734,
      4,
      "0122222222222333444",
      4,
      13,
      512
    ],
    [
      335878,
      5,
      "0122222222222333445",
      4,
      13,
      512
    ],
    [
      40966,
      4,
      "0122222222222334444",
      4,
      13,
      512
    ],
    [
      303110,
      5,
      "0122222222222334445",
      4,
      13,
      512
    ],
    [
      172038,
      5,
      "0122222222222334455",
      4,
      13,
      512
    ],
    [
      4102,
      3,
      "0122222222223333333",
      1,
      3,
      256
    ],
    [
      266246,
      4,
      "0122222222223333334",
      1,
      3,
      256
    ],
    [
      135174,
      4,
      "0122222222223333344",
      1,
      3,
      256
    ],
    [
      69638,
      4,
      "0122222222223333444",
      1,
      3,
      256
    ],
    [
      331782,
      5,
      "0122222222223333445",
      1,
      3,
      256
    ],
    [
      36870,
      4,
      "0122222222223334444",
      1,
      3,
      256
    ],
    [
      299014,
      5,
      "0122222222223334445",
      1,
      3,
      256
    ],
    [
      167942,
      5,
      "0122222222223334455",
      1,
      3,
      256
    ],
    [
      20486,
      4,
      "0122222222223344444",
      1,
      3,
      256
    ],
    [
      282630,
      5,
      "0122222222223344445",
      1,
      3,
      256
    ],
    [
      151558,
      5,
      "0122222222223344455",
      1,
      3,
      256
    ],
    [
      86022,
      5,
      "0122222222223344555",
      1,
      3,
      256
    ],
    [
      2054,
      3,
      "0122222222233333333",
      4,
      11,
      128
    ],
    [
      264198,
      4,
      "0122222222233333334",
      4,
      11,
      128
    ],
    [
      133126,
      4,
      "0122222222233333344",
      4,
      11,
      128
    ],
    [
      67590,
      4,
      "0122222222233333444",
      4,
      11,
      128
    ],
    [
      329734,
      5,
      "0122222222233333445",
      4,
      11,
      128
    ],
    [
      34822,
      4,
      "0122222222233334444",
      4,
      11,
      128
    ],
    [
      296966,
      5,
      "0122222222233334445",
      4,
      11,
      128
    ],
    [
      165894,
      5,
      "0122222222233334455",
      4,
      11,
      128
    ],
    [
      18438,
      4,
      "0122222222233344444",
      4,
      11,
      128
    ],
    [
      280582,
      5,
      "0122222222233344445",
      4,
      11,
      128
    ],
    [
      149510,
      5,
      "0122222222233344455",
      4,
      11,
      128
    ],
    [
      83974,
      5,
      "0122222222233344555",
      4,
      11,
      128
    ],
    [
      346118,
      6,
      "0122222222233344556",
      4,
      11,
      128
    ],
    [
      10246,
      4,
      "0122222222233444444",
      4,
      11,
      128
    ],
    [
      272390,
      5,
      "0122222222233444445",
      4,
      11,
      128
    ],
    [
      141318,
      5,
      "0122222222233444455",
      4,
      11,
      128
    ],
    [
      75782,
      5,
      "0122222222233444555",
      4,
      11,
      128
    ],
    [
      43014,
      5,
      "0122222222233445555",
      4,
      11,
      128
    ],
    [
      305158,
      6,
      "0122222222233445556",
      4,
      11,
      128
    ],
    [
      1030,
      3,
      "0122222222333333333",
      2,
      5,
      64
    ],
    [
      263174,
      4,
      "0122222222333333334",
      2,
      5,
      64
    ],
    [
      132102,
      4,
      "0122222222333333344",
      2,
      5,
      64
    ],
    [
      66566,
      4,
      "0122222222333333444",
      2,
      5,
      64
    ],
    [
      328710,
      5,
      "0122222222333333445",
      2,
      5,
      64
    ],
    [
      33798,
      4,
      "0122222222333334444",
      2,
      5,
      64
    ],
    [
      295942,
      5,
      "0122222222333334445",
      2,
      5,
      64
    ],
    [
      164870,
      5,
      "0122222222333334455",
      2,
      5,
      64
    ],
    [
      17414,
      4,
      "0122222222333344444",
      2,
      5,
      64
    ],
    [
      279558,
      5,
      "0122222222333344445",
      2,
      5,
      64
    ],
    [
      148486,
      5,
      "0122222222333344455",
      2,
      5,
      64
    ],
    [
      82950,
      5,
      "0122222222333344555",
      2,
      5,
      64
    ],
    [
      345094,
      6,
      "0122222222333344556",
      2,
      5,
      64
    ],
    [
      9222,
      4,
      "0122222222333444444",
      2,
      5,
      64
    ],
    [
      271366,
      5,
      "0122222222333444445",
      2,
      5,
      64
    ],
    [
      140294,
      5,
      "0122222222333444455",
      2,
      5,
      64
    ],
    [
      74758,
      5,
      "0122222222333444555",
      2,
      5,
      64
    ],
    [
      336902,
      6,
      "0122222222333444556",
      2,
      5,
      64
    ],
    [
      41990,
      5,
      "0122222222333445555",
      2,
      5,
      64
    ],
    [
      173062,
      6,
      "0122222222333445566",
      2,
      5,
      64
    ],
    [
      5126,
      4,
      "0122222222334444444",
      2,
      5,
      64
    ],
    [
      267270,
      5,
      "0122222222334444445",
      2,
      5,
      64
    ],
    [
      136198,
      5,
      "0122222222334444455",
      2,
      5,
      64
    ],
    [
      70662,
      5,
      "0122222222334444555",
      2,
      5,
      64
    ],
    [
      37894,
      5,
      "0122222222334445555",
      2,
      5,
      64
    ],
    [
      300038,
      6,
      "0122222222334445556",
      2,
      5,
      64
    ],
    [
      21510,
      5,
      "0122222222334455555",
      2,
      5,
      64
    ],
    [
      283654,
      6,
      "0122222222334455556",
      2,
      5,
      64
    ],
    [
      152582,
      6,
      "0122222222334455566",
      2,
      5,
      64
    ],
    [
      518,
      3,
      "0122222223333333333",
      4,
      9,
      32
    ],
    [
      262662,
      4,
      "0122222223333333334",
      4,
      9,
      32
    ],
    [
      131590,
      4,
      "0122222223333333344",
      4,
      9,
      32
    ],
    [
      66054,
      4,
      "0122222223333333444",
      4,
      9,
      32
    ],
    [
      328198,
      5,
      "0122222223333333445",
      4,
      9,
      32
    ],
    [
      33286,
      4,
      "0122222223333334444",
      4,
      9,
      32
    ],
    [
      295430,
      5,
      "0122222223333334445",
      4,
      9,
      32
    ],
    [
      164358,
      5,
      "0122222223333334455",
      4,
      9,
      32
    ],
    [
      16902,
      4,
      "0122222223333344444",
      4,
      9,
      32
    ],
    [
      279046,
      5,
      "0122222223333344445",
      4,
      9,
      32
    ],
    [
      147974,
      5,
      "0122222223333344455",
      4,
      9,
      32
    ],
    [
      82438,
      5,
      "0122222223333344555",
      4,
      9,
      32
    ],
    [
      344582,
      6,
      "0122222223333344556",
      4,
      9,
      32
    ],
    [
      8710,
      4,
      "0122222223333444444",
      4,
      9,
      32
    ],
    [
      270854,
      5,
      "0122222223333444445",
      4,
      9,
      32
    ],
    [
      139782,
      5,
      "0122222223333444455",
      4,
      9,
      32
    ],
    [
      74246,
      5,
      "0122222223333444555",
      4,
      9,
      32
    ],
    [
      336390,
      6,
      "0122222223333444556",
      4,
      9,
      32
    ],
    [
      41478,
      5,
      "0122222223333445555",
      4,
      9,
      32
    ],
    [
      303622,
      6,
      "0122222223333445556",
      4,
      9,
      32
    ],
    [
      172550,
      6,
      "0122222223333445566",
      4,
      9,
      32
    ],
    [
      4614,
      4,
      "0122222223334444444",
      4,
      9,
      32
    ],
    [
      266758,
      5,
      "0122222223334444445",
      4,
      9,
      32
    ],
    [
      135686,
      5,
      "0122222223334444455",
      4,
      9,
      32
    ],
    [
      70150,
      5,
      "0122222223334444555",
      4,
      9,
      32
    ],
    [
      332294,
      6,
      "0122222223334444556",
      4,
      9,
      32
    ],
    [
      37382,
      5,
      "0122222223334445555",
      4,
      9,
      32
    ],
    [
      168454,
      6,
      "0122222223334445566",
      4,
      9,
      32
    ],
    [
      20998,
      5,
      "0122222223334455555",
      4,
      9,
      32
    ],
    [
      283142,
      6,
      "0122222223334455556",
      4,
      9,
      32
    ],
    [
      86534,
      6,
      "0122222223334455666",
      4,
      9,
      32
    ],
    [
      2566,
      4,
      "0122222223344444444",
      4,
      9,
      32
    ],
    [
      133638,
      5,
      "0122222223344444455",
      4,
      9,
      32
    ],
    [
      68102,
      5,
      "0122222223344444555",
      4,
      9,
      32
    ],
    [
      35334,
      5,
      "0122222223344445555",
      4,
      9,
      32
    ],
    [
      18950,
      5,
      "0122222223344455555",
      4,
      9,
      32
    ],
    [
      150022,
      6,
      "0122222223344455566",
      4,
      9,
      32
    ],
    [
      10758,
      5,
      "0122222223344555555",
      4,
      9,
      32
    ],
    [
      141830,
      6,
      "0122222223344555566",
      4,
      9,
      32
    ],
    [
      76294,
      6,
      "0122222223344555666",
      4,
      9,
      32
    ],
    [
      262,
      3,
      "0122222233333333333",
      9,
      19,
      32768
    ],
    [
      262406,
      4,
      "0122222233333333334",
      1,
      2,
      16400
    ],
    [
      131334,
      4,
      "0122222233333333344",
      1,
      2,
      16
    ],
    [
      65798,
      4,
      "0122222233333333444",
      1,
      2,
      16
    ],
    [
      327942,
      5,
      "0122222233333333445",
      1,
      2,
      16
    ],
    [
      33030,
      4,
      "0122222233333334444",
      1,
      2,
      16
    ],
    [
      295174,
      5,
      "0122222233333334445",
      1,
      2,
      16
    ],
    [
      164102,
      5,
      "0122222233333334455",
      1,
      2,
      16
    ],
    [
      16646,
      4,
      "0122222233333344444",
      1,
      2,
      16
    ],
    [
      278790,
      5,
      "0122222233333344445",
      1,
      2,
      16
    ],
    [
      147718,
      5,
      "0122222233333344455",
      1,
      2,
      16
    ],
    [
      82182,
      5,
      "0122222233333344555",
      1,
      2,
      16
    ],
    [
      344326,
      6,
      "0122222233333344556",
      1,
      2,
      16
    ],
    [
      8454,
      4,
      "0122222233333444444",
      1,
      2,
      16
    ],
    [
      270598,
      5,
      "0122222233333444445",
      1,
      2,
      16
    ],
    [
      139526,
      5,
      "0122222233333444455",
      1,
      2,
      16
    ],
    [
      73990,
      5,
      "0122222233333444555",
      1,
      2,
      16
    ],
    [
      336134,
      6,
      "0122222233333444556",
      1,
      2,
      16
    ],
    [
      41222,
      5,
      "0122222233333445555",
      1,
      2,
      16
    ],
    [
      303366,
      6,
      "0122222233333445556",
      1,
      2,
      16
    ],
    [
      172294,
      6,
      "0122222233333445566",
      1,
      2,
      16
    ],
    [
      4358,
      4,
      "0122222233334444444",
      1,
      2,
      16
    ],
    [
      135430,
      5,
      "0122222233334444455",
      1,
      2,
      16
    ],
    [
      69894,
      5,
      "0122222233334444555",
      1,
      2,
      16
    ],
    [
      37126,
      5,
      "0122222233334445555",
      1,
      2,
      16
    ],
    [
      168198,
      6,
      "0122222233334445566",
      1,
      2,
      16
    ],
    [
      20742,
      5,
      "0122222233334455555",
      1,
      2,
      16
    ],
    [
      151814,
      6,
      "0122222233334455566",
      1,
      2,
      16
    ],
    [
      86278,
      6,
      "0122222233334455666",
      1,
      2,
      16
    ],
    [
      2310,
      4,
      "0122222233344444444",
      1,
      2,
      16
    ],
    [
      67846,
      5,
      "0122222233344444555",
      1,
      2,
      16
    ],
    [
      35078,
      5,
      "0122222233344445555",
      1,
      2,
      16
    ],
    [
      18694,
      5,
      "0122222233344455555",
      1,
      2,
      16
    ],
    [
      84230,
      6,
      "0122222233344455666",
      1,
      2,
      16
    ],
    [
      10502,
      5,
      "0122222233344555555",
      1,
      2,
      16
    ],
    [
      43270,
      6,
      "0122222233344556666",
      1,
      2,
      16
    ],
    [
      1286,
      4,
      "0122222233444444444",
      1,
      2,
      16
    ],
    [
      263430,
      5,
      "0122222233444444445",
      1,
      2,
      16
    ],
    [
      34054,
      5,
      "0122222233444445555",
      1,
      2,
      16
    ],
    [
      296198,
      6,
      "0122222233444445556",
      1,
      2,
      16
    ],
    [
      17670,
      5,
      "0122222233444455555",
      1,
      2,
      16
    ],
    [
      279814,
      6,
      "0122222233444455556",
      1,
      2,
      16
    ],
    [
      9478,
      5,
      "0122222233444555555",
      1,
      2,
      16
    ],
    [
      271622,
      6,
      "0122222233444555556",
      1,
      2,
      16
    ],
    [
      5382,
      5,
      "0122222233445555555",
      1,
      2,
      16
    ],
    [
      38150,
      6,
      "0122222233445556666",
      1,
      2,
      16
    ],
    [
      134,
      3,
      "0122222333333333333",
      9,
      19,
      32768
    ],
    [
      262278,
      4,
      "0122222333333333334",
      1,
      2,
      16384
    ],
    [
      131206,
      4,
      "0122222333333333344",
      9,
      17,
      8192
    ],
    [
      65670,
      4,
      "0122222333333333444",
      9,
      16,
      4096
    ],
    [
      327814,
      5,
      "0122222333333333445",
      9,
      16,
      4096
    ],
    [
      32902,
      4,
      "0122222333333334444",
      4,
      7,
      8
    ],
    [
      295046,
      5,
      "0122222333333334445",
      4,
      7,
      8
    ],
    [
      163974,
      5,
      "0122222333333334455",
      4,
      7,
      8
    ],
    [
      16518,
      4,
      "0122222333333344444",
      4,
      7,
      8
    ],
    [
      278662,
      5,
      "0122222333333344445",
      4,
      7,
      8
    ],
    [
      147590,
      5,
      "0122222333333344455",
      4,
      7,
      8
    ],
    [
      82054,
      5,
      "0122222333333344555",
      4,
      7,
      8
    ],
    [
      344198,
      6,
      "0122222333333344556",
      4,
      7,
      8
    ],
    [
      8326,
      4,
      "0122222333333444444",
      4,
      7,
      8
    ],
    [
      139398,
      5,
      "0122222333333444455",
      4,
      7,
      8
    ],
    [
      73862,
      5,
      "0122222333333444555",
      4,
      7,
      8
    ],
    [
      41094,
      5,
      "0122222333333445555",
      4,
      7,
      8
    ],
    [
      172166,
      6,
      "0122222333333445566",
      4,
      7,
      8
    ],
    [
      4230,
      4,
      "0122222333334444444",
      4,
      7,
      8
    ],
    [
      69766,
      5,
      "0122222333334444555",
      4,
      7,
      8
    ],
    [
      36998,
      5,
      "0122222333334445555",
      4,
      7,
      8
    ],
    [
      20614,
      5,
      "0122222333334455555",
      4,
      7,
      8
    ],
    [
      86150,
      6,
      "0122222333334455666",
      4,
      7,
      8
    ],
    [
      2182,
      4,
      "0122222333344444444",
      4,
      7,
      8
    ],
    [
      264326,
      5,
      "0122222333344444445",
      4,
      7,
      8
    ],
    [
      34950,
      5,
      "0122222333344445555",
      4,
      7,
      8
    ],
    [
      297094,
      6,
      "0122222333344445556",
      4,
      7,
      8
    ],
    [
      18566,
      5,
      "0122222333344455555",
      4,
      7,
      8
    ],
    [
      10374,
      5,
      "0122222333344555555",
      4,
      7,
      8
    ],
    [
      43142,
      6,
      "0122222333344556666",
      4,
      7,
      8
    ],
    [
      1158,
      4,
      "0122222333444444444",
      4,
      7,
      8
    ],
    [
      263302,
      5,
      "0122222333444444445",
      4,
      7,
      8
    ],
    [
      132230,
      5,
      "0122222333444444455",
      4,
      7,
      8
    ],
    [
      17542,
      5,
      "0122222333444455555",
      4,
      7,
      8
    ],
    [
      279686,
      6,
      "0122222333444455556",
      4,
      7,
      8
    ],
    [
      9350,
      5,
      "0122222333444555555",
      4,
      7,
      8
    ],
    [
      140422,
      6,
      "0122222333444555566",
      4,
      7,
      8
    ],
    [
      5254,
      5,
      "0122222333445555555",
      4,
      7,
      8
    ],
    [
      21638,
      6,
      "0122222333445566666",
      4,
      7,
      8
    ],
    [
      646,
      4,
      "0122222334444444444",
      4,
      7,
      8
    ],
    [
      262790,
      5,
      "0122222334444444445",
      4,
      7,
      8
    ],
    [
      131718,
      5,
      "0122222334444444455",
      4,
      7,
      8
    ],
    [
      66182,
      5,
      "0122222334444444555",
      4,
      7,
      8
    ],
    [
      8838,
      5,
      "0122222334444555555",
      4,
      7,
      8
    ],
    [
      139910,
      6,
      "0122222334444555566",
      4,
      7,
      8
    ],
    [
      74374,
      6,
      "0122222334444555666",
      4,
      7,
      8
    ],
    [
      4742,
      5,
      "0122222334445555555",
      4,
      7,
      8
    ],
    [
      70278,
      6,
      "0122222334445555666",
      4,
      7,
      8
    ],
    [
      2694,
      5,
      "0122222334455555555",
      4,
      7,
      8
    ],
    [
      70,
      3,
      "0122223333333333333",
      9,
      19,
      32768
    ],
    [
      262214,
      4,
      "0122223333333333334",
      1,
      2,
      16384
    ],
    [
      131142,
      4,
      "0122223333333333344",
      9,
      17,
      8192
    ],
    [
      65606,
      4,
      "0122223333333333444",
      9,
      16,
      4096
    ],
    [
      327750,
      5,
      "0122223333333333445",
      9,
      16,
      4096
    ],
    [
      32838,
      4,
      "0122223333333334444",
      3,
      5,
      2048
    ],
    [
      294982,
      5,
      "0122223333333334445",
      3,
      5,
      2048
    ],
    [
      163910,
      5,
      "0122223333333334455",
      3,
      5,
      2048
    ],
    [
      16454,
      4,
      "0122223333333344444",
      9,
      14,
      1024
    ],
    [
      147526,
      5,
      "0122223333333344455",
      9,
      14,
      1024
    ],
    [
      81990,
      5,
      "0122223333333344555",
      9,
      14,
      1024
    ],
    [
      8262,
      4,
      "0122223333333444444",
      2,
      3,
      4
    ],
    [
      73798,
      5,
      "0122223333333444555",
      2,
      3,
      4
    ],
    [
      41030,
      5,
      "0122223333333445555",
      2,
      3,
      4
    ],
    [
      4166,
      4,
      "0122223333334444444",
      2,
      3,
      4
    ],
    [
      266310,
      5,
      "0122223333334444445",
      2,
      3,
      4
    ],
    [
      36934,
      5,
      "0122223333334445555",
      2,
      3,
      4
    ],
    [
      299078,
      6,
      "0122223333334445556",
      2,
      3,
      4
    ],
    [
      20550,
      5,
      "0122223333334455555",
      2,
      3,
      4
    ],
    [
      2118,
      4,
      "0122223333344444444",
      2,
      3,
      4
    ],
    [
      264262,
      5,
      "0122223333344444445",
      2,
      3,
      4
    ],
    [
      133190,
      5,
      "0122223333344444455",
      2,
      3,
      4
    ],
    [
      18502,
      5,
      "0122223333344455555",
      2,
      3,
      4
    ],
    [
      149574,
      6,
      "0122223333344455566",
      2,
      3,
      4
    ],
    [
      10310,
      5,
      "0122223333344555555",
      2,
      3,
      4
    ],
    [
      1094,
      4,
      "0122223333444444444",
      2,
      3,
      4
    ],
    [
      263238,
      5,
      "0122223333444444445",
      2,
      3,
      4
    ],
    [
      132166,
      5,
      "0122223333444444455",
      2,
      3,
      4
    ],
    [
      66630,
      5,
      "0122223333444444555",
      2,
      3,
      4
    ],
    [
      328774,
      6,
      "0122223333444444556",
      2,
      3,
      4
    ],
    [
      9286,
      5,
      "0122223333444555555",
      2,
      3,
      4
    ],
    [
      74822,
      6,
      "0122223333444555666",
      2,
      3,
      4
    ],
    [
      5190,
      5,
      "0122223333445555555",
      2,
      3,
      4
    ],
    [
      267334,
      6,
      "0122223333445555556",
      2,
      3,
      4
    ],
    [
      582,
      4,
      "0122223334444444444",
      2,
      3,
      4
    ],
    [
      262726,
      5,
      "0122223334444444445",
      2,
      3,
      4
    ],
    [
      131654,
      5,
      "0122223334444444455",
      2,
      3,
      4
    ],
    [
      66118,
      5,
      "0122223334444444555",
      2,
      3,
      4
    ],
    [
      328262,
      6,
      "0122223334444444556",
      2,
      3,
      4
    ],
    [
      33350,
      5,
      "0122223334444445555",
      2,
      3,
      4
    ],
    [
      164422,
      6,
      "0122223334444445566",
      2,
      3,
      4
    ],
    [
      4678,
      5,
      "0122223334445555555",
      2,
      3,
      4
    ],
    [
      266822,
      6,
      "0122223334445555556",
      2,
      3,
      4
    ],
    [
      2630,
      5,
      "0122223334455555555",
      2,
      3,
      4
    ],
    [
      133702,
      6,
      "0122223334455555566",
      2,
      3,
      4
    ],
    [
      326,
      4,
      "0122223344444444444",
      2,
      3,
      4
    ],
    [
      262470,
      5,
      "0122223344444444445",
      2,
      3,
      4
    ],
    [
      131398,
      5,
      "0122223344444444455",
      2,
      3,
      4
    ],
    [
      65862,
      5,
      "0122223344444444555",
      2,
      3,
      4
    ],
    [
      33094,
      5,
      "0122223344444445555",
      2,
      3,
      4
    ],
    [
      295238,
      6,
      "0122223344444445556",
      2,
      3,
      4
    ],
    [
      16710,
      5,
      "0122223344444455555",
      2,
      3,
      4
    ],
    [
      147782,
      6,
      "0122223344444455566",
      2,
      3,
      4
    ],
    [
      2374,
      5,
      "0122223344455555555",
      2,
      3,
      4
    ],
    [
      18758,
      6,
      "0122223344455566666",
      2,
      3,
      4
    ],
    [
      1350,
      5,
      "0122223344555555555",
      2,
      3,
      4
    ],
    [
      263494,
      6,
      "0122223344555555556",
      2,
      3,
      4
    ],
    [
      38,
      3,
      "0122233333333333333",
      9,
      19,
      32768
    ],
    [
      262182,
      4,
      "0122233333333333334",
      1,
      2,
      16384
    ],
    [
      131110,
      4,
      "0122233333333333344",
      9,
      17,
      8192
    ],
    [
      65574,
      4,
      "0122233333333333444",
      9,
      16,
      4096
    ],
    [
      327718,
      5,
      "0122233333333333445",
      9,
      16,
      4096
    ],
    [
      32806,
      4,
      "0122233333333334444",
      3,
      5,
      2048
    ],
    [
      163878,
      5,
      "0122233333333334455",
      3,
      5,
      2048
    ],
    [
      16422,
      4,
      "0122233333333344444",
      9,
      14,
      1024
    ],
    [
      81958,
      5,
      "0122233333333344555",
      9,
      14,
      1024
    ],
    [
      8230,
      4,
      "0122233333333444444",
      9,
      13,
      512
    ],
    [
      270374,
      5,
      "0122233333333444445",
      9,
      13,
      512
    ],
    [
      40998,
      5,
      "0122233333333445555",
      9,
      13,
      512
    ],
    [
      4134,
      4,
      "0122233333334444444",
      3,
      4,
      256
    ],
    [
      266278,
      5,
      "0122233333334444445",
      3,
      4,
      256
    ],
    [
      135206,
      5,
      "0122233333334444455",
      3,
      4,
      256
    ],
    [
      20518,
      5,
      "0122233333334455555",
      3,
      4,
      256
    ],
    [
      2086,
      4,
      "0122233333344444444",
      4,
      5,
      2
    ],
    [
      264230,
      5,
      "0122233333344444445",
      4,
      5,
      2
    ],
    [
      133158,
      5,
      "0122233333344444455",
      4,
      5,
      2
    ],
    [
      67622,
      5,
      "0122233333344444555",
      4,
      5,
      2
    ],
    [
      329766,
      6,
      "0122233333344444556",
      4,
      5,
      2
    ],
    [
      10278,
      5,
      "0122233333344555555",
      4,
      5,
      2
    ],
    [
      272422,
      6,
      "0122233333344555556",
      4,
      5,
      2
    ],
    [
      1062,
      4,
      "0122233333444444444",
      4,
      5,
      2
    ],
    [
      263206,
      5,
      "0122233333444444445",
      4,
      5,
      2
    ],
    [
      132134,
      5,
      "0122233333444444455",
      4,
      5,
      2
    ],
    [
      66598,
      5,
      "0122233333444444555",
      4,
      5,
      2
    ],
    [
      328742,
      6,
      "0122233333444444556",
      4,
      5,
      2
    ],
    [
      33830,
      5,
      "0122233333444445555",
      4,
      5,
      2
    ],
    [
      164902,
      6,
      "0122233333444445566",
      4,
      5,
      2
    ],
    [
      5158,
      5,
      "0122233333445555555",
      4,
      5,
      2
    ],
    [
      267302,
      6,
      "0122233333445555556",
      4,
      5,
      2
    ],
    [
      550,
      4,
      "0122233334444444444",
      4,
      5,
      2
    ],
    [
      262694,
      5,
      "0122233334444444445",
      4,
      5,
      2
    ],
    [
      131622,
      5,
      "0122233334444444455",
      4,
      5,
      2
    ],
    [
      66086,
      5,
      "0122233334444444555",
      4,
      5,
      2
    ],
    [
      328230,
      6,
      "0122233334444444556",
      4,
      5,
      2
    ],
    [
      33318,
      5,
      "0122233334444445555",
      4,
      5,
      2
    ],
    [
      164390,
      6,
      "0122233334444445566",
      4,
      5,
      2
    ],
    [
      16934,
      5,
      "0122233334444455555",
      4,
      5,
      2
    ],
    [
      82470,
      6,
      "0122233334444455666",
      4,
      5,
      2
    ],
    [
      2598,
      5,
      "0122233334455555555",
      4,
      5,
      2
    ],
    [
      133670,
      6,
      "0122233334455555566",
      4,
      5,
      2
    ],
    [
      68134,
      6,
      "0122233334455555666",
      4,
      5,
      2
    ],
    [
      294,
      4,
      "0122233344444444444",
      4,
      5,
      2
    ],
    [
      262438,
      5,
      "0122233344444444445",
      4,
      5,
      2
    ],
    [
      131366,
      5,
      "0122233344444444455",
      4,
      5,
      2
    ],
    [
      65830,
      5,
      "0122233344444444555",
      4,
      5,
      2
    ],
    [
      327974,
      6,
      "0122233344444444556",
      4,
      5,
      2
    ],
    [
      33062,
      5,
      "0122233344444445555",
      4,
      5,
      2
    ],
    [
      164134,
      6,
      "0122233344444445566",
      4,
      5,
      2
    ],
    [
      16678,
      5,
      "0122233344444455555",
      4,
      5,
      2
    ],
    [
      82214,
      6,
      "0122233344444455666",
      4,
      5,
      2
    ],
    [
      8486,
      5,
      "0122233344444555555",
      4,
      5,
      2
    ],
    [
      270630,
      6,
      "0122233344444555556",
      4,
      5,
      2
    ],
    [
      41254,
      6,
      "0122233344444556666",
      4,
      5,
      2
    ],
    [
      1318,
      5,
      "0122233344555555555",
      4,
      5,
      2
    ],
    [
      263462,
      6,
      "0122233344555555556",
      4,
      5,
      2
    ],
    [
      34086,
      6,
      "0122233344555556666",
      4,
      5,
      2
    ],
    [
      166,
      4,
      "0122233444444444444",
      4,
      5,
      2
    ],
    [
      262310,
      5,
      "0122233444444444445",
      4,
      5,
      2
    ],
    [
      131238,
      5,
      "0122233444444444455",
      4,
      5,
      2
    ],
    [
      65702,
      5,
      "0122233444444444555",
      4,
      5,
      2
    ],
    [
      32934,
      5,
      "0122233444444445555",
      4,
      5,
      2
    ],
    [
      16550,
      5,
      "0122233444444455555",
      4,
      5,
      2
    ],
    [
      8358,
      5,
      "0122233444444555555",
      4,
      5,
      2
    ],
    [
      4262,
      5,
      "0122233444445555555",
      4,
      5,
      2
    ],
    [
      678,
      5,
      "0122233445555555555",
      4,
      5,
      2
    ],
    [
      262822,
      6,
      "0122233445555555556",
      4,
      5,
      2
    ],
    [
      131750,
      6,
      "0122233445555555566",
      4,
      5,
      2
    ],
    [
      66214,
      6,
      "0122233445555555666",
      4,
      5,
      2
    ],
    [
      22,
      3,
      "0122333333333333333",
      9,
      19,
      32768
    ],
    [
      262166,
      4,
      "0122333333333333334",
      1,
      2,
      16384
    ],
    [
      131094,
      4,
      "0122333333333333344",
      9,
      17,
      8192
    ],
    [
      65558,
      4,
      "0122333333333333444",
      9,
      16,
      4096
    ],
    [
      32790,
      4,
      "0122333333333334444",
      3,
      5,
      2048
    ],
    [
      16406,
      4,
      "0122333333333344444",
      9,
      14,
      1024
    ],
    [
      278550,
      5,
      "0122333333333344445",
      9,
      14,
      1024
    ],
    [
      8214,
      4,
      "0122333333333444444",
      9,
      13,
      512
    ],
    [
      270358,
      5,
      "0122333333333444445",
      9,
      13,
      512
    ],
    [
      139286,
      5,
      "0122333333333444455",
      9,
      13,
      512
    ],
    [
      4118,
      4,
      "0122333333334444444",
      3,
      4,
      256
    ],
    [
      266262,
      5,
      "0122333333334444445",
      3,
      4,
      256
    ],
    [
      135190,
      5,
      "0122333333334444455",
      3,
      4,
      256
    ],
    [
      69654,
      5,
      "0122333333334444555",
      3,
      4,
      256
    ],
    [
      2070,
      4,
      "0122333333344444444",
      9,
      11,
      128
    ],
    [
      264214,
      5,
      "0122333333344444445",
      9,
      11,
      128
    ],
    [
      133142,
      5,
      "0122333333344444455",
      9,
      11,
      128
    ],
    [
      67606,
      5,
      "0122333333344444555",
      9,
      11,
      128
    ],
    [
      34838,
      5,
      "0122333333344445555",
      9,
      11,
      128
    ],
    [
      1046,
      4,
      "0122333333444444444",
      16,
      19,
      32768
    ],
    [
      263190,
      5,
      "0122333333444444445",
      8,
      9,
      16384
    ],
    [
      132118,
      5,
      "0122333333444444455",
      9,
      10,
      64
    ],
    [
      66582,
      5,
      "0122333333444444555",
      9,
      10,
      64
    ],
    [
      33814,
      5,
      "0122333333444445555",
      9,
      10,
      64
    ],
    [
      17430,
      5,
      "0122333333444455555",
      9,
      10,
      64
    ],
    [
      279574,
      6,
      "0122333333444455556",
      9,
      10,
      64
    ],
    [
      534,
      4,
      "0122333334444444444",
      16,
      19,
      32768
    ],
    [
      262678,
      5,
      "0122333334444444445",
      8,
      9,
      16384
    ],
    [
      131606,
      5,
      "0122333334444444455",
      16,
      17,
      8192
    ],
    [
      66070,
      5,
      "0122333334444444555",
      1,
      1,
      4129
    ],
    [
      33302,
      5,
      "0122333334444445555",
      1,
      1,
      33
    ],
    [
      16918,
      5,
      "0122333334444455555",
      1,
      1,
      33
    ],
    [
      279062,
      6,
      "0122333334444455556",
      1,
      1,
      33
    ],
    [
      8726,
      5,
      "0122333334444555555",
      1,
      1,
      33
    ],
    [
      139798,
      6,
      "0122333334444555566",
      1,
      1,
      33
    ],
    [
      278,
      4,
      "0122333344444444444",
      16,
      19,
      32768
    ],
    [
      262422,
      5,
      "0122333344444444445",
      8,
      9,
      16384
    ],
    [
      131350,
      5,
      "0122333344444444455",
      16,
      17,
      8192
    ],
    [
      65814,
      5,
      "0122333344444444555",
      1,
      1,
      4097
    ],
    [
      33046,
      5,
      "0122333344444445555",
      1,
      1,
      1
    ],
    [
      16662,
      5,
      "0122333344444455555",
      1,
      1,
      1
    ],
    [
      8470,
      5,
      "0122333344444555555",
      1,
      1,
      1
    ],
    [
      270614,
      6,
      "0122333344444555556",
      1,
      1,
      1
    ],
    [
      4374,
      5,
      "0122333344445555555",
      1,
      1,
      1
    ],
    [
      135446,
      6,
      "0122333344445555566",
      1,
      1,
      1
    ],
    [
      150,
      4,
      "0122333444444444444",
      16,
      19,
      32768
    ],
    [
      262294,
      5,
      "0122333444444444445",
      8,
      9,
      16384
    ],
    [
      131222,
      5,
      "0122333444444444455",
      16,
      17,
      8192
    ],
    [
      65686,
      5,
      "0122333444444444555",
      1,
      1,
      4097
    ],
    [
      32918,
      5,
      "0122333444444445555",
      1,
      1,
      1
    ],
    [
      16534,
      5,
      "0122333444444455555",
      1,
      1,
      1
    ],
    [
      278678,
      6,
      "0122333444444455556",
      1,
      1,
      1
    ],
    [
      8342,
      5,
      "0122333444444555555",
      1,
      1,
      1
    ],
    [
      139414,
      6,
      "0122333444444555566",
      1,
      1,
      1
    ],
    [
      4246,
      5,
      "0122333444445555555",
      1,
      1,
      1
    ],
    [
      69782,
      6,
      "0122333444445555666",
      1,
      1,
      1
    ],
    [
      2198,
      5,
      "0122333444455555555",
      1,
      1,
      1
    ],
    [
      264342,
      6,
      "0122333444455555556",
      1,
      1,
      1
    ],
    [
      34966,
      6,
      "0122333444455556666",
      1,
      1,
      1
    ],
    [
      86,
      4,
      "0122334444444444444",
      16,
      19,
      32768
    ],
    [
      262230,
      5,
      "0122334444444444445",
      8,
      9,
      16384
    ],
    [
      131158,
      5,
      "0122334444444444455",
      16,
      17,
      8192
    ],
    [
      65622,
      5,
      "0122334444444444555",
      1,
      1,
      4097
    ],
    [
      32854,
      5,
      "0122334444444445555",
      1,
      1,
      1
    ],
    [
      16470,
      5,
      "0122334444444455555",
      1,
      1,
      1
    ],
    [
      8278,
      5,
      "0122334444444555555",
      1,
      1,
      1
    ],
    [
      4182,
      5,
      "0122334444445555555",
      1,
      1,
      1
    ],
    [
      266326,
      6,
      "0122334444445555556",
      1,
      1,
      1
    ],
    [
      2134,
      5,
      "0122334444455555555",
      1,
      1,
      1
    ],
    [
      264278,
      6,
      "0122334444455555556",
      1,
      1,
      1
    ],
    [
      133206,
      6,
      "0122334444455555566",
      1,
      1,
      1
    ],
    [
      1110,
      5,
      "0122334444555555555",
      1,
      1,
      1
    ],
    [
      263254,
      6,
      "0122334444555555556",
      1,
      1,
      1
    ],
    [
      132182,
      6,
      "0122334444555555566",
      1,
      1,
      1
    ],
    [
      66646,
      6,
      "0122334444555555666",
      1,
      1,
      1
    ],
    [
      14,
      3,
      "0123333333333333333",
      9,
      19,
      32768
    ],
    [
      262158,
      4,
      "0123333333333333334",
      1,
      2,
      16384
    ],
    [
      131086,
      4,
      "0123333333333333344",
      9,
      17,
      8192
    ],
    [
      65550,
      4,
      "0123333333333333444",
      9,
      16,
      4096
    ],
    [
      32782,
      4,
      "0123333333333334444",
      3,
      5,
      2048
    ],
    [
      294926,
      5,
      "0123333333333334445",
      3,
      5,
      2048
    ],
    [
      16398,
      4,
      "0123333333333344444",
      9,
      14,
      1024
    ],
    [
      278542,
      5,
      "0123333333333344445",
      9,
      14,
      1024
    ],
    [
      147470,
      5,
      "0123333333333344455",
      9,
      14,
      1024
    ],
    [
      8206,
      4,
      "0123333333333444444",
      9,
      13,
      512
    ],
    [
      270350,
      5,
      "0123333333333444445",
      9,
      13,
      512
    ],
    [
      139278,
      5,
      "0123333333333444455",
      9,
      13,
      512
    ],
    [
      73742,
      5,
      "0123333333333444555",
      9,
      13,
      512
    ],
    [
      4110,
      4,
      "0123333333334444444",
      3,
      4,
      256
    ],
    [
      266254,
      5,
      "0123333333334444445",
      3,
      4,
      256
    ],
    [
      135182,
      5,
      "0123333333334444455",
      3,
      4,
      256
    ],
    [
      69646,
      5,
      "0123333333334444555",
      3,
      4,
      256
    ],
    [
      36878,
      5,
      "0123333333334445555",
      3,
      4,
      256
    ],
    [
      299022,
      6,
      "0123333333334445556",
      3,
      4,
      256
    ],
    [
      2062,
      4,
      "0123333333344444444",
      9,
      11,
      128
    ],
    [
      264206,
      5,
      "0123333333344444445",
      9,
      11,
      128
    ],
    [
      133134,
      5,
      "0123333333344444455",
      9,
      11,
      128
    ],
    [
      67598,
      5,
      "0123333333344444555",
      9,
      11,
      128
    ],
    [
      34830,
      5,
      "0123333333344445555",
      9,
      11,
      128
    ],
    [
      296974,
      6,
      "0123333333344445556",
      9,
      11,
      128
    ],
    [
      18446,
      5,
      "0123333333344455555",
      9,
      11,
      128
    ],
    [
      280590,
      6,
      "0123333333344455556",
      9,
      11,
      128
    ],
    [
      149518,
      6,
      "0123333333344455566",
      9,
      11,
      128
    ],
    [
      1038,
      4,
      "0123333333444444444",
      16,
      19,
      32768
    ],
    [
      263182,
      5,
      "0123333333444444445",
      8,
      9,
      16384
    ],
    [
      132110,
      5,
      "0123333333444444455",
      9,
      10,
      64
    ],
    [
      66574,
      5,
      "0123333333444444555",
      9,
      10,
      64
    ],
    [
      33806,
      5,
      "0123333333444445555",
      9,
      10,
      64
    ],
    [
      295950,
      6,
      "0123333333444445556",
      9,
      10,
      64
    ],
    [
      17422,
      5,
      "0123333333444455555",
      9,
      10,
      64
    ],
    [
      279566,
      6,
      "0123333333444455556",
      9,
      10,
      64
    ],
    [
      148494,
      6,
      "0123333333444455566",
      9,
      10,
      64
    ],
    [
      9230,
      5,
      "0123333333444555555",
      9,
      10,
      64
    ],
    [
      271374,
      6,
      "0123333333444555556",
      9,
      10,
      64
    ],
    [
      140302,
      6,
      "0123333333444555566",
      9,
      10,
      64
    ],
    [
      74766,
      6,
      "0123333333444555666",
      9,
      10,
      64
    ],
    [
      526,
      4,
      "0123333334444444444",
      16,
      19,
      32768
    ],
    [
      262670,
      5,
      "0123333334444444445",
      8,
      9,
      16384
    ],
    [
      131598,
      5,
      "0123333334444444455",
      16,
      17,
      8192
    ],
    [
      66062,
      5,
      "0123333334444444555",
      1,
      1,
      4128
    ],
    [
      33294,
      5,
      "0123333334444445555",
      1,
      1,
      32
    ],
    [
      295438,
      6,
      "0123333334444445556",
      1,
      1,
      32
    ],
    [
      16910,
      5,
      "0123333334444455555",
      1,
      1,
      32
    ],
    [
      279054,
      6,
      "0123333334444455556",
      1,
      1,
      32
    ],
    [
      147982,
      6,
      "0123333334444455566",
      1,
      1,
      32
    ],
    [
      8718,
      5,
      "0123333334444555555",
      1,
      1,
      32
    ],
    [
      270862,
      6,
      "0123333334444555556",
      1,
      1,
      32
    ],
    [
      139790,
      6,
      "0123333334444555566",
      1,
      1,
      32
    ],
    [
      74254,
      6,
      "0123333334444555666",
      1,
      1,
      32
    ],
    [
      4622,
      5,
      "0123333334445555555",
      1,
      1,
      32
    ],
    [
      135694,
      6,
      "0123333334445555566",
      1,
      1,
      32
    ],
    [
      70158,
      6,
      "0123333334445555666",
      1,
      1,
      32
    ],
    [
      37390,
      6,
      "0123333334445556666",
      1,
      1,
      32
    ],
    [
      270,
      4,
      "0123333344444444444",
      16,
      19,
      32768
    ],
    [
      262414,
      5,
      "0123333344444444445",
      8,
      9,
      16384
    ],
    [
      131342,
      5,
      "0123333344444444455",
      16,
      17,
      8192
    ],
    [
      65806,
      5,
      "0123333344444444555",
      1,
      1,
      4096
    ],
    [
      33038,
      5,
      "0123333344444445555",
      16,
      15,
      2048
    ],
    [
      295182,
      6,
      "0123333344444445556",
      16,
      15,
      2048
    ],
    [
      16654,
      5,
      "0123333344444455555",
      9,
      8,
      16
    ],
    [
      278798,
      6,
      "0123333344444455556",
      9,
      8,
      16
    ],
    [
      147726,
      6,
      "0123333344444455566",
      9,
      8,
      16
    ],
    [
      8462,
      5,
      "0123333344444555555",
      9,
      8,
      16
    ],
    [
      139534,
      6,
      "0123333344444555566",
      9,
      8,
      16
    ],
    [
      73998,
      6,
      "0123333344444555666",
      9,
      8,
      16
    ],
    [
      4366,
      5,
      "0123333344445555555",
      9,
      8,
      16
    ],
    [
      69902,
      6,
      "0123333344445555666",
      9,
      8,
      16
    ],
    [
      37134,
      6,
      "0123333344445556666",
      9,
      8,
      16
    ],
    [
      2318,
      5,
      "0123333344455555555",
      9,
      8,
      16
    ],
    [
      35086,
      6,
      "0123333344455556666",
      9,
      8,
      16
    ],
    [
      18702,
      6,
      "0123333344455566666",
      9,
      8,
      16
    ],
    [
      142,
      4,
      "0123333444444444444",
      16,
      19,
      32768
    ],
    [
      262286,
      5,
      "0123333444444444445",
      8,
      9,
      16384
    ],
    [
      131214,
      5,
      "0123333444444444455",
      16,
      17,
      8192
    ],
    [
      65678,
      5,
      "0123333444444444555",
      1,
      1,
      4096
    ],
    [
      32910,
      5,
      "0123333444444445555",
      16,
      15,
      2048
    ],
    [
      295054,
      6,
      "0123333444444445556",
      16,
      15,
      2048
    ],
    [
      16526,
      5,
      "0123333444444455555",
      8,
      7,
      1024
    ],
    [
      147598,
      6,
      "0123333444444455566",
      8,
      7,
      1024
    ],
    [
      8334,
      5,
      "0123333444444555555",
      16,
      13,
      512
    ],
    [
      73870,
      6,
      "0123333444444555666",
      16,
      13,
      512
    ],
    [
      4238,
      5,
      "0123333444445555555",
      9,
      7,
      8
    ],
    [
      37006,
      6,
      "0123333444445556666",
      9,
      7,
      8
    ],
    [
      2190,
      5,
      "0123333444455555555",
      9,
      7,
      8
    ],
    [
      264334,
      6,
      "0123333444455555556",
      9,
      7,
      8
    ],
    [
      18574,
      6,
      "0123333444455566666",
      9,
      7,
      8
    ],
    [
      1166,
      5,
      "0123333444555555555",
      9,
      7,
      8
    ],
    [
      263310,
      6,
      "0123333444555555556",
      9,
      7,
      8
    ],
    [
      132238,
      6,
      "0123333444555555566",
      9,
      7,
      8
    ],
    [
      9358,
      6,
      "0123333444555666666",
      9,
      7,
      8
    ],
    [
      78,
      4,
      "0123334444444444444",
      16,
      19,
      32768
    ],
    [
      262222,
      5,
      "0123334444444444445",
      8,
      9,
      16384
    ],
    [
      131150,
      5,
      "0123334444444444455",
      16,
      17,
      8192
    ],
    [
      65614,
      5,
      "0123334444444444555",
      1,
      1,
      4096
    ],
    [
      32846,
      5,
      "0123334444444445555",
      16,
      15,
      2048
    ],
    [
      16462,
      5,
      "0123334444444455555",
      8,
      7,
      1024
    ],
    [
      8270,
      5,
      "0123334444444555555",
      16,
      13,
      512
    ],
    [
      4174,
      5,
      "0123334444445555555",
      25,
      19,
      32768
    ],
    [
      266318,
      6,
      "0123334444445555556",
      4,
      3,
      256
    ],
    [
      2126,
      5,
      "0123334444455555555",
      25,
      19,
      32768
    ],
    [
      264270,
      6,
      "0123334444455555556",
      25,
      18,
      16384
    ],
    [
      133198,
      6,
      "0123334444455555566",
      16,
      11,
      128
    ],
    [
      1102,
      5,
      "0123334444555555555",
      25,
      19,
      32768
    ],
    [
      263246,
      6,
      "0123334444555555556",
      25,
      18,
      16384
    ],
    [
      132174,
      6,
      "0123334444555555566",
      25,
      17,
      8192
    ],
    [
      66638,
      6,
      "0123334444555555666",
      3,
      2,
      4
    ],
    [
      590,
      5,
      "0123334445555555555",
      25,
      19,
      32768
    ],
    [
      262734,
      6,
      "0123334445555555556",
      25,
      18,
      16384
    ],
    [
      131662,
      6,
      "0123334445555555566",
      25,
      17,
      8192
    ],
    [
      66126,
      6,
      "0123334445555555666",
      3,
      2,
      4
    ],
    [
      33358,
      6,
      "0123334445555556666",
      3,
      2,
      4
    ],
    [
      46,
      4,
      "0123344444444444444",
      16,
      19,
      32768
    ],
    [
      262190,
      5,
      "0123344444444444445",
      8,
      9,
      16384
    ],
    [
      131118,
      5,
      "0123344444444444455",
      16,
      17,
      8192
    ],
    [
      65582,
      5,
      "0123344444444444555",
      1,
      1,
      4096
    ],
    [
      32814,
      5,
      "0123344444444445555",
      16,
      15,
      2048
    ],
    [
      16430,
      5,
      "0123344444444455555",
      8,
      7,
      1024
    ],
    [
      8238,
      5,
      "0123344444444555555",
      16,
      13,
      512
    ],
    [
      270382,
      6,
      "0123344444444555556",
      16,
      13,
      512
    ],
    [
      4142,
      5,
      "0123344444445555555",
      25,
      19,
      32768
    ],
    [
      266286,
      6,
      "0123344444445555556",
      4,
      3,
      256
    ],
    [
      135214,
      6,
      "0123344444445555566",
      4,
      3,
      256
    ],
    [
      2094,
      5,
      "0123344444455555555",
      25,
      19,
      32768
    ],
    [
      264238,
      6,
      "0123344444455555556",
      25,
      18,
      16384
    ],
    [
      133166,
      6,
      "0123344444455555566",
      16,
      11,
      128
    ],
    [
      67630,
      6,
      "0123344444455555666",
      16,
      11,
      128
    ],
    [
      1070,
      5,
      "0123344444555555555",
      25,
      19,
      32768
    ],
    [
      263214,
      6,
      "0123344444555555556",
      25,
      18,
      16384
    ],
    [
      132142,
      6,
      "0123344444555555566",
      25,
      17,
      8192
    ],
    [
      66606,
      6,
      "0123344444555555666",
      25,
      16,
      4096
    ],
    [
      33838,
      6,
      "0123344444555556666",
      8,
      5,
      64
    ],
    [
      558,
      5,
      "0123344445555555555",
      25,
      19,
      32768
    ],
    [
      262702,
      6,
      "0123344445555555556",
      25,
      18,
      16384
    ],
    [
      131630,
      6,
      "0123344445555555566",
      25,
      17,
      8192
    ],
    [
      66094,
      6,
      "0123344445555555666",
      25,
      16,
      4096
    ],
    [
      33326,
      6,
      "0123344445555556666",
      5,
      3,
      2048
    ],
    [
      16942,
      6,
      "0123344445555566666",
      16,
      9,
      32
    ],
    [
      302,
      5,
      "0123344455555555555",
      25,
      19,
      32768
    ],
    [
      262446,
      6,
      "0123344455555555556",
      25,
      18,
      16384
    ],
    [
      131374,
      6,
      "0123344455555555566",
      25,
      17,
      8192
    ],
    [
      65838,
      6,
      "0123344455555555666",
      25,
      16,
      4096
    ],
    [
      33070,
      6,
      "0123344455555556666",
      5,
      3,
      2048
    ],
    [
      16686,
      6,
      "0123344455555566666",
      25,
      14,
      1024
    ],
    [
      8494,
      6,
      "0123344455555666666",
      9,
      5,
      2
    ],
    [
      1,
      1,
      "1111111111111111111",
      1,
      19,
      32768
    ],
    [
      262145,
      2,
      "1111111111111111112",
      1,
      18,
      16384
    ],
    [
      131073,
      2,
      "1111111111111111122",
      1,
      17,
      8192
    ],
    [
      393217,
      3,
      "1111111111111111123",
      1,
      17,
      8192
    ],
    [
      65537,
      2,
      "1111111111111111222",
      1,
      16,
      4096
    ],
    [
      327681,
      3,
      "1111111111111111223",
      1,
      16,
      4096
    ],
    [
      196609,
      3,
      "1111111111111111233",
      1,
      16,
      4096
    ],
    [
      458753,
      4,
      "1111111111111111234",
      1,
      16,
      4096
    ],
    [
      32769,
      2,
      "1111111111111112222",
      1,
      15,
      2048
    ],
    [
      294913,
      3,
      "1111111111111112223",
      1,
      15,
      2048
    ],
    [
      163841,
      3,
      "1111111111111112233",
      1,
      15,
      2048
    ],
    [
      425985,
      4,
      "1111111111111112234",
      1,
      15,
      2048
    ],
    [
      98305,
      3,
      "1111111111111112333",
      1,
      15,
      2048
    ],
    [
      360449,
      4,
      "1111111111111112334",
      1,
      15,
      2048
    ],
    [
      229377,
      4,
      "1111111111111112344",
      1,
      15,
      2048
    ],
    [
      16385,
      2,
      "1111111111111122222",
      1,
      14,
      1024
    ],
    [
      278529,
      3,
      "1111111111111122223",
      1,
      14,
      1024
    ],
    [
      147457,
      3,
      "1111111111111122233",
      1,
      14,
      1024
    ],
    [
      409601,
      4,
      "1111111111111122234",
      1,
      14,
      1024
    ],
    [
      81921,
      3,
      "1111111111111122333",
      1,
      14,
      1024
    ],
    [
      344065,
      4,
      "1111111111111122334",
      1,
      14,
      1024
    ],
    [
      212993,
      4,
      "1111111111111122344",
      1,
      14,
      1024
    ],
    [
      475137,
      5,
      "1111111111111122345",
      1,
      14,
      1024
    ],
    [
      49153,
      3,
      "1111111111111123333",
      1,
      14,
      1024
    ],
    [
      311297,
      4,
      "1111111111111123334",
      1,
      14,
      1024
    ],
    [
      180225,
      4,
      "1111111111111123344",
      1,
      14,
      1024
    ],
    [
      114689,
      4,
      "1111111111111123444",
      1,
      14,
      1024
    ],
    [
      376833,
      5,
      "1111111111111123445",
      1,
      14,
      1024
    ],
    [
      8193,
      2,
      "1111111111111222222",
      1,
      13,
      512
    ],
    [
      270337,
      3,
      "1111111111111222223",
      1,
      13,
      512
    ],
    [
      139265,
      3,
      "1111111111111222233",
      1,
      13,
      512
    ],
    [
      401409,
      4,
      "1111111111111222234",
      1,
      13,
      512
    ],
    [
      73729,
      3,
      "1111111111111222333",
      1,
      13,
      512
    ],
    [
      335873,
      4,
      "1111111111111222334",
      1,
      13,
      512
    ],
    [
      204801,
      4,
      "1111111111111222344",
      1,
      13,
      512
    ],
    [
      466945,
      5,
      "1111111111111222345",
      1,
      13,
      512
    ],
    [
      40961,
      3,
      "1111111111111223333",
      1,
      13,
      512
    ],
    [
      303105,
      4,
      "1111111111111223334",
      1,
      13,
      512
    ],
    [
      172033,
      4,
      "1111111111111223344",
      1,
      13,
      512
    ],
    [
      434177,
      5,
      "1111111111111223345",
      1,
      13,
      512
    ],
    [
      106497,
      4,
      "1111111111111223444",
      1,
      13,
      512
    ],
    [
      237569,
      5,
      "1111111111111223455",
      1,
      13,
      512
    ],
    [
      24577,
      3,
      "1111111111111233333",
      1,
      13,
      512
    ],
    [
      286721,
      4,
      "1111111111111233334",
      1,
      13,
      512
    ],
    [
      155649,
      4,
      "1111111111111233344",
      1,
      13,
      512
    ],
    [
      90113,
      4,
      "1111111111111233444",
      1,
      13,
      512
    ],
    [
      352257,
      5,
      "1111111111111233445",
      1,
      13,
      512
    ],
    [
      57345,
      4,
      "1111111111111234444",
      1,
      13,
      512
    ],
    [
      319489,
      5,
      "1111111111111234445",
      1,
      13,
      512
    ],
    [
      188417,
      5,
      "1111111111111234455",
      1,
      13,
      512
    ],
    [
      4097,
      2,
      "1111111111112222222",
      1,
      12,
      256
    ],
    [
      266241,
      3,
      "1111111111112222223",
      1,
      12,
      256
    ],
    [
      135169,
      3,
      "1111111111112222233",
      1,
      12,
      256
    ],
    [
      397313,
      4,
      "1111111111112222234",
      1,
      12,
      256
    ],
    [
      69633,
      3,
      "1111111111112222333",
      1,
      12,
      256
    ],
    [
      331777,
      4,
      "1111111111112222334",
      1,
      12,
      256
    ],
    [
      200705,
      4,
      "1111111111112222344",
      1,
      12,
      256
    ],
    [
      462849,
      5,
      "1111111111112222345",
      1,
      12,
      256
    ],
    [
      36865,
      3,
      "1111111111112223333",
      1,
      12,
      256
    ],
    [
      299009,
      4,
      "1111111111112223334",
      1,
      12,
      256
    ],
    [
      167937,
      4,
      "1111111111112223344",
      1,
      12,
      256
    ],
    [
      430081,
      5,
      "1111111111112223345",
      1,
      12,
      256
    ],
    [
      102401,
      4,
      "1111111111112223444",
      1,
      12,
      256
    ],
    [
      364545,
      5,
      "1111111111112223445",
      1,
      12,
      256
    ],
    [
      233473,
      5,
      "1111111111112223455",
      1,
      12,
      256
    ],
    [
      20481,
      3,
      "1111111111112233333",
      1,
      12,
      256
    ],
    [
      282625,
      4,
      "1111111111112233334",
      1,
      12,
      256
    ],
    [
      151553,
      4,
      "1111111111112233344",
      1,
      12,
      256
    ],
    [
      413697,
      5,
      "1111111111112233345",
      1,
      12,
      256
    ],
    [
      86017,
      4,
      "1111111111112233444",
      1,
      12,
      256
    ],
    [
      217089,
      5,
      "1111111111112233455",
      1,
      12,
      256
    ],
    [
      53249,
      4,
      "1111111111112234444",
      1,
      12,
      256
    ],
    [
      315393,
      5,
      "1111111111112234445",
      1,
      12,
      256
    ],
    [
      118785,
      5,
      "1111111111112234555",
      1,
      12,
      256
    ],
    [
      12289,
      3,
      "1111111111112333333",
      1,
      12,
      256
    ],
    [
      274433,
      4,
      "1111111111112333334",
      1,
      12,
      256
    ],
    [
      143361,
      4,
      "1111111111112333344",
      1,
      12,
      256
    ],
    [
      77825,
      4,
      "1111111111112333444",
      1,
      12,
      256
    ],
    [
      339969,
      5,
      "1111111111112333445",
      1,
      12,
      256
    ],
    [
      45057,
      4,
      "1111111111112334444",
      1,
      12,
      256
    ],
    [
      307201,
      5,
      "1111111111112334445",
      1,
      12,
      256
    ],
    [
      176129,
      5,
      "1111111111112334455",
      1,
      12,
      256
    ],
    [
      28673,
      4,
      "1111111111112344444",
      1,
      12,
      256
    ],
    [
      290817,
      5,
      "1111111111112344445",
      1,
      12,
      256
    ],
    [
      159745,
      5,
      "1111111111112344455",
      1,
      12,
      256
    ],
    [
      94209,
      5,
      "1111111111112344555",
      1,
      12,
      256
    ],
    [
      2049,
      2,
      "1111111111122222222",
      1,
      11,
      128
    ],
    [
      264193,
      3,
      "1111111111122222223",
      1,
      11,
      128
    ],
    [
      133121,
      3,
      "1111111111122222233",
      1,
      11,
      128
    ],
    [
      395265,
      4,
      "1111111111122222234",
      1,
      11,
      128
    ],
    [
      67585,
      3,
      "1111111111122222333",
      1,
      11,
      128
    ],
    [
      329729,
      4,
      "1111111111122222334",
      1,
      11,
      128
    ],
    [
      198657,
      4,
      "1111111111122222344",
      1,
      11,
      128
    ],
    [
      460801,
      5,
      "1111111111122222345",
      1,
      11,
      128
    ],
    [
      34817,
      3,
      "1111111111122223333",
      1,
      11,
      128
    ],
    [
      296961,
      4,
      "1111111111122223334",
      1,
      11,
      128
    ],
    [
      165889,
      4,
      "1111111111122223344",
      1,
      11,
      128
    ],
    [
      428033,
      5,
      "1111111111122223345",
      1,
      11,
      128
    ],
    [
      100353,
      4,
      "1111111111122223444",
      1,
      11,
      128
    ],
    [
      362497,
      5,
      "1111111111122223445",
      1,
      11,
      128
    ],
    [
      231425,
      5,
      "1111111111122223455",
      1,
      11,
      128
    ],
    [
      18433,
      3,
      "1111111111122233333",
      1,
      11,
      128
    ],
    [
      280577,
      4,
      "1111111111122233334",
      1,
      11,
      128
    ],
    [
      149505,
      4,
      "1111111111122233344",
      1,
      11,
      128
    ],
    [
      411649,
      5,
      "1111111111122233345",
      1,
      11,
      128
    ],
    [
      83969,
      4,
      "1111111111122233444",
      1,
      11,
      128
    ],
    [
      346113,
      5,
      "1111111111122233445",
      1,
      11,
      128
    ],
    [
      215041,
      5,
      "1111111111122233455",
      1,
      11,
      128
    ],
    [
      477185,
      6,
      "1111111111122233456",
      1,
      11,
      128
    ],
    [
      51201,
      4,
      "1111111111122234444",
      1,
      11,
      128
    ],
    [
      182273,
      5,
      "1111111111122234455",
      1,
      11,
      128
    ],
    [
      116737,
      5,
      "1111111111122234555",
      1,
      11,
      128
    ],
    [
      10241,
      3,
      "1111111111122333333",
      1,
      11,
      128
    ],
    [
      272385,
      4,
      "1111111111122333334",
      1,
      11,
      128
    ],
    [
      141313,
      4,
      "1111111111122333344",
      1,
      11,
      128
    ],
    [
      403457,
      5,
      "1111111111122333345",
      1,
      11,
      128
    ],
    [
      75777,
      4,
      "1111111111122333444",
      1,
      11,
      128
    ],
    [
      206849,
      5,
      "1111111111122333455",
      1,
      11,
      128
    ],
    [
      43009,
      4,
      "1111111111122334444",
      1,
      11,
      128
    ],
    [
      305153,
      5,
      "1111111111122334445",
      1,
      11,
      128
    ],
    [
      108545,
      5,
      "1111111111122334555",
      1,
      11,
      128
    ],
    [
      26625,
      4,
      "1111111111122344444",
      1,
      11,
      128
    ],
    [
      288769,
      5,
      "1111111111122344445",
      1,
      11,
      128
    ],
    [
      157697,
      5,
      "1111111111122344455",
      1,
      11,
      128
    ],
    [
      59393,
      5,
      "1111111111122345555",
      1,
      11,
      128
    ],
    [
      6145,
      3,
      "1111111111123333333",
      1,
      11,
      128
    ],
    [
      268289,
      4,
      "1111111111123333334",
      1,
      11,
      128
    ],
    [
      137217,
      4,
      "1111111111123333344",
      1,
      11,
      128
    ],
    [
      71681,
      4,
      "1111111111123333444",
      1,
      11,
      128
    ],
    [
      333825,
      5,
      "1111111111123333445",
      1,
      11,
      128
    ],
    [
      38913,
      4,
      "1111111111123334444",
      1,
      11,
      128
    ],
    [
      301057,
      5,
      "1111111111123334445",
      1,
      11,
      128
    ],
    [
      169985,
      5,
      "1111111111123334455",
      1,
      11,
      128
    ],
    [
      22529,
      4,
      "1111111111123344444",
      1,
      11,
      128
    ],
    [
      284673,
      5,
      "1111111111123344445",
      1,
      11,
      128
    ],
    [
      153601,
      5,
      "1111111111123344455",
      1,
      11,
      128
    ],
    [
      88065,
      5,
      "1111111111123344555",
      1,
      11,
      128
    ],
    [
      14337,
      4,
      "1111111111123444444",
      1,
      11,
      128
    ],
    [
      276481,
      5,
      "1111111111123444445",
      1,
      11,
      128
    ],
    [
      145409,
      5,
      "1111111111123444455",
      1,
      11,
      128
    ],
    [
      79873,
      5,
      "1111111111123444555",
      1,
      11,
      128
    ],
    [
      47105,
      5,
      "1111111111123445555",
      1,
      11,
      128
    ],
    [
      309249,
      6,
      "1111111111123445556",
      1,
      11,
      128
    ],
    [
      1025,
      2,
      "1111111111222222222",
      1,
      10,
      64
    ],
    [
      263169,
      3,
      "1111111111222222223",
      1,
      10,
      64
    ],
    [
      132097,
      3,
      "1111111111222222233",
      1,
      10,
      64
    ],
    [
      394241,
      4,
      "1111111111222222234",
      1,
      10,
      64
    ],
    [
      66561,
      3,
      "1111111111222222333",
      1,
      10,
      64
    ],
    [
      328705,
      4,
      "1111111111222222334",
      1,
      10,
      64
    ],
    [
      197633,
      4,
      "1111111111222222344",
      1,
      10,
      64
    ],
    [
      459777,
      5,
      "1111111111222222345",
      1,
      10,
      64
    ],
    [
      33793,
      3,
      "1111111111222223333",
      1,
      10,
      64
    ],
    [
      295937,
      4,
      "1111111111222223334",
      1,
      10,
      64
    ],
    [
      164865,
      4,
      "1111111111222223344",
      1,
      10,
      64
    ],
    [
      427009,
      5,
      "1111111111222223345",
      1,
      10,
      64
    ],
    [
      99329,
      4,
      "1111111111222223444",
      1,
      10,
      64
    ],
    [
      361473,
      5,
      "1111111111222223445",
      1,
      10,
      64
    ],
    [
      230401,
      5,
      "1111111111222223455",
      1,
      10,
      64
    ],
    [
      17409,
      3,
      "1111111111222233333",
      1,
      10,
      64
    ],
    [
      279553,
      4,
      "1111111111222233334",
      1,
      10,
      64
    ],
    [
      148481,
      4,
      "1111111111222233344",
      1,
      10,
      64
    ],
    [
      410625,
      5,
      "1111111111222233345",
      1,
      10,
      64
    ],
    [
      82945,
      4,
      "1111111111222233444",
      1,
      10,
      64
    ],
    [
      345089,
      5,
      "1111111111222233445",
      1,
      10,
      64
    ],
    [
      214017,
      5,
      "1111111111222233455",
      1,
      10,
      64
    ],
    [
      476161,
      6,
      "1111111111222233456",
      1,
      10,
      64
    ],
    [
      50177,
      4,
      "1111111111222234444",
      1,
      10,
      64
    ],
    [
      312321,
      5,
      "1111111111222234445",
      1,
      10,
      64
    ],
    [
      181249,
      5,
      "1111111111222234455",
      1,
      10,
      64
    ],
    [
      115713,
      5,
      "1111111111222234555",
      1,
      10,
      64
    ],
    [
      377857,
      6,
      "1111111111222234556",
      1,
      10,
      64
    ],
    [
      9217,
      3,
      "1111111111222333333",
      1,
      10,
      64
    ],
    [
      271361,
      4,
      "1111111111222333334",
      1,
      10,
      64
    ],
    [
      140289,
      4,
      "1111111111222333344",
      1,
      10,
      64
    ],
    [
      402433,
      5,
      "1111111111222333345",
      1,
      10,
      64
    ],
    [
      74753,
      4,
      "1111111111222333444",
      1,
      10,
      64
    ],
    [
      336897,
      5,
      "1111111111222333445",
      1,
      10,
      64
    ],
    [
      205825,
      5,
      "1111111111222333455",
      1,
      10,
      64
    ],
    [
      467969,
      6,
      "1111111111222333456",
      1,
      10,
      64
    ],
    [
      41985,
      4,
      "1111111111222334444",
      1,
      10,
      64
    ],
    [
      173057,
      5,
      "1111111111222334455",
      1,
      10,
      64
    ],
    [
      107521,
      5,
      "1111111111222334555",
      1,
      10,
      64
    ],
    [
      238593,
      6,
      "1111111111222334566",
      1,
      10,
      64
    ],
    [
      25601,
      4,
      "1111111111222344444",
      1,
      10,
      64
    ],
    [
      287745,
      5,
      "1111111111222344445",
      1,
      10,
      64
    ],
    [
      91137,
      5,
      "1111111111222344555",
      1,
      10,
      64
    ],
    [
      353281,
      6,
      "1111111111222344556",
      1,
      10,
      64
    ],
    [
      58369,
      5,
      "1111111111222345555",
      1,
      10,
      64
    ],
    [
      5121,
      3,
      "1111111111223333333",
      1,
      10,
      64
    ],
    [
      267265,
      4,
      "1111111111223333334",
      1,
      10,
      64
    ],
    [
      136193,
      4,
      "1111111111223333344",
      1,
      10,
      64
    ],
    [
      398337,
      5,
      "1111111111223333345",
      1,
      10,
      64
    ],
    [
      70657,
      4,
      "1111111111223333444",
      1,
      10,
      64
    ],
    [
      201729,
      5,
      "1111111111223333455",
      1,
      10,
      64
    ],
    [
      37889,
      4,
      "1111111111223334444",
      1,
      10,
      64
    ],
    [
      300033,
      5,
      "1111111111223334445",
      1,
      10,
      64
    ],
    [
      103425,
      5,
      "1111111111223334555",
      1,
      10,
      64
    ],
    [
      21505,
      4,
      "1111111111223344444",
      1,
      10,
      64
    ],
    [
      283649,
      5,
      "1111111111223344445",
      1,
      10,
      64
    ],
    [
      152577,
      5,
      "1111111111223344455",
      1,
      10,
      64
    ],
    [
      414721,
      6,
      "1111111111223344456",
      1,
      10,
      64
    ],
    [
      54273,
      5,
      "1111111111223345555",
      1,
      10,
      64
    ],
    [
      316417,
      6,
      "1111111111223345556",
      1,
      10,
      64
    ],
    [
      13313,
      4,
      "1111111111223444444",
      1,
      10,
      64
    ],
    [
      275457,
      5,
      "1111111111223444445",
      1,
      10,
      64
    ],
    [
      144385,
      5,
      "1111111111223444455",
      1,
      10,
      64
    ],
    [
      78849,
      5,
      "1111111111223444555",
      1,
      10,
      64
    ],
    [
      29697,
      5,
      "1111111111223455555",
      1,
      10,
      64
    ],
    [
      291841,
      6,
      "1111111111223455556",
      1,
      10,
      64
    ],
    [
      3073,
      3,
      "1111111111233333333",
      1,
      10,
      64
    ],
    [
      265217,
      4,
      "1111111111233333334",
      1,
      10,
      64
    ],
    [
      134145,
      4,
      "1111111111233333344",
      1,
      10,
      64
    ],
    [
      68609,
      4,
      "1111111111233333444",
      1,
      10,
      64
    ],
    [
      330753,
      5,
      "1111111111233333445",
      1,
      10,
      64
    ],
    [
      35841,
      4,
      "1111111111233334444",
      1,
      10,
      64
    ],
    [
      297985,
      5,
      "1111111111233334445",
      1,
      10,
      64
    ],
    [
      166913,
      5,
      "1111111111233334455",
      1,
      10,
      64
    ],
    [
      19457,
      4,
      "1111111111233344444",
      1,
      10,
      64
    ],
    [
      281601,
      5,
      "1111111111233344445",
      1,
      10,
      64
    ],
    [
      150529,
      5,
      "1111111111233344455",
      1,
      10,
      64
    ],
    [
      84993,
      5,
      "1111111111233344555",
      1,
      10,
      64
    ],
    [
      347137,
      6,
      "1111111111233344556",
      1,
      10,
      64
    ],
    [
      11265,
      4,
      "1111111111233444444",
      1,
      10,
      64
    ],
    [
      273409,
      5,
      "1111111111233444445",
      1,
      10,
      64
    ],
    [
      142337,
      5,
      "1111111111233444455",
      1,
      10,
      64
    ],
    [
      76801,
      5,
      "1111111111233444555",
      1,
      10,
      64
    ],
    [
      44033,
      5,
      "1111111111233445555",
      1,
      10,
      64
    ],
    [
      7169,
      4,
      "1111111111234444444",
      1,
      10,
      64
    ],
    [
      269313,
      5,
      "1111111111234444445",
      1,
      10,
      64
    ],
    [
      138241,
      5,
      "1111111111234444455",
      1,
      10,
      64
    ],
    [
      72705,
      5,
      "1111111111234444555",
      1,
      10,
      64
    ],
    [
      39937,
      5,
      "1111111111234445555",
      1,
      10,
      64
    ],
    [
      302081,
      6,
      "1111111111234445556",
      1,
      10,
      64
    ],
    [
      23553,
      5,
      "1111111111234455555",
      1,
      10,
      64
    ],
    [
      285697,
      6,
      "1111111111234455556",
      1,
      10,
      64
    ],
    [
      154625,
      6,
      "1111111111234455566",
      1,
      10,
      64
    ],
    [
      513,
      2,
      "1111111112222222222",
      1,
      9,
      32
    ],
    [
      262657,
      3,
      "1111111112222222223",
      1,
      9,
      32
    ],
    [
      131585,
      3,
      "1111111112222222233",
      1,
      9,
      32
    ],
    [
      393729,
      4,
      "1111111112222222234",
      1,
      9,
      32
    ],
    [
      66049,
      3,
      "1111111112222222333",
      1,
      9,
      32
    ],
    [
      328193,
      4,
      "1111111112222222334",
      1,
      9,
      32
    ],
    [
      197121,
      4,
      "1111111112222222344",
      1,
      9,
      32
    ],
    [
      459265,
      5,
      "1111111112222222345",
      1,
      9,
      32
    ],
    [
      33281,
      3,
      "1111111112222223333",
      1,
      9,
      32
    ],
    [
      295425,
      4,
      "1111111112222223334",
      1,
      9,
      32
    ],
    [
      164353,
      4,
      "1111111112222223344",
      1,
      9,
      32
    ],
    [
      426497,
      5,
      "1111111112222223345",
      1,
      9,
      32
    ],
    [
      98817,
      4,
      "1111111112222223444",
      1,
      9,
      32
    ],
    [
      360961,
      5,
      "1111111112222223445",
      1,
      9,
      32
    ],
    [
      229889,
      5,
      "1111111112222223455",
      1,
      9,
      32
    ],
    [
      16897,
      3,
      "1111111112222233333",
      1,
      9,
      32
    ],
    [
      279041,
      4,
      "1111111112222233334",
      1,
      9,
      32
    ],
    [
      147969,
      4,
      "1111111112222233344",
      1,
      9,
      32
    ],
    [
      410113,
      5,
      "1111111112222233345",
      1,
      9,
      32
    ],
    [
      82433,
      4,
      "1111111112222233444",
      1,
      9,
      32
    ],
    [
      344577,
      5,
      "1111111112222233445",
      1,
      9,
      32
    ],
    [
      213505,
      5,
      "1111111112222233455",
      1,
      9,
      32
    ],
    [
      475649,
      6,
      "1111111112222233456",
      1,
      9,
      32
    ],
    [
      49665,
      4,
      "1111111112222234444",
      1,
      9,
      32
    ],
    [
      311809,
      5,
      "1111111112222234445",
      1,
      9,
      32
    ],
    [
      180737,
      5,
      "1111111112222234455",
      1,
      9,
      32
    ],
    [
      115201,
      5,
      "1111111112222234555",
      1,
      9,
      32
    ],
    [
      377345,
      6,
      "1111111112222234556",
      1,
      9,
      32
    ],
    [
      8705,
      3,
      "1111111112222333333",
      1,
      9,
      32
    ],
    [
      270849,
      4,
      "1111111112222333334",
      1,
      9,
      32
    ],
    [
      139777,
      4,
      "1111111112222333344",
      1,
      9,
      32
    ],
    [
      401921,
      5,
      "1111111112222333345",
      1,
      9,
      32
    ],
    [
      74241,
      4,
      "1111111112222333444",
      1,
      9,
      32
    ],
    [
      336385,
      5,
      "1111111112222333445",
      1,
      9,
      32
    ],
    [
      205313,
      5,
      "1111111112222333455",
      1,
      9,
      32
    ],
    [
      467457,
      6,
      "1111111112222333456",
      1,
      9,
      32
    ],
    [
      41473,
      4,
      "1111111112222334444",
      1,
      9,
      32
    ],
    [
      303617,
      5,
      "1111111112222334445",
      1,
      9,
      32
    ],
    [
      172545,
      5,
      "1111111112222334455",
      1,
      9,
      32
    ],
    [
      434689,
      6,
      "1111111112222334456",
      1,
      9,
      32
    ],
    [
      107009,
      5,
      "1111111112222334555",
      1,
      9,
      32
    ],
    [
      238081,
      6,
      "1111111112222334566",
      1,
      9,
      32
    ],
    [
      25089,
      4,
      "1111111112222344444",
      1,
      9,
      32
    ],
    [
      156161,
      5,
      "1111111112222344455",
      1,
      9,
      32
    ],
    [
      90625,
      5,
      "1111111112222344555",
      1,
      9,
      32
    ],
    [
      57857,
      5,
      "1111111112222345555",
      1,
      9,
      32
    ],
    [
      188929,
      6,
      "1111111112222345566",
      1,
      9,
      32
    ],
    [
      4609,
      3,
      "1111111112223333333",
      1,
      9,
      32
    ],
    [
      266753,
      4,
      "1111111112223333334",
      1,
      9,
      32
    ],
    [
      135681,
      4,
      "1111111112223333344",
      1,
      9,
      32
    ],
    [
      397825,
      5,
      "1111111112223333345",
      1,
      9,
      32
    ],
    [
      70145,
      4,
      "1111111112223333444",
      1,
      9,
      32
    ],
    [
      332289,
      5,
      "1111111112223333445",
      1,
      9,
      32
    ],
    [
      201217,
      5,
      "1111111112223333455",
      1,
      9,
      32
    ],
    [
      463361,
      6,
      "1111111112223333456",
      1,
      9,
      32
    ],
    [
      37377,
      4,
      "1111111112223334444",
      1,
      9,
      32
    ],
    [
      168449,
      5,
      "1111111112223334455",
      1,
      9,
      32
    ],
    [
      102913,
      5,
      "1111111112223334555",
      1,
      9,
      32
    ],
    [
      233985,
      6,
      "1111111112223334566",
      1,
      9,
      32
    ],
    [
      20993,
      4,
      "1111111112223344444",
      1,
      9,
      32
    ],
    [
      283137,
      5,
      "1111111112223344445",
      1,
      9,
      32
    ],
    [
      86529,
      5,
      "1111111112223344555",
      1,
      9,
      32
    ],
    [
      53761,
      5,
      "1111111112223345555",
      1,
      9,
      32
    ],
    [
      119297,
      6,
      "1111111112223345666",
      1,
      9,
      32
    ],
    [
      12801,
      4,
      "1111111112223444444",
      1,
      9,
      32
    ],
    [
      274945,
      5,
      "1111111112223444445",
      1,
      9,
      32
    ],
    [
      143873,
      5,
      "1111111112223444455",
      1,
      9,
      32
    ],
    [
      45569,
      5,
      "1111111112223445555",
      1,
      9,
      32
    ],
    [
      176641,
      6,
      "1111111112223445566",
      1,
      9,
      32
    ],
    [
      29185,
      5,
      "1111111112223455555",
      1,
      9,
      32
    ],
    [
      2561,
      3,
      "1111111112233333333",
      1,
      9,
      32
    ],
    [
      264705,
      4,
      "1111111112233333334",
      1,
      9,
      32
    ],
    [
      133633,
      4,
      "1111111112233333344",
      1,
      9,
      32
    ],
    [
      395777,
      5,
      "1111111112233333345",
      1,
      9,
      32
    ],
    [
      68097,
      4,
      "1111111112233333444",
      1,
      9,
      32
    ],
    [
      199169,
      5,
      "1111111112233333455",
      1,
      9,
      32
    ],
    [
      35329,
      4,
      "1111111112233334444",
      1,
      9,
      32
    ],
    [
      297473,
      5,
      "1111111112233334445",
      1,
      9,
      32
    ],
    [
      100865,
      5,
      "1111111112233334555",
      1,
      9,
      32
    ],
    [
      18945,
      4,
      "1111111112233344444",
      1,
      9,
      32
    ],
    [
      281089,
      5,
      "1111111112233344445",
      1,
      9,
      32
    ],
    [
      150017,
      5,
      "1111111112233344455",
      1,
      9,
      32
    ],
    [
      412161,
      6,
      "1111111112233344456",
      1,
      9,
      32
    ],
    [
      51713,
      5,
      "1111111112233345555",
      1,
      9,
      32
    ],
    [
      10753,
      4,
      "1111111112233444444",
      1,
      9,
      32
    ],
    [
      272897,
      5,
      "1111111112233444445",
      1,
      9,
      32
    ],
    [
      141825,
      5,
      "1111111112233444455",
      1,
      9,
      32
    ],
    [
      403969,
      6,
      "1111111112233444456",
      1,
      9,
      32
    ],
    [
      76289,
      5,
      "1111111112233444555",
      1,
      9,
      32
    ],
    [
      207361,
      6,
      "1111111112233444566",
      1,
      9,
      32
    ],
    [
      27137,
      5,
      "1111111112233455555",
      1,
      9,
      32
    ],
    [
      158209,
      6,
      "1111111112233455566",
      1,
      9,
      32
    ],
    [
      6657,
      4,
      "1111111112234444444",
      1,
      9,
      32
    ],
    [
      268801,
      5,
      "1111111112234444445",
      1,
      9,
      32
    ],
    [
      137729,
      5,
      "1111111112234444455",
      1,
      9,
      32
    ],
    [
      72193,
      5,
      "1111111112234444555",
      1,
      9,
      32
    ],
    [
      39425,
      5,
      "1111111112234445555",
      1,
      9,
      32
    ],
    [
      14849,
      5,
      "1111111112234555555",
      1,
      9,
      32
    ],
    [
      276993,
      6,
      "1111111112234555556",
      1,
      9,
      32
    ],
    [
      145921,
      6,
      "1111111112234555566",
      1,
      9,
      32
    ],
    [
      1537,
      3,
      "1111111112333333333",
      1,
      9,
      32
    ],
    [
      263681,
      4,
      "1111111112333333334",
      1,
      9,
      32
    ],
    [
      132609,
      4,
      "1111111112333333344",
      1,
      9,
      32
    ],
    [
      67073,
      4,
      "1111111112333333444",
      1,
      9,
      32
    ],
    [
      329217,
      5,
      "1111111112333333445",
      1,
      9,
      32
    ],
    [
      34305,
      4,
      "1111111112333334444",
      1,
      9,
      32
    ],
    [
      296449,
      5,
      "1111111112333334445",
      1,
      9,
      32
    ],
    [
      165377,
      5,
      "1111111112333334455",
      1,
      9,
      32
    ],
    [
      17921,
      4,
      "1111111112333344444",
      1,
      9,
      32
    ],
    [
      280065,
      5,
      "1111111112333344445",
      1,
      9,
      32
    ],
    [
      148993,
      5,
      "1111111112333344455",
      1,
      9,
      32
    ],
    [
      83457,
      5,
      "1111111112333344555",
      1,
      9,
      32
    ],
    [
      345601,
      6,
      "1111111112333344556",
      1,
      9,
      32
    ],
    [
      9729,
      4,
      "1111111112333444444",
      1,
      9,
      32
    ],
    [
      271873,
      5,
      "1111111112333444445",
      1,
      9,
      32
    ],
    [
      140801,
      5,
      "1111111112333444455",
      1,
      9,
      32
    ],
    [
      75265,
      5,
      "1111111112333444555",
      1,
      9,
      32
    ],
    [
      337409,
      6,
      "1111111112333444556",
      1,
      9,
      32
    ],
    [
      42497,
      5,
      "1111111112333445555",
      1,
      9,
      32
    ],
    [
      173569,
      6,
      "1111111112333445566",
      1,
      9,
      32
    ],
    [
      5633,
      4,
      "1111111112334444444",
      1,
      9,
      32
    ],
    [
      267777,
      5,
      "1111111112334444445",
      1,
      9,
      32
    ],
    [
      136705,
      5,
      "1111111112334444455",
      1,
      9,
      32
    ],
    [
      71169,
      5,
      "1111111112334444555",
      1,
      9,
      32
    ],
    [
      38401,
      5,
      "1111111112334445555",
      1,
      9,
      32
    ],
    [
      22017,
      5,
      "1111111112334455555",
      1,
      9,
      32
    ],
    [
      284161,
      6,
      "1111111112334455556",
      1,
      9,
      32
    ],
    [
      3585,
      4,
      "1111111112344444444",
      1,
      9,
      32
    ],
    [
      265729,
      5,
      "1111111112344444445",
      1,
      9,
      32
    ],
    [
      134657,
      5,
      "1111111112344444455",
      1,
      9,
      32
    ],
    [
      69121,
      5,
      "1111111112344444555",
      1,
      9,
      32
    ],
    [
      36353,
      5,
      "1111111112344445555",
      1,
      9,
      32
    ],
    [
      298497,
      6,
      "1111111112344445556",
      1,
      9,
      32
    ],
    [
      19969,
      5,
      "1111111112344455555",
      1,
      9,
      32
    ],
    [
      282113,
      6,
      "1111111112344455556",
      1,
      9,
      32
    ],
    [
      151041,
      6,
      "1111111112344455566",
      1,
      9,
      32
    ],
    [
      11777,
      5,
      "1111111112344555555",
      1,
      9,
      32
    ],
    [
      273921,
      6,
      "1111111112344555556",
      1,
      9,
      32
    ],
    [
      142849,
      6,
      "1111111112344555566",
      1,
      9,
      32
    ],
    [
      77313,
      6,
      "1111111112344555666",
      1,
      9,
      32
    ],
    [
      257,
      2,
      "1111111122222222222",
      1,
      8,
      16
    ],
    [
      262401,
      3,
      "1111111122222222223",
      1,
      8,
      16
    ],
    [
      131329,
      3,
      "1111111122222222233",
      1,
      8,
      16
    ],
    [
      393473,
      4,
      "1111111122222222234",
      1,
      8,
      16
    ],
    [
      65793,
      3,
      "1111111122222222333",
      1,
      8,
      16
    ],
    [
      327937,
      4,
      "1111111122222222334",
      1,
      8,
      16
    ],
    [
      196865,
      4,
      "1111111122222222344",
      1,
      8,
      16
    ],
    [
      459009,
      5,
      "1111111122222222345",
      1,
      8,
      16
    ],
    [
      33025,
      3,
      "1111111122222223333",
      1,
      8,
      16
    ],
    [
      295169,
      4,
      "1111111122222223334",
      1,
      8,
      16
    ],
    [
      164097,
      4,
      "1111111122222223344",
      1,
      8,
      16
    ],
    [
      426241,
      5,
      "1111111122222223345",
      1,
      8,
      16
    ],
    [
      98561,
      4,
      "1111111122222223444",
      1,
      8,
      16
    ],
    [
      360705,
      5,
      "1111111122222223445",
      1,
      8,
      16
    ],
    [
      229633,
      5,
      "1111111122222223455",
      1,
      8,
      16
    ],
    [
      16641,
      3,
      "1111111122222233333",
      1,
      8,
      16
    ],
    [
      278785,
      4,
      "1111111122222233334",
      1,
      8,
      16
    ],
    [
      147713,
      4,
      "1111111122222233344",
      1,
      8,
      16
    ],
    [
      409857,
      5,
      "1111111122222233345",
      1,
      8,
      16
    ],
    [
      82177,
      4,
      "1111111122222233444",
      1,
      8,
      16
    ],
    [
      344321,
      5,
      "1111111122222233445",
      1,
      8,
      16
    ],
    [
      213249,
      5,
      "1111111122222233455",
      1,
      8,
      16
    ],
    [
      475393,
      6,
      "1111111122222233456",
      1,
      8,
      16
    ],
    [
      49409,
      4,
      "1111111122222234444",
      1,
      8,
      16
    ],
    [
      311553,
      5,
      "1111111122222234445",
      1,
      8,
      16
    ],
    [
      180481,
      5,
      "1111111122222234455",
      1,
      8,
      16
    ],
    [
      114945,
      5,
      "1111111122222234555",
      1,
      8,
      16
    ],
    [
      377089,
      6,
      "1111111122222234556",
      1,
      8,
      16
    ],
    [
      8449,
      3,
      "1111111122222333333",
      1,
      8,
      16
    ],
    [
      270593,
      4,
      "1111111122222333334",
      1,
      8,
      16
    ],
    [
      139521,
      4,
      "1111111122222333344",
      1,
      8,
      16
    ],
    [
      401665,
      5,
      "1111111122222333345",
      1,
      8,
      16
    ],
    [
      73985,
      4,
      "1111111122222333444",
      1,
      8,
      16
    ],
    [
      336129,
      5,
      "1111111122222333445",
      1,
      8,
      16
    ],
    [
      205057,
      5,
      "1111111122222333455",
      1,
      8,
      16
    ],
    [
      467201,
      6,
      "1111111122222333456",
      1,
      8,
      16
    ],
    [
      41217,
      4,
      "1111111122222334444",
      1,
      8,
      16
    ],
    [
      303361,
      5,
      "1111111122222334445",
      1,
      8,
      16
    ],
    [
      172289,
      5,
      "1111111122222334455",
      1,
      8,
      16
    ],
    [
      434433,
      6,
      "1111111122222334456",
      1,
      8,
      16
    ],
    [
      106753,
      5,
      "1111111122222334555",
      1,
      8,
      16
    ],
    [
      237825,
      6,
      "1111111122222334566",
      1,
      8,
      16
    ],
    [
      24833,
      4,
      "1111111122222344444",
      1,
      8,
      16
    ],
    [
      286977,
      5,
      "1111111122222344445",
      1,
      8,
      16
    ],
    [
      155905,
      5,
      "1111111122222344455",
      1,
      8,
      16
    ],
    [
      90369,
      5,
      "1111111122222344555",
      1,
      8,
      16
    ],
    [
      352513,
      6,
      "1111111122222344556",
      1,
      8,
      16
    ],
    [
      57601,
      5,
      "1111111122222345555",
      1,
      8,
      16
    ],
    [
      319745,
      6,
      "1111111122222345556",
      1,
      8,
      16
    ],
    [
      188673,
      6,
      "1111111122222345566",
      1,
      8,
      16
    ],
    [
      4353,
      3,
      "1111111122223333333",
      1,
      8,
      16
    ],
    [
      266497,
      4,
      "1111111122223333334",
      1,
      8,
      16
    ],
    [
      135425,
      4,
      "1111111122223333344",
      1,
      8,
      16
    ],
    [
      397569,
      5,
      "1111111122223333345",
      1,
      8,
      16
    ],
    [
      69889,
      4,
      "1111111122223333444",
      1,
      8,
      16
    ],
    [
      332033,
      5,
      "1111111122223333445",
      1,
      8,
      16
    ],
    [
      200961,
      5,
      "1111111122223333455",
      1,
      8,
      16
    ],
    [
      463105,
      6,
      "1111111122223333456",
      1,
      8,
      16
    ],
    [
      37121,
      4,
      "1111111122223334444",
      1,
      8,
      16
    ],
    [
      299265,
      5,
      "1111111122223334445",
      1,
      8,
      16
    ],
    [
      168193,
      5,
      "1111111122223334455",
      1,
      8,
      16
    ],
    [
      430337,
      6,
      "1111111122223334456",
      1,
      8,
      16
    ],
    [
      102657,
      5,
      "1111111122223334555",
      1,
      8,
      16
    ],
    [
      364801,
      6,
      "1111111122223334556",
      1,
      8,
      16
    ],
    [
      233729,
      6,
      "1111111122223334566",
      1,
      8,
      16
    ],
    [
      20737,
      4,
      "1111111122223344444",
      1,
      8,
      16
    ],
    [
      151809,
      5,
      "1111111122223344455",
      1,
      8,
      16
    ],
    [
      86273,
      5,
      "1111111122223344555",
      1,
      8,
      16
    ],
    [
      217345,
      6,
      "1111111122223344566",
      1,
      8,
      16
    ],
    [
      53505,
      5,
      "1111111122223345555",
      1,
      8,
      16
    ],
    [
      119041,
      6,
      "1111111122223345666",
      1,
      8,
      16
    ],
    [
      12545,
      4,
      "1111111122223444444",
      1,
      8,
      16
    ],
    [
      274689,
      5,
      "1111111122223444445",
      1,
      8,
      16
    ],
    [
      78081,
      5,
      "1111111122223444555",
      1,
      8,
      16
    ],
    [
      340225,
      6,
      "1111111122223444556",
      1,
      8,
      16
    ],
    [
      45313,
      5,
      "1111111122223445555",
      1,
      8,
      16
    ],
    [
      307457,
      6,
      "1111111122223445556",
      1,
      8,
      16
    ],
    [
      28929,
      5,
      "1111111122223455555",
      1,
      8,
      16
    ],
    [
      94465,
      6,
      "1111111122223455666",
      1,
      8,
      16
    ],
    [
      2305,
      3,
      "1111111122233333333",
      1,
      8,
      16
    ],
    [
      264449,
      4,
      "1111111122233333334",
      1,
      8,
      16
    ],
    [
      133377,
      4,
      "1111111122233333344",
      1,
      8,
      16
    ],
    [
      395521,
      5,
      "1111111122233333345",
      1,
      8,
      16
    ],
    [
      67841,
      4,
      "1111111122233333444",
      1,
      8,
      16
    ],
    [
      329985,
      5,
      "1111111122233333445",
      1,
      8,
      16
    ],
    [
      198913,
      5,
      "1111111122233333455",
      1,
      8,
      16
    ],
    [
      461057,
      6,
      "1111111122233333456",
      1,
      8,
      16
    ],
    [
      35073,
      4,
      "1111111122233334444",
      1,
      8,
      16
    ],
    [
      166145,
      5,
      "1111111122233334455",
      1,
      8,
      16
    ],
    [
      100609,
      5,
      "1111111122233334555",
      1,
      8,
      16
    ],
    [
      231681,
      6,
      "1111111122233334566",
      1,
      8,
      16
    ],
    [
      18689,
      4,
      "1111111122233344444",
      1,
      8,
      16
    ],
    [
      280833,
      5,
      "1111111122233344445",
      1,
      8,
      16
    ],
    [
      84225,
      5,
      "1111111122233344555",
      1,
      8,
      16
    ],
    [
      346369,
      6,
      "1111111122233344556",
      1,
      8,
      16
    ],
    [
      51457,
      5,
      "1111111122233345555",
      1,
      8,
      16
    ],
    [
      116993,
      6,
      "1111111122233345666",
      1,
      8,
      16
    ],
    [
      10497,
      4,
      "1111111122233444444",
      1,
      8,
      16
    ],
    [
      272641,
      5,
      "1111111122233444445",
      1,
      8,
      16
    ],
    [
      141569,
      5,
      "1111111122233444455",
      1,
      8,
      16
    ],
    [
      403713,
      6,
      "1111111122233444456",
      1,
      8,
      16
    ],
    [
      43265,
      5,
      "1111111122233445555",
      1,
      8,
      16
    ],
    [
      26881,
      5,
      "1111111122233455555",
      1,
      8,
      16
    ],
    [
      289025,
      6,
      "1111111122233455556",
      1,
      8,
      16
    ],
    [
      59649,
      6,
      "1111111122233456666",
      1,
      8,
      16
    ],
    [
      6401,
      4,
      "1111111122234444444",
      1,
      8,
      16
    ],
    [
      268545,
      5,
      "1111111122234444445",
      1,
      8,
      16
    ],
    [
      137473,
      5,
      "1111111122234444455",
      1,
      8,
      16
    ],
    [
      71937,
      5,
      "1111111122234444555",
      1,
      8,
      16
    ],
    [
      334081,
      6,
      "1111111122234444556",
      1,
      8,
      16
    ],
    [
      22785,
      5,
      "1111111122234455555",
      1,
      8,
      16
    ],
    [
      88321,
      6,
      "1111111122234455666",
      1,
      8,
      16
    ],
    [
      14593,
      5,
      "1111111122234555555",
      1,
      8,
      16
    ],
    [
      276737,
      6,
      "1111111122234555556",
      1,
      8,
      16
    ],
    [
      1281,
      3,
      "1111111122333333333",
      1,
      8,
      16
    ],
    [
      132353,
      4,
      "1111111122333333344",
      1,
      8,
      16
    ],
    [
      66817,
      4,
      "1111111122333333444",
      1,
      8,
      16
    ],
    [
      197889,
      5,
      "1111111122333333455",
      1,
      8,
      16
    ],
    [
      34049,
      4,
      "1111111122333334444",
      1,
      8,
      16
    ],
    [
      99585,
      5,
      "1111111122333334555",
      1,
      8,
      16
    ],
    [
      17665,
      4,
      "1111111122333344444",
      1,
      8,
      16
    ],
    [
      148737,
      5,
      "1111111122333344455",
      1,
      8,
      16
    ],
    [
      50433,
      5,
      "1111111122333345555",
      1,
      8,
      16
    ],
    [
      9473,
      4,
      "1111111122333444444",
      1,
      8,
      16
    ],
    [
      140545,
      5,
      "1111111122333444455",
      1,
      8,
      16
    ],
    [
      75009,
      5,
      "1111111122333444555",
      1,
      8,
      16
    ],
    [
      206081,
      6,
      "1111111122333444566",
      1,
      8,
      16
    ],
    [
      25857,
      5,
      "1111111122333455555",
      1,
      8,
      16
    ],
    [
      5377,
      4,
      "1111111122334444444",
      1,
      8,
      16
    ],
    [
      136449,
      5,
      "1111111122334444455",
      1,
      8,
      16
    ],
    [
      70913,
      5,
      "1111111122334444555",
      1,
      8,
      16
    ],
    [
      201985,
      6,
      "1111111122334444566",
      1,
      8,
      16
    ],
    [
      38145,
      5,
      "1111111122334445555",
      1,
      8,
      16
    ],
    [
      103681,
      6,
      "1111111122334445666",
      1,
      8,
      16
    ],
    [
      13569,
      5,
      "1111111122334555555",
      1,
      8,
      16
    ],
    [
      79105,
      6,
      "1111111122334555666",
      1,
      8,
      16
    ],
    [
      3329,
      4,
      "1111111122344444444",
      1,
      8,
      16
    ],
    [
      134401,
      5,
      "1111111122344444455",
      1,
      8,
      16
    ],
    [
      68865,
      5,
      "1111111122344444555",
      1,
      8,
      16
    ],
    [
      36097,
      5,
      "1111111122344445555",
      1,
      8,
      16
    ],
    [
      19713,
      5,
      "1111111122344455555",
      1,
      8,
      16
    ],
    [
      7425,
      5,
      "1111111122345555555",
      1,
      8,
      16
    ],
    [
      138497,
      6,
      "1111111122345555566",
      1,
      8,
      16
    ],
    [
      72961,
      6,
      "1111111122345555666",
      1,
      8,
      16
    ],
    [
      769,
      3,
      "1111111123333333333",
      1,
      8,
      16
    ],
    [
      262913,
      4,
      "1111111123333333334",
      1,
      8,
      16
    ],
    [
      66305,
      4,
      "1111111123333333444",
      1,
      8,
      16
    ],
    [
      328449,
      5,
      "1111111123333333445",
      1,
      8,
      16
    ],
    [
      33537,
      4,
      "1111111123333334444",
      1,
      8,
      16
    ],
    [
      295681,
      5,
      "1111111123333334445",
      1,
      8,
      16
    ],
    [
      17153,
      4,
      "1111111123333344444",
      1,
      8,
      16
    ],
    [
      279297,
      5,
      "1111111123333344445",
      1,
      8,
      16
    ],
    [
      82689,
      5,
      "1111111123333344555",
      1,
      8,
      16
    ],
    [
      344833,
      6,
      "1111111123333344556",
      1,
      8,
      16
    ],
    [
      8961,
      4,
      "1111111123333444444",
      1,
      8,
      16
    ],
    [
      271105,
      5,
      "1111111123333444445",
      1,
      8,
      16
    ],
    [
      74497,
      5,
      "1111111123333444555",
      1,
      8,
      16
    ],
    [
      336641,
      6,
      "1111111123333444556",
      1,
      8,
      16
    ],
    [
      41729,
      5,
      "1111111123333445555",
      1,
      8,
      16
    ],
    [
      303873,
      6,
      "1111111123333445556",
      1,
      8,
      16
    ],
    [
      4865,
      4,
      "1111111123334444444",
      1,
      8,
      16
    ],
    [
      267009,
      5,
      "1111111123334444445",
      1,
      8,
      16
    ],
    [
      70401,
      5,
      "1111111123334444555",
      1,
      8,
      16
    ],
    [
      332545,
      6,
      "1111111123334444556",
      1,
      8,
      16
    ],
    [
      37633,
      5,
      "1111111123334445555",
      1,
      8,
      16
    ],
    [
      21249,
      5,
      "1111111123334455555",
      1,
      8,
      16
    ],
    [
      86785,
      6,
      "1111111123334455666",
      1,
      8,
      16
    ],
    [
      2817,
      4,
      "1111111123344444444",
      1,
      8,
      16
    ],
    [
      264961,
      5,
      "1111111123344444445",
      1,
      8,
      16
    ],
    [
      68353,
      5,
      "1111111123344444555",
      1,
      8,
      16
    ],
    [
      35585,
      5,
      "1111111123344445555",
      1,
      8,
      16
    ],
    [
      19201,
      5,
      "1111111123344455555",
      1,
      8,
      16
    ],
    [
      281345,
      6,
      "1111111123344455556",
      1,
      8,
      16
    ],
    [
      11009,
      5,
      "1111111123344555555",
      1,
      8,
      16
    ],
    [
      273153,
      6,
      "1111111123344555556",
      1,
      8,
      16
    ],
    [
      1793,
      4,
      "1111111123444444444",
      1,
      8,
      16
    ],
    [
      67329,
      5,
      "1111111123444444555",
      1,
      8,
      16
    ],
    [
      34561,
      5,
      "1111111123444445555",
      1,
      8,
      16
    ],
    [
      18177,
      5,
      "1111111123444455555",
      1,
      8,
      16
    ],
    [
      9985,
      5,
      "1111111123444555555",
      1,
      8,
      16
    ],
    [
      75521,
      6,
      "1111111123444555666",
      1,
      8,
      16
    ],
    [
      5889,
      5,
      "1111111123445555555",
      1,
      8,
      16
    ],
    [
      71425,
      6,
      "1111111123445555666",
      1,
      8,
      16
    ],
    [
      38657,
      6,
      "1111111123445556666",
      1,
      8,
      16
    ],
    [
      129,
      2,
      "1111111222222222222",
      1,
      7,
      8
    ],
    [
      262273,
      3,
      "1111111222222222223",
      1,
      7,
      8
    ],
    [
      131201,
      3,
      "1111111222222222233",
      1,
      7,
      8
    ],
    [
      393345,
      4,
      "1111111222222222234",
      1,
      7,
      8
    ],
    [
      65665,
      3,
      "1111111222222222333",
      1,
      7,
      8
    ],
    [
      327809,
      4,
      "1111111222222222334",
      1,
      7,
      8
    ],
    [
      196737,
      4,
      "1111111222222222344",
      1,
      7,
      8
    ],
    [
      458881,
      5,
      "1111111222222222345",
      1,
      7,
      8
    ],
    [
      32897,
      3,
      "1111111222222223333",
      1,
      7,
      8
    ],
    [
      295041,
      4,
      "1111111222222223334",
      1,
      7,
      8
    ],
    [
      163969,
      4,
      "1111111222222223344",
      1,
      7,
      8
    ],
    [
      426113,
      5,
      "1111111222222223345",
      1,
      7,
      8
    ],
    [
      98433,
      4,
      "1111111222222223444",
      1,
      7,
      8
    ],
    [
      360577,
      5,
      "1111111222222223445",
      1,
      7,
      8
    ],
    [
      229505,
      5,
      "1111111222222223455",
      1,
      7,
      8
    ],
    [
      16513,
      3,
      "1111111222222233333",
      1,
      7,
      8
    ],
    [
      278657,
      4,
      "1111111222222233334",
      1,
      7,
      8
    ],
    [
      147585,
      4,
      "1111111222222233344",
      1,
      7,
      8
    ],
    [
      409729,
      5,
      "1111111222222233345",
      1,
      7,
      8
    ],
    [
      82049,
      4,
      "1111111222222233444",
      1,
      7,
      8
    ],
    [
      344193,
      5,
      "1111111222222233445",
      1,
      7,
      8
    ],
    [
      213121,
      5,
      "1111111222222233455",
      1,
      7,
      8
    ],
    [
      475265,
      6,
      "1111111222222233456",
      1,
      7,
      8
    ],
    [
      49281,
      4,
      "1111111222222234444",
      1,
      7,
      8
    ],
    [
      311425,
      5,
      "1111111222222234445",
      1,
      7,
      8
    ],
    [
      180353,
      5,
      "1111111222222234455",
      1,
      7,
      8
    ],
    [
      114817,
      5,
      "1111111222222234555",
      1,
      7,
      8
    ],
    [
      376961,
      6,
      "1111111222222234556",
      1,
      7,
      8
    ],
    [
      8321,
      3,
      "1111111222222333333",
      1,
      7,
      8
    ],
    [
      270465,
      4,
      "1111111222222333334",
      1,
      7,
      8
    ],
    [
      139393,
      4,
      "1111111222222333344",
      1,
      7,
      8
    ],
    [
      401537,
      5,
      "1111111222222333345",
      1,
      7,
      8
    ],
    [
      73857,
      4,
      "1111111222222333444",
      1,
      7,
      8
    ],
    [
      336001,
      5,
      "1111111222222333445",
      1,
      7,
      8
    ],
    [
      204929,
      5,
      "1111111222222333455",
      1,
      7,
      8
    ],
    [
      467073,
      6,
      "1111111222222333456",
      1,
      7,
      8
    ],
    [
      41089,
      4,
      "1111111222222334444",
      1,
      7,
      8
    ],
    [
      303233,
      5,
      "1111111222222334445",
      1,
      7,
      8
    ],
    [
      172161,
      5,
      "1111111222222334455",
      1,
      7,
      8
    ],
    [
      434305,
      6,
      "1111111222222334456",
      1,
      7,
      8
    ],
    [
      106625,
      5,
      "1111111222222334555",
      1,
      7,
      8
    ],
    [
      237697,
      6,
      "1111111222222334566",
      1,
      7,
      8
    ],
    [
      24705,
      4,
      "1111111222222344444",
      1,
      7,
      8
    ],
    [
      286849,
      5,
      "1111111222222344445",
      1,
      7,
      8
    ],
    [
      155777,
      5,
      "1111111222222344455",
      1,
      7,
      8
    ],
    [
      90241,
      5,
      "1111111222222344555",
      1,
      7,
      8
    ],
    [
      352385,
      6,
      "1111111222222344556",
      1,
      7,
      8
    ],
    [
      57473,
      5,
      "1111111222222345555",
      1,
      7,
      8
    ],
    [
      319617,
      6,
      "1111111222222345556",
      1,
      7,
      8
    ],
    [
      188545,
      6,
      "1111111222222345566",
      1,
      7,
      8
    ],
    [
      4225,
      3,
      "1111111222223333333",
      1,
      7,
      8
    ],
    [
      266369,
      4,
      "1111111222223333334",
      1,
      7,
      8
    ],
    [
      135297,
      4,
      "1111111222223333344",
      1,
      7,
      8
    ],
    [
      397441,
      5,
      "1111111222223333345",
      1,
      7,
      8
    ],
    [
      69761,
      4,
      "1111111222223333444",
      1,
      7,
      8
    ],
    [
      331905,
      5,
      "1111111222223333445",
      1,
      7,
      8
    ],
    [
      200833,
      5,
      "1111111222223333455",
      1,
      7,
      8
    ],
    [
      462977,
      6,
      "1111111222223333456",
      1,
      7,
      8
    ],
    [
      36993,
      4,
      "1111111222223334444",
      1,
      7,
      8
    ],
    [
      299137,
      5,
      "1111111222223334445",
      1,
      7,
      8
    ],
    [
      168065,
      5,
      "1111111222223334455",
      1,
      7,
      8
    ],
    [
      430209,
      6,
      "1111111222223334456",
      1,
      7,
      8
    ],
    [
      102529,
      5,
      "1111111222223334555",
      1,
      7,
      8
    ],
    [
      364673,
      6,
      "1111111222223334556",
      1,
      7,
      8
    ],
    [
      233601,
      6,
      "1111111222223334566",
      1,
      7,
      8
    ],
    [
      20609,
      4,
      "1111111222223344444",
      1,
      7,
      8
    ],
    [
      282753,
      5,
      "1111111222223344445",
      1,
      7,
      8
    ],
    [
      151681,
      5,
      "1111111222223344455",
      1,
      7,
      8
    ],
    [
      413825,
      6,
      "1111111222223344456",
      1,
      7,
      8
    ],
    [
      86145,
      5,
      "1111111222223344555",
      1,
      7,
      8
    ],
    [
      217217,
      6,
      "1111111222223344566",
      1,
      7,
      8
    ],
    [
      53377,
      5,
      "1111111222223345555",
      1,
      7,
      8
    ],
    [
      315521,
      6,
      "1111111222223345556",
      1,
      7,
      8
    ],
    [
      118913,
      6,
      "1111111222223345666",
      1,
      7,
      8
    ],
    [
      12417,
      4,
      "1111111222223444444",
      1,
      7,
      8
    ],
    [
      143489,
      5,
      "1111111222223444455",
      1,
      7,
      8
    ],
    [
      77953,
      5,
      "1111111222223444555",
      1,
      7,
      8
    ],
    [
      45185,
      5,
      "1111111222223445555",
      1,
      7,
      8
    ],
    [
      176257,
      6,
      "1111111222223445566",
      1,
      7,
      8
    ],
    [
      28801,
      5,
      "1111111222223455555",
      1,
      7,
      8
    ],
    [
      159873,
      6,
      "1111111222223455566",
      1,
      7,
      8
    ],
    [
      94337,
      6,
      "1111111222223455666",
      1,
      7,
      8
    ],
    [
      2177,
      3,
      "1111111222233333333",
      1,
      7,
      8
    ],
    [
      133249,
      4,
      "1111111222233333344",
      1,
      7,
      8
    ],
    [
      67713,
      4,
      "1111111222233333444",
      1,
      7,
      8
    ],
    [
      198785,
      5,
      "1111111222233333455",
      1,
      7,
      8
    ],
    [
      34945,
      4,
      "1111111222233334444",
      1,
      7,
      8
    ],
    [
      166017,
      5,
      "1111111222233334455",
      1,
      7,
      8
    ],
    [
      100481,
      5,
      "1111111222233334555",
      1,
      7,
      8
    ],
    [
      231553,
      6,
      "1111111222233334566",
      1,
      7,
      8
    ],
    [
      18561,
      4,
      "1111111222233344444",
      1,
      7,
      8
    ],
    [
      149633,
      5,
      "1111111222233344455",
      1,
      7,
      8
    ],
    [
      84097,
      5,
      "1111111222233344555",
      1,
      7,
      8
    ],
    [
      215169,
      6,
      "1111111222233344566",
      1,
      7,
      8
    ],
    [
      51329,
      5,
      "1111111222233345555",
      1,
      7,
      8
    ],
    [
      182401,
      6,
      "1111111222233345566",
      1,
      7,
      8
    ],
    [
      116865,
      6,
      "1111111222233345666",
      1,
      7,
      8
    ],
    [
      10369,
      4,
      "1111111222233444444",
      1,
      7,
      8
    ],
    [
      75905,
      5,
      "1111111222233444555",
      1,
      7,
      8
    ],
    [
      43137,
      5,
      "1111111222233445555",
      1,
      7,
      8
    ],
    [
      108673,
      6,
      "1111111222233445666",
      1,
      7,
      8
    ],
    [
      26753,
      5,
      "1111111222233455555",
      1,
      7,
      8
    ],
    [
      59521,
      6,
      "1111111222233456666",
      1,
      7,
      8
    ],
    [
      6273,
      4,
      "1111111222234444444",
      1,
      7,
      8
    ],
    [
      137345,
      5,
      "1111111222234444455",
      1,
      7,
      8
    ],
    [
      39041,
      5,
      "1111111222234445555",
      1,
      7,
      8
    ],
    [
      170113,
      6,
      "1111111222234445566",
      1,
      7,
      8
    ],
    [
      22657,
      5,
      "1111111222234455555",
      1,
      7,
      8
    ],
    [
      153729,
      6,
      "1111111222234455566",
      1,
      7,
      8
    ],
    [
      14465,
      5,
      "1111111222234555555",
      1,
      7,
      8
    ],
    [
      47233,
      6,
      "1111111222234556666",
      1,
      7,
      8
    ],
    [
      1153,
      3,
      "1111111222333333333",
      1,
      7,
      8
    ],
    [
      263297,
      4,
      "1111111222333333334",
      1,
      7,
      8
    ],
    [
      66689,
      4,
      "1111111222333333444",
      1,
      7,
      8
    ],
    [
      328833,
      5,
      "1111111222333333445",
      1,
      7,
      8
    ],
    [
      33921,
      4,
      "1111111222333334444",
      1,
      7,
      8
    ],
    [
      99457,
      5,
      "1111111222333334555",
      1,
      7,
      8
    ],
    [
      17537,
      4,
      "1111111222333344444",
      1,
      7,
      8
    ],
    [
      279681,
      5,
      "1111111222333344445",
      1,
      7,
      8
    ],
    [
      83073,
      5,
      "1111111222333344555",
      1,
      7,
      8
    ],
    [
      345217,
      6,
      "1111111222333344556",
      1,
      7,
      8
    ],
    [
      50305,
      5,
      "1111111222333345555",
      1,
      7,
      8
    ],
    [
      115841,
      6,
      "1111111222333345666",
      1,
      7,
      8
    ],
    [
      9345,
      4,
      "1111111222333444444",
      1,
      7,
      8
    ],
    [
      271489,
      5,
      "1111111222333444445",
      1,
      7,
      8
    ],
    [
      42113,
      5,
      "1111111222333445555",
      1,
      7,
      8
    ],
    [
      25729,
      5,
      "1111111222333455555",
      1,
      7,
      8
    ],
    [
      287873,
      6,
      "1111111222333455556",
      1,
      7,
      8
    ],
    [
      58497,
      6,
      "1111111222333456666",
      1,
      7,
      8
    ],
    [
      5249,
      4,
      "1111111222334444444",
      1,
      7,
      8
    ],
    [
      267393,
      5,
      "1111111222334444445",
      1,
      7,
      8
    ],
    [
      70785,
      5,
      "1111111222334444555",
      1,
      7,
      8
    ],
    [
      21633,
      5,
      "1111111222334455555",
      1,
      7,
      8
    ],
    [
      283777,
      6,
      "1111111222334455556",
      1,
      7,
      8
    ],
    [
      13441,
      5,
      "1111111222334555555",
      1,
      7,
      8
    ],
    [
      29825,
      6,
      "1111111222334566666",
      1,
      7,
      8
    ],
    [
      3201,
      4,
      "1111111222344444444",
      1,
      7,
      8
    ],
    [
      68737,
      5,
      "1111111222344444555",
      1,
      7,
      8
    ],
    [
      35969,
      5,
      "1111111222344445555",
      1,
      7,
      8
    ],
    [
      11393,
      5,
      "1111111222344555555",
      1,
      7,
      8
    ],
    [
      44161,
      6,
      "1111111222344556666",
      1,
      7,
      8
    ],
    [
      7297,
      5,
      "1111111222345555555",
      1,
      7,
      8
    ],
    [
      641,
      3,
      "1111111223333333333",
      1,
      7,
      8
    ],
    [
      262785,
      4,
      "1111111223333333334",
      1,
      7,
      8
    ],
    [
      131713,
      4,
      "1111111223333333344",
      1,
      7,
      8
    ],
    [
      393857,
      5,
      "1111111223333333345",
      1,
      7,
      8
    ],
    [
      33409,
      4,
      "1111111223333334444",
      1,
      7,
      8
    ],
    [
      295553,
      5,
      "1111111223333334445",
      1,
      7,
      8
    ],
    [
      17025,
      4,
      "1111111223333344444",
      1,
      7,
      8
    ],
    [
      279169,
      5,
      "1111111223333344445",
      1,
      7,
      8
    ],
    [
      148097,
      5,
      "1111111223333344455",
      1,
      7,
      8
    ],
    [
      410241,
      6,
      "1111111223333344456",
      1,
      7,
      8
    ],
    [
      49793,
      5,
      "1111111223333345555",
      1,
      7,
      8
    ],
    [
      311937,
      6,
      "1111111223333345556",
      1,
      7,
      8
    ],
    [
      8833,
      4,
      "1111111223333444444",
      1,
      7,
      8
    ],
    [
      270977,
      5,
      "1111111223333444445",
      1,
      7,
      8
    ],
    [
      139905,
      5,
      "1111111223333444455",
      1,
      7,
      8
    ],
    [
      402049,
      6,
      "1111111223333444456",
      1,
      7,
      8
    ],
    [
      25217,
      5,
      "1111111223333455555",
      1,
      7,
      8
    ],
    [
      156289,
      6,
      "1111111223333455566",
      1,
      7,
      8
    ],
    [
      4737,
      4,
      "1111111223334444444",
      1,
      7,
      8
    ],
    [
      266881,
      5,
      "1111111223334444445",
      1,
      7,
      8
    ],
    [
      135809,
      5,
      "1111111223334444455",
      1,
      7,
      8
    ],
    [
      397953,
      6,
      "1111111223334444456",
      1,
      7,
      8
    ],
    [
      37505,
      5,
      "1111111223334445555",
      1,
      7,
      8
    ],
    [
      12929,
      5,
      "1111111223334555555",
      1,
      7,
      8
    ],
    [
      144001,
      6,
      "1111111223334555566",
      1,
      7,
      8
    ],
    [
      2689,
      4,
      "1111111223344444444",
      1,
      7,
      8
    ],
    [
      133761,
      5,
      "1111111223344444455",
      1,
      7,
      8
    ],
    [
      35457,
      5,
      "1111111223344445555",
      1,
      7,
      8
    ],
    [
      19073,
      5,
      "1111111223344455555",
      1,
      7,
      8
    ],
    [
      150145,
      6,
      "1111111223344455566",
      1,
      7,
      8
    ],
    [
      51841,
      6,
      "1111111223344456666",
      1,
      7,
      8
    ],
    [
      6785,
      5,
      "1111111223345555555",
      1,
      7,
      8
    ],
    [
      137857,
      6,
      "1111111223345555566",
      1,
      7,
      8
    ],
    [
      39553,
      6,
      "1111111223345556666",
      1,
      7,
      8
    ],
    [
      1665,
      4,
      "1111111223444444444",
      1,
      7,
      8
    ],
    [
      263809,
      5,
      "1111111223444444445",
      1,
      7,
      8
    ],
    [
      34433,
      5,
      "1111111223444445555",
      1,
      7,
      8
    ],
    [
      18049,
      5,
      "1111111223444455555",
      1,
      7,
      8
    ],
    [
      280193,
      6,
      "1111111223444455556",
      1,
      7,
      8
    ],
    [
      9857,
      5,
      "1111111223444555555",
      1,
      7,
      8
    ],
    [
      272001,
      6,
      "1111111223444555556",
      1,
      7,
      8
    ],
    [
      3713,
      5,
      "1111111223455555555",
      1,
      7,
      8
    ],
    [
      36481,
      6,
      "1111111223455556666",
      1,
      7,
      8
    ],
    [
      385,
      3,
      "1111111233333333333",
      1,
      7,
      8
    ],
    [
      262529,
      4,
      "1111111233333333334",
      1,
      7,
      8
    ],
    [
      131457,
      4,
      "1111111233333333344",
      1,
      7,
      8
    ],
    [
      65921,
      4,
      "1111111233333333444",
      1,
      7,
      8
    ],
    [
      328065,
      5,
      "1111111233333333445",
      1,
      7,
      8
    ],
    [
      16769,
      4,
      "1111111233333344444",
      1,
      7,
      8
    ],
    [
      278913,
      5,
      "1111111233333344445",
      1,
      7,
      8
    ],
    [
      147841,
      5,
      "1111111233333344455",
      1,
      7,
      8
    ],
    [
      82305,
      5,
      "1111111233333344555",
      1,
      7,
      8
    ],
    [
      344449,
      6,
      "1111111233333344556",
      1,
      7,
      8
    ],
    [
      8577,
      4,
      "1111111233333444444",
      1,
      7,
      8
    ],
    [
      270721,
      5,
      "1111111233333444445",
      1,
      7,
      8
    ],
    [
      139649,
      5,
      "1111111233333444455",
      1,
      7,
      8
    ],
    [
      74113,
      5,
      "1111111233333444555",
      1,
      7,
      8
    ],
    [
      336257,
      6,
      "1111111233333444556",
      1,
      7,
      8
    ],
    [
      4481,
      4,
      "1111111233334444444",
      1,
      7,
      8
    ],
    [
      266625,
      5,
      "1111111233334444445",
      1,
      7,
      8
    ],
    [
      135553,
      5,
      "1111111233334444455",
      1,
      7,
      8
    ],
    [
      70017,
      5,
      "1111111233334444555",
      1,
      7,
      8
    ],
    [
      332161,
      6,
      "1111111233334444556",
      1,
      7,
      8
    ],
    [
      20865,
      5,
      "1111111233334455555",
      1,
      7,
      8
    ],
    [
      151937,
      6,
      "1111111233334455566",
      1,
      7,
      8
    ],
    [
      86401,
      6,
      "1111111233334455666",
      1,
      7,
      8
    ],
    [
      2433,
      4,
      "1111111233344444444",
      1,
      7,
      8
    ],
    [
      133505,
      5,
      "1111111233344444455",
      1,
      7,
      8
    ],
    [
      67969,
      5,
      "1111111233344444555",
      1,
      7,
      8
    ],
    [
      18817,
      5,
      "1111111233344455555",
      1,
      7,
      8
    ],
    [
      84353,
      6,
      "1111111233344455666",
      1,
      7,
      8
    ],
    [
      10625,
      5,
      "1111111233344555555",
      1,
      7,
      8
    ],
    [
      1409,
      4,
      "1111111233444444444",
      1,
      7,
      8
    ],
    [
      66945,
      5,
      "1111111233444444555",
      1,
      7,
      8
    ],
    [
      17793,
      5,
      "1111111233444455555",
      1,
      7,
      8
    ],
    [
      9601,
      5,
      "1111111233444555555",
      1,
      7,
      8
    ],
    [
      5505,
      5,
      "1111111233445555555",
      1,
      7,
      8
    ],
    [
      71041,
      6,
      "1111111233445555666",
      1,
      7,
      8
    ],
    [
      897,
      4,
      "1111111234444444444",
      1,
      7,
      8
    ],
    [
      263041,
      5,
      "1111111234444444445",
      1,
      7,
      8
    ],
    [
      17281,
      5,
      "1111111234444455555",
      1,
      7,
      8
    ],
    [
      279425,
      6,
      "1111111234444455556",
      1,
      7,
      8
    ],
    [
      9089,
      5,
      "1111111234444555555",
      1,
      7,
      8
    ],
    [
      271233,
      6,
      "1111111234444555556",
      1,
      7,
      8
    ],
    [
      4993,
      5,
      "1111111234445555555",
      1,
      7,
      8
    ],
    [
      267137,
      6,
      "1111111234445555556",
      1,
      7,
      8
    ],
    [
      2945,
      5,
      "1111111234455555555",
      1,
      7,
      8
    ],
    [
      19329,
      6,
      "1111111234455566666",
      1,
      7,
      8
    ],
    [
      65,
      2,
      "1111112222222222222",
      1,
      6,
      4
    ],
    [
      262209,
      3,
      "1111112222222222223",
      1,
      6,
      4
    ],
    [
      131137,
      3,
      "1111112222222222233",
      1,
      6,
      4
    ],
    [
      393281,
      4,
      "1111112222222222234",
      1,
      6,
      4
    ],
    [
      65601,
      3,
      "1111112222222222333",
      1,
      6,
      4
    ],
    [
      327745,
      4,
      "1111112222222222334",
      1,
      6,
      4
    ],
    [
      196673,
      4,
      "1111112222222222344",
      1,
      6,
      4
    ],
    [
      458817,
      5,
      "1111112222222222345",
      1,
      6,
      4
    ],
    [
      32833,
      3,
      "1111112222222223333",
      1,
      6,
      4
    ],
    [
      294977,
      4,
      "1111112222222223334",
      1,
      6,
      4
    ],
    [
      163905,
      4,
      "1111112222222223344",
      1,
      6,
      4
    ],
    [
      426049,
      5,
      "1111112222222223345",
      1,
      6,
      4
    ],
    [
      98369,
      4,
      "1111112222222223444",
      1,
      6,
      4
    ],
    [
      360513,
      5,
      "1111112222222223445",
      1,
      6,
      4
    ],
    [
      229441,
      5,
      "1111112222222223455",
      1,
      6,
      4
    ],
    [
      16449,
      3,
      "1111112222222233333",
      1,
      6,
      4
    ],
    [
      278593,
      4,
      "1111112222222233334",
      1,
      6,
      4
    ],
    [
      147521,
      4,
      "1111112222222233344",
      1,
      6,
      4
    ],
    [
      409665,
      5,
      "1111112222222233345",
      1,
      6,
      4
    ],
    [
      81985,
      4,
      "1111112222222233444",
      1,
      6,
      4
    ],
    [
      344129,
      5,
      "1111112222222233445",
      1,
      6,
      4
    ],
    [
      213057,
      5,
      "1111112222222233455",
      1,
      6,
      4
    ],
    [
      475201,
      6,
      "1111112222222233456",
      1,
      6,
      4
    ],
    [
      49217,
      4,
      "1111112222222234444",
      1,
      6,
      4
    ],
    [
      311361,
      5,
      "1111112222222234445",
      1,
      6,
      4
    ],
    [
      180289,
      5,
      "1111112222222234455",
      1,
      6,
      4
    ],
    [
      114753,
      5,
      "1111112222222234555",
      1,
      6,
      4
    ],
    [
      376897,
      6,
      "1111112222222234556",
      1,
      6,
      4
    ],
    [
      8257,
      3,
      "1111112222222333333",
      1,
      6,
      4
    ],
    [
      270401,
      4,
      "1111112222222333334",
      1,
      6,
      4
    ],
    [
      139329,
      4,
      "1111112222222333344",
      1,
      6,
      4
    ],
    [
      401473,
      5,
      "1111112222222333345",
      1,
      6,
      4
    ],
    [
      73793,
      4,
      "1111112222222333444",
      1,
      6,
      4
    ],
    [
      335937,
      5,
      "1111112222222333445",
      1,
      6,
      4
    ],
    [
      204865,
      5,
      "1111112222222333455",
      1,
      6,
      4
    ],
    [
      467009,
      6,
      "1111112222222333456",
      1,
      6,
      4
    ],
    [
      41025,
      4,
      "1111112222222334444",
      1,
      6,
      4
    ],
    [
      303169,
      5,
      "1111112222222334445",
      1,
      6,
      4
    ],
    [
      172097,
      5,
      "1111112222222334455",
      1,
      6,
      4
    ],
    [
      434241,
      6,
      "1111112222222334456",
      1,
      6,
      4
    ],
    [
      106561,
      5,
      "1111112222222334555",
      1,
      6,
      4
    ],
    [
      237633,
      6,
      "1111112222222334566",
      1,
      6,
      4
    ],
    [
      24641,
      4,
      "1111112222222344444",
      1,
      6,
      4
    ],
    [
      286785,
      5,
      "1111112222222344445",
      1,
      6,
      4
    ],
    [
      155713,
      5,
      "1111112222222344455",
      1,
      6,
      4
    ],
    [
      90177,
      5,
      "1111112222222344555",
      1,
      6,
      4
    ],
    [
      352321,
      6,
      "1111112222222344556",
      1,
      6,
      4
    ],
    [
      57409,
      5,
      "1111112222222345555",
      1,
      6,
      4
    ],
    [
      319553,
      6,
      "1111112222222345556",
      1,
      6,
      4
    ],
    [
      188481,
      6,
      "1111112222222345566",
      1,
      6,
      4
    ],
    [
      4161,
      3,
      "1111112222223333333",
      1,
      6,
      4
    ],
    [
      135233,
      4,
      "1111112222223333344",
      1,
      6,
      4
    ],
    [
      69697,
      4,
      "1111112222223333444",
      1,
      6,
      4
    ],
    [
      200769,
      5,
      "1111112222223333455",
      1,
      6,
      4
    ],
    [
      36929,
      4,
      "1111112222223334444",
      1,
      6,
      4
    ],
    [
      168001,
      5,
      "1111112222223334455",
      1,
      6,
      4
    ],
    [
      102465,
      5,
      "1111112222223334555",
      1,
      6,
      4
    ],
    [
      233537,
      6,
      "1111112222223334566",
      1,
      6,
      4
    ],
    [
      20545,
      4,
      "1111112222223344444",
      1,
      6,
      4
    ],
    [
      151617,
      5,
      "1111112222223344455",
      1,
      6,
      4
    ],
    [
      86081,
      5,
      "1111112222223344555",
      1,
      6,
      4
    ],
    [
      217153,
      6,
      "1111112222223344566",
      1,
      6,
      4
    ],
    [
      53313,
      5,
      "1111112222223345555",
      1,
      6,
      4
    ],
    [
      118849,
      6,
      "1111112222223345666",
      1,
      6,
      4
    ],
    [
      12353,
      4,
      "1111112222223444444",
      1,
      6,
      4
    ],
    [
      143425,
      5,
      "1111112222223444455",
      1,
      6,
      4
    ],
    [
      77889,
      5,
      "1111112222223444555",
      1,
      6,
      4
    ],
    [
      45121,
      5,
      "1111112222223445555",
      1,
      6,
      4
    ],
    [
      176193,
      6,
      "1111112222223445566",
      1,
      6,
      4
    ],
    [
      28737,
      5,
      "1111112222223455555",
      1,
      6,
      4
    ],
    [
      159809,
      6,
      "1111112222223455566",
      1,
      6,
      4
    ],
    [
      94273,
      6,
      "1111112222223455666",
      1,
      6,
      4
    ],
    [
      2113,
      3,
      "1111112222233333333",
      1,
      6,
      4
    ],
    [
      264257,
      4,
      "1111112222233333334",
      1,
      6,
      4
    ],
    [
      67649,
      4,
      "1111112222233333444",
      1,
      6,
      4
    ],
    [
      329793,
      5,
      "1111112222233333445",
      1,
      6,
      4
    ],
    [
      34881,
      4,
      "1111112222233334444",
      1,
      6,
      4
    ],
    [
      297025,
      5,
      "1111112222233334445",
      1,
      6,
      4
    ],
    [
      100417,
      5,
      "1111112222233334555",
      1,
      6,
      4
    ],
    [
      362561,
      6,
      "1111112222233334556",
      1,
      6,
      4
    ],
    [
      18497,
      4,
      "1111112222233344444",
      1,
      6,
      4
    ],
    [
      280641,
      5,
      "1111112222233344445",
      1,
      6,
      4
    ],
    [
      84033,
      5,
      "1111112222233344555",
      1,
      6,
      4
    ],
    [
      346177,
      6,
      "1111112222233344556",
      1,
      6,
      4
    ],
    [
      51265,
      5,
      "1111112222233345555",
      1,
      6,
      4
    ],
    [
      116801,
      6,
      "1111112222233345666",
      1,
      6,
      4
    ],
    [
      10305,
      4,
      "1111112222233444444",
      1,
      6,
      4
    ],
    [
      75841,
      5,
      "1111112222233444555",
      1,
      6,
      4
    ],
    [
      43073,
      5,
      "1111112222233445555",
      1,
      6,
      4
    ],
    [
      108609,
      6,
      "1111112222233445666",
      1,
      6,
      4
    ],
    [
      26689,
      5,
      "1111112222233455555",
      1,
      6,
      4
    ],
    [
      59457,
      6,
      "1111112222233456666",
      1,
      6,
      4
    ],
    [
      6209,
      4,
      "1111112222234444444",
      1,
      6,
      4
    ],
    [
      71745,
      5,
      "1111112222234444555",
      1,
      6,
      4
    ],
    [
      38977,
      5,
      "1111112222234445555",
      1,
      6,
      4
    ],
    [
      22593,
      5,
      "1111112222234455555",
      1,
      6,
      4
    ],
    [
      88129,
      6,
      "1111112222234455666",
      1,
      6,
      4
    ],
    [
      14401,
      5,
      "1111112222234555555",
      1,
      6,
      4
    ],
    [
      79937,
      6,
      "1111112222234555666",
      1,
      6,
      4
    ],
    [
      47169,
      6,
      "1111112222234556666",
      1,
      6,
      4
    ],
    [
      1089,
      3,
      "1111112222333333333",
      1,
      6,
      4
    ],
    [
      263233,
      4,
      "1111112222333333334",
      1,
      6,
      4
    ],
    [
      132161,
      4,
      "1111112222333333344",
      1,
      6,
      4
    ],
    [
      394305,
      5,
      "1111112222333333345",
      1,
      6,
      4
    ],
    [
      33857,
      4,
      "1111112222333334444",
      1,
      6,
      4
    ],
    [
      296001,
      5,
      "1111112222333334445",
      1,
      6,
      4
    ],
    [
      164929,
      5,
      "1111112222333334455",
      1,
      6,
      4
    ],
    [
      427073,
      6,
      "1111112222333334456",
      1,
      6,
      4
    ],
    [
      17473,
      4,
      "1111112222333344444",
      1,
      6,
      4
    ],
    [
      148545,
      5,
      "1111112222333344455",
      1,
      6,
      4
    ],
    [
      50241,
      5,
      "1111112222333345555",
      1,
      6,
      4
    ],
    [
      181313,
      6,
      "1111112222333345566",
      1,
      6,
      4
    ],
    [
      9281,
      4,
      "1111112222333444444",
      1,
      6,
      4
    ],
    [
      271425,
      5,
      "1111112222333444445",
      1,
      6,
      4
    ],
    [
      42049,
      5,
      "1111112222333445555",
      1,
      6,
      4
    ],
    [
      25665,
      5,
      "1111112222333455555",
      1,
      6,
      4
    ],
    [
      58433,
      6,
      "1111112222333456666",
      1,
      6,
      4
    ],
    [
      5185,
      4,
      "1111112222334444444",
      1,
      6,
      4
    ],
    [
      136257,
      5,
      "1111112222334444455",
      1,
      6,
      4
    ],
    [
      37953,
      5,
      "1111112222334445555",
      1,
      6,
      4
    ],
    [
      21569,
      5,
      "1111112222334455555",
      1,
      6,
      4
    ],
    [
      152641,
      6,
      "1111112222334455566",
      1,
      6,
      4
    ],
    [
      54337,
      6,
      "1111112222334456666",
      1,
      6,
      4
    ],
    [
      13377,
      5,
      "1111112222334555555",
      1,
      6,
      4
    ],
    [
      29761,
      6,
      "1111112222334566666",
      1,
      6,
      4
    ],
    [
      3137,
      4,
      "1111112222344444444",
      1,
      6,
      4
    ],
    [
      265281,
      5,
      "1111112222344444445",
      1,
      6,
      4
    ],
    [
      19521,
      5,
      "1111112222344455555",
      1,
      6,
      4
    ],
    [
      11329,
      5,
      "1111112222344555555",
      1,
      6,
      4
    ],
    [
      7233,
      5,
      "1111112222345555555",
      1,
      6,
      4
    ],
    [
      23617,
      6,
      "1111112222345566666",
      1,
      6,
      4
    ],
    [
      577,
      3,
      "1111112223333333333",
      1,
      6,
      4
    ],
    [
      262721,
      4,
      "1111112223333333334",
      1,
      6,
      4
    ],
    [
      131649,
      4,
      "1111112223333333344",
      1,
      6,
      4
    ],
    [
      393793,
      5,
      "1111112223333333345",
      1,
      6,
      4
    ],
    [
      66113,
      4,
      "1111112223333333444",
      1,
      6,
      4
    ],
    [
      328257,
      5,
      "1111112223333333445",
      1,
      6,
      4
    ],
    [
      197185,
      5,
      "1111112223333333455",
      1,
      6,
      4
    ],
    [
      459329,
      6,
      "1111112223333333456",
      1,
      6,
      4
    ],
    [
      16961,
      4,
      "1111112223333344444",
      1,
      6,
      4
    ],
    [
      279105,
      5,
      "1111112223333344445",
      1,
      6,
      4
    ],
    [
      82497,
      5,
      "1111112223333344555",
      1,
      6,
      4
    ],
    [
      344641,
      6,
      "1111112223333344556",
      1,
      6,
      4
    ],
    [
      8769,
      4,
      "1111112223333444444",
      1,
      6,
      4
    ],
    [
      270913,
      5,
      "1111112223333444445",
      1,
      6,
      4
    ],
    [
      139841,
      5,
      "1111112223333444455",
      1,
      6,
      4
    ],
    [
      401985,
      6,
      "1111112223333444456",
      1,
      6,
      4
    ],
    [
      25153,
      5,
      "1111112223333455555",
      1,
      6,
      4
    ],
    [
      4673,
      4,
      "1111112223334444444",
      1,
      6,
      4
    ],
    [
      135745,
      5,
      "1111112223334444455",
      1,
      6,
      4
    ],
    [
      70209,
      5,
      "1111112223334444555",
      1,
      6,
      4
    ],
    [
      201281,
      6,
      "1111112223334444566",
      1,
      6,
      4
    ],
    [
      21057,
      5,
      "1111112223334455555",
      1,
      6,
      4
    ],
    [
      86593,
      6,
      "1111112223334455666",
      1,
      6,
      4
    ],
    [
      12865,
      5,
      "1111112223334555555",
      1,
      6,
      4
    ],
    [
      143937,
      6,
      "1111112223334555566",
      1,
      6,
      4
    ],
    [
      29249,
      6,
      "1111112223334566666",
      1,
      6,
      4
    ],
    [
      2625,
      4,
      "1111112223344444444",
      1,
      6,
      4
    ],
    [
      264769,
      5,
      "1111112223344444445",
      1,
      6,
      4
    ],
    [
      68161,
      5,
      "1111112223344444555",
      1,
      6,
      4
    ],
    [
      10817,
      5,
      "1111112223344555555",
      1,
      6,
      4
    ],
    [
      6721,
      5,
      "1111112223345555555",
      1,
      6,
      4
    ],
    [
      72257,
      6,
      "1111112223345555666",
      1,
      6,
      4
    ],
    [
      14913,
      6,
      "1111112223345666666",
      1,
      6,
      4
    ],
    [
      1601,
      4,
      "1111112223444444444",
      1,
      6,
      4
    ],
    [
      263745,
      5,
      "1111112223444444445",
      1,
      6,
      4
    ],
    [
      132673,
      5,
      "1111112223444444455",
      1,
      6,
      4
    ],
    [
      17985,
      5,
      "1111112223444455555",
      1,
      6,
      4
    ],
    [
      5697,
      5,
      "1111112223445555555",
      1,
      6,
      4
    ],
    [
      136769,
      6,
      "1111112223445555566",
      1,
      6,
      4
    ],
    [
      22081,
      6,
      "1111112223445566666",
      1,
      6,
      4
    ],
    [
      3649,
      5,
      "1111112223455555555",
      1,
      6,
      4
    ],
    [
      265793,
      6,
      "1111112223455555556",
      1,
      6,
      4
    ],
    [
      321,
      3,
      "1111112233333333333",
      1,
      6,
      4
    ],
    [
      262465,
      4,
      "1111112233333333334",
      1,
      6,
      4
    ],
    [
      131393,
      4,
      "1111112233333333344",
      1,
      6,
      4
    ],
    [
      393537,
      5,
      "1111112233333333345",
      1,
      6,
      4
    ],
    [
      65857,
      4,
      "1111112233333333444",
      1,
      6,
      4
    ],
    [
      196929,
      5,
      "1111112233333333455",
      1,
      6,
      4
    ],
    [
      33089,
      4,
      "1111112233333334444",
      1,
      6,
      4
    ],
    [
      295233,
      5,
      "1111112233333334445",
      1,
      6,
      4
    ],
    [
      98625,
      5,
      "1111112233333334555",
      1,
      6,
      4
    ],
    [
      8513,
      4,
      "1111112233333444444",
      1,
      6,
      4
    ],
    [
      270657,
      5,
      "1111112233333444445",
      1,
      6,
      4
    ],
    [
      139585,
      5,
      "1111112233333444455",
      1,
      6,
      4
    ],
    [
      401729,
      6,
      "1111112233333444456",
      1,
      6,
      4
    ],
    [
      74049,
      5,
      "1111112233333444555",
      1,
      6,
      4
    ],
    [
      205121,
      6,
      "1111112233333444566",
      1,
      6,
      4
    ],
    [
      4417,
      4,
      "1111112233334444444",
      1,
      6,
      4
    ],
    [
      135489,
      5,
      "1111112233334444455",
      1,
      6,
      4
    ],
    [
      69953,
      5,
      "1111112233334444555",
      1,
      6,
      4
    ],
    [
      201025,
      6,
      "1111112233334444566",
      1,
      6,
      4
    ],
    [
      37185,
      5,
      "1111112233334445555",
      1,
      6,
      4
    ],
    [
      102721,
      6,
      "1111112233334445666",
      1,
      6,
      4
    ],
    [
      12609,
      5,
      "1111112233334555555",
      1,
      6,
      4
    ],
    [
      78145,
      6,
      "1111112233334555666",
      1,
      6,
      4
    ],
    [
      2369,
      4,
      "1111112233344444444",
      1,
      6,
      4
    ],
    [
      264513,
      5,
      "1111112233344444445",
      1,
      6,
      4
    ],
    [
      67905,
      5,
      "1111112233344444555",
      1,
      6,
      4
    ],
    [
      35137,
      5,
      "1111112233344445555",
      1,
      6,
      4
    ],
    [
      100673,
      6,
      "1111112233344445666",
      1,
      6,
      4
    ],
    [
      6465,
      5,
      "1111112233345555555",
      1,
      6,
      4
    ],
    [
      72001,
      6,
      "1111112233345555666",
      1,
      6,
      4
    ],
    [
      1345,
      4,
      "1111112233444444444",
      1,
      6,
      4
    ],
    [
      132417,
      5,
      "1111112233444444455",
      1,
      6,
      4
    ],
    [
      34113,
      5,
      "1111112233444445555",
      1,
      6,
      4
    ],
    [
      9537,
      5,
      "1111112233444555555",
      1,
      6,
      4
    ],
    [
      3393,
      5,
      "1111112233455555555",
      1,
      6,
      4
    ],
    [
      833,
      4,
      "1111112234444444444",
      1,
      6,
      4
    ],
    [
      262977,
      5,
      "1111112234444444445",
      1,
      6,
      4
    ],
    [
      66369,
      5,
      "1111112234444444555",
      1,
      6,
      4
    ],
    [
      9025,
      5,
      "1111112234444555555",
      1,
      6,
      4
    ],
    [
      271169,
      6,
      "1111112234444555556",
      1,
      6,
      4
    ],
    [
      4929,
      5,
      "1111112234445555555",
      1,
      6,
      4
    ],
    [
      70465,
      6,
      "1111112234445555666",
      1,
      6,
      4
    ],
    [
      1857,
      5,
      "1111112234555555555",
      1,
      6,
      4
    ],
    [
      193,
      3,
      "1111112333333333333",
      1,
      6,
      4
    ],
    [
      262337,
      4,
      "1111112333333333334",
      1,
      6,
      4
    ],
    [
      131265,
      4,
      "1111112333333333344",
      1,
      6,
      4
    ],
    [
      65729,
      4,
      "1111112333333333444",
      1,
      6,
      4
    ],
    [
      327873,
      5,
      "1111112333333333445",
      1,
      6,
      4
    ],
    [
      32961,
      4,
      "1111112333333334444",
      1,
      6,
      4
    ],
    [
      295105,
      5,
      "1111112333333334445",
      1,
      6,
      4
    ],
    [
      164033,
      5,
      "1111112333333334455",
      1,
      6,
      4
    ],
    [
      16577,
      4,
      "1111112333333344444",
      1,
      6,
      4
    ],
    [
      278721,
      5,
      "1111112333333344445",
      1,
      6,
      4
    ],
    [
      147649,
      5,
      "1111112333333344455",
      1,
      6,
      4
    ],
    [
      82113,
      5,
      "1111112333333344555",
      1,
      6,
      4
    ],
    [
      344257,
      6,
      "1111112333333344556",
      1,
      6,
      4
    ],
    [
      4289,
      4,
      "1111112333334444444",
      1,
      6,
      4
    ],
    [
      135361,
      5,
      "1111112333334444455",
      1,
      6,
      4
    ],
    [
      69825,
      5,
      "1111112333334444555",
      1,
      6,
      4
    ],
    [
      37057,
      5,
      "1111112333334445555",
      1,
      6,
      4
    ],
    [
      168129,
      6,
      "1111112333334445566",
      1,
      6,
      4
    ],
    [
      20673,
      5,
      "1111112333334455555",
      1,
      6,
      4
    ],
    [
      151745,
      6,
      "1111112333334455566",
      1,
      6,
      4
    ],
    [
      86209,
      6,
      "1111112333334455666",
      1,
      6,
      4
    ],
    [
      2241,
      4,
      "1111112333344444444",
      1,
      6,
      4
    ],
    [
      67777,
      5,
      "1111112333344444555",
      1,
      6,
      4
    ],
    [
      35009,
      5,
      "1111112333344445555",
      1,
      6,
      4
    ],
    [
      18625,
      5,
      "1111112333344455555",
      1,
      6,
      4
    ],
    [
      84161,
      6,
      "1111112333344455666",
      1,
      6,
      4
    ],
    [
      1217,
      4,
      "1111112333444444444",
      1,
      6,
      4
    ],
    [
      263361,
      5,
      "1111112333444444445",
      1,
      6,
      4
    ],
    [
      33985,
      5,
      "1111112333444445555",
      1,
      6,
      4
    ],
    [
      17601,
      5,
      "1111112333444455555",
      1,
      6,
      4
    ],
    [
      5313,
      5,
      "1111112333445555555",
      1,
      6,
      4
    ],
    [
      21697,
      6,
      "1111112333445566666",
      1,
      6,
      4
    ],
    [
      705,
      4,
      "1111112334444444444",
      1,
      6,
      4
    ],
    [
      262849,
      5,
      "1111112334444444445",
      1,
      6,
      4
    ],
    [
      131777,
      5,
      "1111112334444444455",
      1,
      6,
      4
    ],
    [
      17089,
      5,
      "1111112334444455555",
      1,
      6,
      4
    ],
    [
      279233,
      6,
      "1111112334444455556",
      1,
      6,
      4
    ],
    [
      4801,
      5,
      "1111112334445555555",
      1,
      6,
      4
    ],
    [
      135873,
      6,
      "1111112334445555566",
      1,
      6,
      4
    ],
    [
      2753,
      5,
      "1111112334455555555",
      1,
      6,
      4
    ],
    [
      449,
      4,
      "1111112344444444444",
      1,
      6,
      4
    ],
    [
      262593,
      5,
      "1111112344444444445",
      1,
      6,
      4
    ],
    [
      131521,
      5,
      "1111112344444444455",
      1,
      6,
      4
    ],
    [
      65985,
      5,
      "1111112344444444555",
      1,
      6,
      4
    ],
    [
      4545,
      5,
      "1111112344445555555",
      1,
      6,
      4
    ],
    [
      135617,
      6,
      "1111112344445555566",
      1,
      6,
      4
    ],
    [
      70081,
      6,
      "1111112344445555666",
      1,
      6,
      4
    ],
    [
      2497,
      5,
      "1111112344455555555",
      1,
      6,
      4
    ],
    [
      68033,
      6,
      "1111112344455555666",
      1,
      6,
      4
    ],
    [
      1473,
      5,
      "1111112344555555555",
      1,
      6,
      4
    ],
    [
      33,
      2,
      "1111122222222222222",
      1,
      5,
      2
    ],
    [
      262177,
      3,
      "1111122222222222223",
      1,
      5,
      2
    ],
    [
      131105,
      3,
      "1111122222222222233",
      1,
      5,
      2
    ],
    [
      393249,
      4,
      "1111122222222222234",
      1,
      5,
      2
    ],
    [
      65569,
      3,
      "1111122222222222333",
      1,
      5,
      2
    ],
    [
      327713,
      4,
      "1111122222222222334",
      1,
      5,
      2
    ],
    [
      196641,
      4,
      "1111122222222222344",
      1,
      5,
      2
    ],
    [
      458785,
      5,
      "1111122222222222345",
      1,
      5,
      2
    ],
    [
      32801,
      3,
      "1111122222222223333",
      1,
      5,
      2
    ],
    [
      294945,
      4,
      "1111122222222223334",
      1,
      5,
      2
    ],
    [
      163873,
      4,
      "1111122222222223344",
      1,
      5,
      2
    ],
    [
      426017,
      5,
      "1111122222222223345",
      1,
      5,
      2
    ],
    [
      98337,
      4,
      "1111122222222223444",
      1,
      5,
      2
    ],
    [
      360481,
      5,
      "1111122222222223445",
      1,
      5,
      2
    ],
    [
      229409,
      5,
      "1111122222222223455",
      1,
      5,
      2
    ],
    [
      16417,
      3,
      "1111122222222233333",
      1,
      5,
      2
    ],
    [
      278561,
      4,
      "1111122222222233334",
      1,
      5,
      2
    ],
    [
      147489,
      4,
      "1111122222222233344",
      1,
      5,
      2
    ],
    [
      409633,
      5,
      "1111122222222233345",
      1,
      5,
      2
    ],
    [
      81953,
      4,
      "1111122222222233444",
      1,
      5,
      2
    ],
    [
      344097,
      5,
      "1111122222222233445",
      1,
      5,
      2
    ],
    [
      213025,
      5,
      "1111122222222233455",
      1,
      5,
      2
    ],
    [
      475169,
      6,
      "1111122222222233456",
      1,
      5,
      2
    ],
    [
      49185,
      4,
      "1111122222222234444",
      1,
     